region,MHI,MHI,MHI,MHI,MHI,MHI,MHI,MHI,MHI,MHI,MHI,MHI,MHI,MHI,MHI,MHI,MHI,MHI,MHI,MHI,MHI,MHI,MHI,MHI,MHI,MHI,MHI,MHI,MHI,MHI,MHI,MHI,MHI,MHI,MHI,MHI,MHI,MHI,MHI,MHI,MHI,MHI,MHI,MHI,MHI,MHI,MHI,MHI,MHI,MHI,MHI,MHI,MHI,MHI,MHI,MHI,MHI,MHI,MHI,MHI,MHI,MHI,MHI,MHI,MHI,MHI,MHI,MHI,MHI,MHI,MHI,MHI,MHI,MHI,MHI,MHI,MHI,MHI,MHI,MHI,MHI,MHI,MHI,MHI,MHI,MHI,MHI,MHI,MHI,MHI,MHI,MHI,MHI,MHI,MHI,MHI,MHI,MHI,MHI,MHI,MHI,MHI,MHI,MHI,MHI,MHI,MHI,MHI,MHI,MHI,MHI,MHI,MHI,MHI,MHI,MHI,MHI,MHI,MHI,MHI,MHI,MTMNM,MTMNM,MTMNM,MTMNM,MTMNM,MTMNM,MTMNM,MTMNM,MTMNM,MTMNM,MTMNM,MTMNM,MTMNM,MTMNM,MTMNM,MTMNM,MTMNM,MTMNM,MTMNM,MTMNM,MTMNM,MTMNM,MTMNM,MTMNM,MTMNM,MTMNM,MTMNM,MTMNM,MTMNM,MTMNM,MTMNM,MTMNM,MTMNM,MTMNM,MTMNM,MTMNM,MTMNM,MTMNM,MTMNM,MTMNM,MTMNM,MTMNM,NMI,NMI,NMI,NMI,NMI,NMI,NMI,NMI,NMI,NMI,NMI,NMI,NMI,NMI,NMI,NMI,NMI,NMI,NMI,NMI,NMI,NMI,NMI,NMI,NMI,NMI,NMI,NMI,NMI,NMI,NMI,NMI,NMI,NMI,NMI,NMI,NMI,NMI,NMI,NMI,NMI,NMI,NMI,NMI,NMI,NMI,NMI,NMI,NMI,NMI,NMI,NMI,NMI,NMI,NMI,NMI,NMI,NMI,NMI,NMI,NMI,NMI,NMI,NMI,NMI,NMI,NMI,NMI,NMI,NMI,NMI,NMI,NMI,NMI,NMI,NMI,NMI,NMI,NMI,NMI,NMI,NMI,NMI,NMI,NMI,NMI,NMI,NMI,NMI,NMI,NMI,NMI,NMI,Palau,Palau,Palau,Palau,Palau,Palau,Palau,Palau,Palau,Palau,Palau,Palau,Palau,Palau,Palau,Palau,Palau,Palau,Palau,Palau,Palau,Palau,Palau,Palau,Palau,Palau,Palau,Palau,Palau,Palau,Palau,Palau,Palau,Palau,Palau,Palau,Palau,Palau,Palau,Palau,Palau,Palau,Palau,Palau,Palau,Palau,Palau,Palau,Palau,Palau,Palau,Palau,Palau,Palau,Palau,Palau,Palau,Palau,Palau,Palau,Palau,Palau,Palau,Palau,Palau,Palau,Palau,Palau,Palau,Palau,Palau,Palau,Palau,Palau,Palau,Guam,Guam,Guam,Guam,Guam,Guam,Guam,Guam,Guam,Guam,Guam,Guam,Guam,Guam,Guam,Guam,Guam
id,CAME010120-1,CAME010120-2,CAME010120-4,CAME010120-5,CAME010120-6,CAME021620-3,CAME021620-7,CAME062020-1,CAME062020-2,CAME0721-16,CAME0721-3,CAME0721-4,CAME0721-5,CAME0811-13-M,CAME0811-20-M,CAME0811-7-M,CAME0811-9-M,CAME0818-9-M,CAME0825-4,CAME0902-2-M,CAME0902-4-M,CAME0902-6-M,CAME090820-1M,CAME091120-1M,CAME091520-1M,CAME0916-11,CAME0916-16,CAME091720-1,CAME091820-1a,CAME092019-11,CAME092019-12,CAME092019-13,CAME092019-23,CAME092019-25,CAME092019-26,CAME092019-28,CAME092019-29,CAME092019-34,CAME092019-35,CAME092019-36,CAME092019-37,CAME092019-44,CAME092019-45,CAME092019-46,CAME092019-48,CAME092019-54,CAME092019-58,CAME092019-59,CAME092019-62,CAME092019-64,CAME092019-65,CAME092019-67,CAME092019-68,CAME092019-69,CAME092019-7,CAME092019-71,CAME092020-1a,CAME092020-1b,CAME0921-1,CAME0921-11,CAME0921-15,CAME0921-2,CAME0921-24,CAME0921-25,CAME0921-26,CAME0921-5,CAME0921-6,CAME0921-8,CAME100,CAME101120-1M,CAME102,CAME102719-12,CAME102719-16,CAME102719-18,CAME102719-3,CAME102719-6,CAME102720-7M_1M,CAME103,CAME104,CAME108,CAME110220-1,CAME110319-4M,CAME110319-6M,CAME110319-7M,CAME111020-1,CAME111020-2,CAME1118-4,CAME1118-5,CAME116,CAME120,CAME13,CAME14,CAME170,CAME175,CAME176,CAME178,CAME18,CAME180,CAME183,CAME204,CAME31,CAME33,CAME39,CAME62,CAME67,CAME68,CAME69,CAME70,CAME71,CAME72,CAME73,CAME79,CAME84,CAME90,CAME91a,CAME93,CAME94,CAME96,CAME97,CAME98,CAME99,SE-14-04-1106,SE-14-04-1107,SE-14-04-139,SE-14-04-245,SE-14-04-247,SE-14-04-248,SE-14-04-395,SE-14-04-467,SE-14-04-468,SE-14-04-703,SE-14-04-704,SE-14-04-705,SE-14-04-706,SE-14-04-707,SE-14-04-708,SE-14-04-709,SE-14-04-802,SE-14-04-803,SE-14-04-804,SE-14-04-805,SE-14-04-806,SE-14-04-850,SE-14-04-852,SE-14-04-853,SE-14-04-854,SE-14-04-855,SE-14-04-892,SE-14-04-893,SE-14-04-894,SE-14-04-895,SE-14-04-896,SE-14-04-897,SE-14-04-935,SE-14-04-936,SE-14-04-938,SE-14-04-939,SE-14-04-940,SE-14-04-941,SE-14-04-942,SE-14-04-943,SE-14-04-944,SE-14-04-945,SE-14-04-1285,SE-14-04-1286,SE-14-04-1287,SE-14-04-1288,SE-14-04-1289,SE-14-04-1290,SE-14-04-1551,SE-14-04-1552,SE-14-04-1553,SE-14-04-1554,SE-14-04-1555,SE-14-04-1556,SE-14-04-1609,SE-14-04-1610,SE-14-04-1611,SE-14-04-1612,SE-14-04-1613,SE-14-04-1614,SE-14-04-1615,SE-14-04-1616,SE-14-04-1617,SE-14-04-1618,SE-14-04-1619,SE-14-04-1620,SE-14-04-1621,SE-14-04-1622,SE-14-04-1763,SE-14-04-1764,SE-14-04-1765,SE-14-04-1766,SE-14-04-1767,SE-14-04-1768,SE-14-04-1769,SE-14-04-1770,SE-14-04-1771,SE-14-04-1772,SE-14-04-1775,SE-14-04-1928,SE-14-04-1929,SE-14-04-1930,SE-14-04-1931,SE-14-04-1932,SE-14-04-1985,SE-14-04-1986,SE-14-04-1987,SE-14-04-1988,SE-14-04-1989,SE-14-04-1990,SE-14-04-1991,SE-14-04-1992,SE-14-04-1993,SE-14-04-1994,SE-14-04-1995,SE-14-04-1996,SE-14-04-2208,SE-14-04-2209,SE-14-04-2211,SE-14-04-2212,SE-14-04-2288,SE-14-04-2289,SE-14-04-2290,SE-14-04-2369,SE-14-04-2370,SE-14-04-2371,SE-14-04-2372,SE-14-04-2373,SE-14-04-2374,SE-14-04-2375,SE-14-04-2376,SE-14-04-2377,SE-14-04-2379,SE-14-04-2380,SE-14-04-2381,SE-14-04-2382,SE-14-04-2383,SE-14-04-2384,SE-14-04-2385,SE-14-04-2386,SE-14-04-2481,SE-14-04-2482,SE-14-04-2483,SE-14-04-2484,SE-14-04-2485,SE-14-04-2486,SE-14-04-2487,SE-14-04-2488,SE-14-04-2489,SE-14-04-2490,SE-14-04-2491,SE-14-04-2492,SE-14-04-2493,SE-14-04-2494,SE-14-04-2495,CM003,CM004,CM006,CM007,CM008,CM009,CM011,CM012,CM013,CM015,CM016,CM017,CM019,CM021,CM022,CM023,CM024,CM026,CM027,CM028,CM029,CM031,CM032,CM033,CM034,CM035,CM036,CM037,CM038,CM039,CM040,CM041,CM042,CM043,CM045,CM046,CM048,CM049,CM050,CM052,CM054,CM058,CM059,CM060,CM062,CM063,CM064,CM065,CM067,CM069,CM070,CM071,CM072,CM073,CM074,CM075,CM079,CM086,CM089,CM091,CM094,CM095,CM100,CM101,CM123,CM124,CM125,CM126,CM127,CM128,CM129,CM130,CM131,CM132,CM133,CMGU001,CMGU002,CMGU005,CMGU006,CMGU007,CMGU008,CMGU009,CMGU010,CMGU011,CMGU013,CMGU014,CMGU015,CMGU016,CMGU017,CMGU018,CMGU019,CMGU020
length,287,298,286,290,299,575,532,300,220,589,420,289,464,308,375,350,454,647,583,632,777,696,720,785,665,662,357,633,794,297,306,286,382,298,316,457,350,337,393,249,297,655,262,396,332,395,359,337,315,281,299,294,308,314,341,526,766,766,262,287,283,257,328,300,323,380,385,361,558.8,691,762,281,284,452,302,387,655,736.6,736.6,749.3,528,350,630,632,477,435,361,359,345,779.217108,596.9,615.95,711.2,609.6,603.25,669.925,458.709446,590.55,609.6,330.2,590.55,698.5,666.75,622.3,355.6,285.75,266.7,254,273.05,317.5,317.5,476.25,370.332,584.2,711.2,584.2,609.6,698.5,660.4,584.2,660.4,480,428,420,410,521,652,595,611,571,617,539,559,392,355,475,365,414,495,559,554,526,506,474,427,260,292,333,436,468,460,295,270,395,382,406,347,305,443,487,412,265,585,519,328,465,307,298,327,410,474,460,377,412,447,700,602,630,628,528,420,364,400,464,415,460,478,526,325,243,241,243,275,247,244,412,270,415,389,420,430,289,262,253,242,447,460,492,461,379,456,381,457,446,363,440,334,394,393,335,284,433,478,480,423,509,286,287,375,285,284,254,293,306,380,249,412,305,278,376,284,544,538,507,620,472,392,373,516,390,282,275,276,278,278,269,402,453,379,489,450,359,408,NA,354,435,402,455,514,460,367,455,418,443,511,350,405,509,522,354,412,529,448,388,430,348,392,375,355,338,326,326,380,369,354,285,288,300,317,318,302,322,387,347,292,379,468,436,500,406,481,440,478,428,410,310,312,300,338,323,235,300,652,400,393,398,315,327,340,343,389,354,511,423,265,260,485,304,420,297,639,224,680,365,496,302,336,536
1991,NA,NA,NA,NA,NA,NA,NA,NA,NA,NA,NA,NA,NA,NA,NA,NA,NA,NA,NA,NA,NA,NA,NA,NA,NA,NA,NA,NA,NA,NA,NA,NA,NA,NA,NA,NA,NA,NA,NA,NA,NA,NA,NA,NA,NA,NA,NA,NA,NA,NA,NA,NA,NA,NA,NA,NA,NA,NA,NA,NA,NA,NA,NA,NA,NA,NA,NA,NA,NA,NA,NA,NA,NA,NA,NA,NA,NA,NA,NA,NA,NA,NA,NA,NA,NA,NA,NA,NA,NA,NA,NA,NA,NA,NA,NA,NA,NA,NA,NA,NA,NA,NA,NA,NA,NA,NA,NA,NA,NA,NA,NA,NA,NA,NA,NA,NA,NA,NA,NA,NA,NA,NA,NA,NA,NA,NA,NA,NA,NA,NA,NA,NA,NA,NA,NA,NA,NA,NA,NA,NA,NA,NA,NA,NA,NA,NA,NA,NA,NA,NA,NA,NA,NA,NA,NA,NA,NA,NA,NA,NA,NA,NA,NA,NA,NA,NA,NA,NA,NA,NA,NA,NA,NA,NA,NA,NA,NA,NA,NA,NA,NA,NA,NA,NA,NA,NA,NA,NA,NA,NA,NA,NA,NA,NA,NA,NA,NA,NA,NA,NA,NA,NA,NA,NA,NA,NA,NA,NA,NA,NA,NA,NA,NA,NA,NA,NA,NA,NA,NA,NA,NA,NA,NA,NA,NA,NA,NA,NA,NA,NA,NA,NA,NA,NA,NA,NA,NA,NA,NA,NA,NA,NA,NA,NA,NA,NA,NA,NA,NA,NA,NA,NA,NA,NA,NA,NA,NA,NA,NA,NA,NA,NA,NA,NA,NA,NA,NA,NA,NA,NA,NA,NA,NA,NA,NA,NA,NA,NA,NA,NA,NA,NA,NA,NA,NA,NA,NA,NA,NA,NA,NA,NA,NA,NA,NA,NA,NA,NA,NA,NA,NA,NA,NA,NA,NA,NA,NA,NA,NA,NA,NA,NA,NA,NA,NA,NA,NA,NA,NA,NA,NA,NA,NA,NA,NA,NA,NA,NA,NA,NA,NA,NA,NA,NA,NA,NA,NA,NA,NA,NA,NA,NA,NA,NA,NA,NA,NA,NA
1992,NA,NA,NA,NA,NA,NA,NA,NA,NA,NA,NA,NA,NA,NA,NA,NA,NA,NA,NA,NA,NA,NA,NA,NA,NA,NA,NA,NA,NA,NA,NA,NA,NA,NA,NA,NA,NA,NA,NA,NA,NA,NA,NA,NA,NA,NA,NA,NA,NA,NA,NA,NA,NA,NA,NA,NA,NA,NA,NA,NA,NA,NA,NA,NA,NA,NA,NA,NA,NA,NA,NA,NA,NA,NA,NA,NA,NA,NA,NA,331.937,NA,NA,NA,NA,NA,NA,NA,NA,NA,NA,NA,NA,NA,NA,NA,NA,NA,NA,NA,NA,NA,NA,NA,NA,NA,NA,NA,NA,NA,NA,NA,NA,NA,NA,NA,NA,NA,NA,NA,NA,NA,NA,NA,NA,NA,NA,NA,NA,NA,NA,NA,NA,NA,NA,NA,NA,NA,NA,NA,NA,NA,NA,NA,NA,NA,NA,NA,NA,NA,NA,NA,NA,NA,NA,NA,NA,NA,NA,NA,NA,NA,NA,NA,NA,NA,NA,NA,NA,NA,NA,NA,NA,NA,NA,NA,NA,NA,NA,NA,NA,NA,NA,NA,NA,NA,NA,NA,NA,NA,NA,NA,NA,NA,NA,NA,NA,NA,NA,NA,NA,NA,NA,NA,NA,NA,NA,NA,NA,NA,NA,NA,NA,NA,NA,NA,NA,NA,NA,NA,NA,NA,NA,NA,NA,NA,NA,NA,NA,NA,NA,NA,NA,NA,NA,NA,NA,NA,NA,NA,NA,NA,NA,NA,NA,NA,NA,NA,NA,NA,NA,NA,NA,NA,NA,NA,NA,NA,NA,NA,NA,NA,NA,NA,NA,NA,NA,NA,NA,NA,NA,NA,NA,NA,NA,NA,NA,NA,NA,NA,NA,NA,NA,NA,NA,NA,NA,NA,NA,NA,NA,NA,NA,NA,NA,NA,NA,NA,NA,NA,NA,NA,NA,NA,NA,NA,NA,NA,NA,NA,NA,NA,NA,NA,NA,NA,NA,NA,NA,NA,NA,NA,NA,NA,NA,NA,NA,NA,NA,NA,NA,NA,NA,NA,NA,NA,NA,NA,NA,NA,NA,NA,NA,NA,NA,NA,NA,NA,NA
1993,NA,NA,NA,NA,NA,NA,NA,NA,NA,NA,NA,NA,NA,NA,NA,NA,NA,NA,NA,NA,NA,NA,NA,NA,NA,NA,NA,NA,NA,NA,NA,NA,NA,NA,NA,NA,NA,NA,NA,NA,NA,NA,NA,NA,NA,NA,NA,NA,NA,NA,NA,NA,NA,NA,NA,NA,NA,NA,NA,NA,NA,NA,NA,NA,NA,NA,NA,NA,NA,NA,NA,NA,NA,NA,NA,NA,NA,NA,241.256,91.241,NA,NA,NA,NA,NA,NA,NA,NA,NA,295.552,NA,NA,NA,NA,NA,NA,NA,NA,NA,NA,NA,NA,NA,NA,NA,NA,NA,NA,NA,NA,NA,NA,NA,375.038,286.596,NA,NA,NA,NA,NA,NA,NA,NA,NA,NA,NA,NA,NA,NA,NA,NA,NA,NA,NA,NA,NA,NA,NA,NA,NA,NA,NA,NA,NA,NA,NA,NA,NA,NA,NA,NA,NA,NA,NA,NA,NA,NA,NA,NA,NA,NA,NA,NA,NA,NA,NA,NA,NA,NA,NA,NA,NA,NA,NA,NA,NA,NA,NA,NA,NA,NA,NA,NA,NA,NA,NA,NA,NA,NA,NA,NA,NA,NA,NA,NA,NA,NA,NA,NA,NA,NA,NA,NA,NA,NA,NA,NA,NA,NA,NA,NA,NA,NA,NA,NA,NA,NA,NA,NA,NA,NA,NA,NA,NA,NA,NA,NA,NA,NA,NA,NA,NA,NA,NA,NA,NA,NA,NA,NA,NA,NA,NA,NA,NA,NA,NA,NA,NA,NA,NA,NA,NA,NA,NA,NA,NA,NA,NA,NA,NA,NA,NA,NA,NA,NA,NA,NA,NA,NA,NA,NA,NA,NA,NA,NA,NA,NA,NA,NA,NA,NA,NA,NA,NA,NA,NA,NA,NA,NA,NA,NA,NA,NA,NA,NA,NA,NA,NA,NA,NA,NA,NA,NA,NA,NA,NA,NA,NA,NA,NA,NA,NA,NA,NA,NA,NA,NA,NA,NA,NA,NA,NA,NA,NA,NA,NA,NA,NA,NA,NA,NA,NA,NA,NA,NA,NA,NA,NA,NA,NA,NA,NA,NA,NA,NA,NA,NA,NA
1994,NA,NA,NA,NA,NA,NA,NA,NA,NA,NA,NA,NA,NA,NA,NA,NA,NA,NA,NA,NA,NA,NA,NA,NA,NA,NA,NA,NA,NA,NA,NA,NA,NA,NA,NA,NA,NA,NA,NA,NA,NA,NA,NA,NA,NA,NA,NA,NA,NA,NA,NA,NA,NA,NA,NA,NA,NA,NA,NA,NA,NA,NA,NA,NA,NA,NA,NA,NA,NA,NA,NA,NA,NA,NA,NA,NA,NA,NA,123.707,70.53,NA,NA,NA,NA,NA,NA,NA,NA,NA,110.272,NA,NA,NA,NA,NA,NA,NA,NA,NA,NA,NA,NA,NA,277.64,NA,NA,NA,NA,NA,NA,NA,NA,NA,73.888,109.153,NA,NA,NA,NA,NA,NA,NA,NA,NA,NA,NA,NA,NA,NA,NA,NA,NA,NA,NA,NA,NA,NA,NA,NA,NA,NA,NA,NA,NA,NA,NA,NA,NA,NA,NA,NA,NA,NA,NA,NA,NA,NA,NA,NA,NA,NA,NA,NA,NA,NA,NA,NA,NA,NA,NA,NA,NA,NA,NA,NA,NA,NA,NA,NA,NA,NA,NA,NA,NA,NA,NA,NA,NA,NA,NA,NA,NA,NA,NA,NA,NA,NA,NA,NA,NA,NA,NA,NA,NA,NA,NA,NA,NA,NA,NA,NA,NA,NA,NA,NA,NA,NA,NA,NA,NA,NA,NA,NA,NA,NA,NA,NA,NA,NA,NA,NA,NA,NA,NA,NA,NA,NA,NA,NA,NA,NA,NA,NA,NA,NA,NA,NA,NA,NA,NA,NA,NA,NA,NA,NA,NA,NA,NA,NA,NA,NA,NA,NA,NA,NA,NA,NA,NA,NA,NA,NA,NA,NA,NA,NA,NA,NA,NA,NA,NA,NA,NA,NA,NA,NA,NA,NA,NA,NA,NA,NA,NA,NA,NA,NA,NA,NA,NA,NA,NA,NA,NA,NA,NA,NA,NA,NA,NA,NA,NA,NA,NA,NA,NA,NA,NA,NA,NA,NA,NA,NA,NA,NA,NA,NA,NA,NA,NA,NA,NA,NA,NA,NA,NA,NA,NA,NA,NA,NA,NA,NA,NA,NA,NA,NA,NA,NA,NA
1995,NA,NA,NA,NA,NA,NA,NA,NA,NA,NA,NA,NA,NA,NA,NA,NA,NA,NA,NA,NA,NA,NA,NA,NA,NA,NA,NA,NA,NA,NA,NA,NA,NA,NA,NA,NA,NA,NA,NA,NA,NA,NA,NA,NA,NA,NA,NA,NA,NA,NA,NA,NA,NA,NA,NA,NA,NA,NA,NA,NA,NA,NA,NA,NA,NA,NA,NA,NA,NA,NA,NA,NA,NA,NA,NA,NA,NA,NA,92.36,79.486,NA,NA,NA,NA,NA,NA,NA,NA,NA,118.109,NA,NA,NA,NA,NA,NA,NA,NA,NA,NA,NA,NA,NA,133.782,NA,NA,NA,NA,NA,NA,NA,NA,NA,88.442,90.681,NA,NA,NA,NA,NA,NA,NA,NA,NA,NA,NA,NA,NA,NA,NA,NA,NA,NA,NA,NA,NA,NA,NA,NA,NA,NA,NA,NA,NA,NA,NA,NA,NA,NA,NA,NA,NA,NA,NA,NA,NA,NA,NA,NA,NA,NA,NA,NA,NA,NA,NA,NA,NA,NA,NA,NA,NA,NA,NA,NA,NA,NA,NA,NA,NA,NA,NA,NA,NA,NA,NA,NA,NA,NA,NA,NA,NA,NA,NA,NA,NA,NA,NA,NA,NA,NA,NA,NA,NA,NA,NA,NA,NA,NA,NA,NA,NA,NA,NA,NA,NA,NA,NA,NA,NA,NA,NA,NA,NA,NA,NA,NA,NA,NA,NA,NA,NA,NA,NA,NA,NA,NA,NA,NA,NA,NA,NA,NA,NA,NA,NA,NA,NA,NA,NA,NA,NA,NA,NA,NA,NA,NA,NA,NA,NA,NA,NA,NA,NA,NA,NA,NA,NA,NA,NA,NA,NA,NA,NA,NA,NA,NA,NA,NA,NA,NA,NA,NA,NA,NA,NA,NA,NA,NA,NA,NA,NA,NA,NA,NA,NA,NA,NA,NA,NA,NA,NA,NA,NA,NA,NA,NA,NA,NA,NA,NA,NA,NA,NA,NA,NA,NA,NA,NA,NA,NA,NA,NA,NA,NA,NA,NA,NA,NA,NA,NA,NA,NA,NA,NA,NA,NA,NA,NA,NA,NA,NA,NA,NA,NA,NA,NA,NA
1996,NA,NA,NA,NA,NA,NA,NA,NA,NA,NA,NA,NA,NA,NA,NA,NA,NA,NA,NA,NA,251.891,NA,NA,NA,NA,NA,NA,NA,NA,NA,NA,NA,NA,NA,NA,NA,NA,NA,NA,NA,NA,NA,NA,NA,NA,NA,NA,NA,NA,NA,NA,NA,NA,NA,NA,NA,NA,NA,NA,NA,NA,NA,NA,NA,NA,NA,NA,NA,NA,NA,NA,NA,NA,NA,NA,NA,NA,NA,72.209,73.888,NA,NA,NA,NA,NA,NA,NA,NA,NA,85.083,NA,NA,NA,NA,NA,NA,NA,NA,NA,NA,NA,NA,NA,112.511,NA,NA,NA,NA,NA,NA,NA,NA,NA,100.756,83.964,NA,NA,NA,NA,NA,NA,NA,NA,NA,NA,NA,NA,NA,NA,NA,NA,NA,NA,NA,NA,NA,NA,NA,NA,NA,NA,NA,NA,NA,NA,NA,NA,NA,NA,NA,NA,NA,NA,NA,NA,NA,NA,NA,NA,NA,NA,NA,NA,NA,NA,NA,NA,NA,NA,NA,NA,NA,NA,NA,NA,NA,NA,NA,NA,NA,NA,NA,NA,NA,NA,NA,NA,NA,NA,NA,NA,NA,NA,NA,NA,NA,NA,NA,NA,NA,NA,NA,NA,NA,NA,NA,NA,NA,NA,NA,NA,NA,NA,NA,NA,NA,NA,NA,NA,NA,NA,NA,NA,NA,NA,NA,NA,NA,NA,NA,NA,NA,NA,NA,NA,NA,NA,NA,NA,NA,NA,NA,NA,NA,NA,NA,NA,NA,NA,NA,NA,NA,NA,NA,NA,NA,NA,NA,NA,NA,NA,NA,NA,NA,NA,NA,NA,NA,NA,NA,NA,NA,NA,NA,NA,NA,NA,NA,NA,NA,NA,NA,NA,NA,NA,NA,NA,NA,NA,NA,NA,NA,NA,NA,NA,NA,NA,NA,NA,NA,NA,NA,NA,NA,NA,NA,NA,NA,NA,NA,NA,NA,NA,NA,NA,NA,NA,NA,NA,NA,NA,NA,NA,NA,NA,NA,NA,NA,NA,NA,NA,NA,NA,NA,NA,NA,NA,NA,NA,NA,NA,NA,NA,NA,NA,NA,NA,NA
1997,NA,NA,NA,NA,NA,NA,NA,NA,NA,NA,NA,NA,NA,NA,NA,NA,NA,NA,NA,NA,109.153,NA,NA,NA,NA,NA,NA,NA,NA,NA,NA,NA,NA,NA,NA,NA,NA,NA,NA,NA,NA,NA,NA,NA,NA,NA,NA,NA,NA,NA,NA,NA,NA,NA,NA,NA,NA,NA,NA,NA,NA,NA,NA,NA,NA,NA,NA,NA,NA,NA,NA,NA,NA,NA,NA,NA,NA,294.433,64.932,61.573,NA,NA,NA,NA,NA,NA,NA,NA,NA,72.769,NA,NA,394.63,NA,NA,NA,NA,NA,NA,NA,NA,NA,NA,78.926,NA,NA,NA,NA,NA,NA,NA,NA,NA,86.203,57.095,NA,NA,312.905,NA,NA,NA,NA,NA,NA,NA,NA,NA,NA,NA,NA,NA,NA,NA,NA,NA,NA,NA,NA,NA,NA,NA,NA,NA,NA,NA,NA,NA,NA,NA,NA,NA,NA,NA,NA,NA,NA,NA,NA,NA,NA,NA,NA,NA,NA,NA,NA,NA,NA,NA,NA,NA,NA,NA,NA,NA,NA,NA,NA,NA,NA,NA,NA,NA,NA,NA,NA,NA,NA,NA,NA,NA,NA,NA,NA,NA,NA,NA,NA,NA,NA,NA,NA,NA,NA,NA,NA,NA,NA,NA,NA,NA,NA,NA,NA,NA,NA,NA,NA,NA,NA,NA,NA,NA,NA,NA,NA,NA,NA,NA,NA,NA,NA,NA,NA,NA,NA,NA,NA,NA,NA,NA,NA,NA,NA,NA,NA,NA,NA,NA,NA,NA,NA,NA,NA,NA,NA,NA,NA,NA,NA,NA,NA,NA,NA,NA,NA,NA,NA,NA,NA,NA,NA,NA,NA,NA,NA,NA,NA,NA,NA,NA,NA,NA,NA,NA,NA,NA,NA,NA,NA,NA,NA,NA,NA,NA,NA,NA,NA,NA,NA,NA,NA,NA,NA,NA,NA,NA,NA,NA,NA,NA,NA,NA,NA,NA,NA,NA,NA,NA,NA,NA,NA,NA,NA,NA,NA,NA,NA,NA,NA,NA,NA,NA,NA,NA,NA,NA,NA,NA,NA,NA,NA,NA,NA,NA,NA,NA,NA
1998,NA,NA,NA,NA,NA,NA,NA,NA,NA,NA,NA,NA,NA,NA,NA,NA,NA,267.005,NA,NA,66.051,NA,NA,NA,NA,NA,NA,NA,NA,NA,NA,NA,NA,NA,NA,NA,NA,NA,NA,NA,NA,NA,NA,NA,NA,NA,NA,NA,NA,NA,NA,NA,NA,NA,NA,NA,NA,NA,NA,NA,NA,NA,NA,NA,NA,NA,NA,NA,NA,NA,NA,NA,NA,NA,NA,NA,NA,111.952,59.894,72.209,NA,NA,NA,NA,NA,NA,NA,NA,NA,45.9,NA,NA,96.278,NA,NA,NA,NA,NA,NA,NA,NA,336.415,265.885,61.014,NA,NA,NA,NA,NA,NA,NA,NA,NA,74.448,70.53,NA,NA,97.958,NA,NA,331.377,NA,NA,NA,NA,NA,NA,NA,NA,NA,NA,NA,274.16,NA,NA,NA,NA,NA,NA,NA,NA,NA,NA,NA,NA,NA,NA,NA,NA,NA,NA,NA,NA,NA,NA,NA,NA,NA,NA,NA,NA,NA,NA,NA,NA,NA,NA,NA,NA,NA,NA,NA,NA,NA,NA,NA,NA,NA,NA,NA,NA,NA,NA,NA,NA,NA,NA,NA,NA,NA,NA,NA,NA,NA,NA,NA,NA,NA,NA,NA,NA,NA,NA,NA,NA,NA,NA,NA,NA,NA,NA,NA,NA,NA,NA,NA,NA,NA,NA,NA,NA,NA,NA,NA,NA,NA,NA,NA,NA,NA,NA,NA,NA,NA,NA,NA,NA,NA,NA,NA,NA,NA,NA,NA,NA,NA,NA,NA,NA,NA,NA,NA,NA,NA,NA,NA,NA,NA,NA,NA,NA,NA,NA,NA,NA,NA,NA,NA,NA,NA,NA,NA,NA,NA,NA,NA,NA,NA,NA,NA,NA,NA,NA,NA,NA,NA,NA,NA,NA,NA,NA,NA,NA,NA,NA,NA,NA,NA,NA,NA,NA,NA,NA,NA,NA,NA,NA,NA,NA,NA,NA,NA,NA,NA,NA,NA,NA,NA,NA,NA,NA,NA,NA,NA,NA,NA,NA,NA,NA,NA,NA,NA,NA,NA,NA,NA,NA,NA,NA,NA,NA,NA,NA,NA,NA,NA,NA,NA
1999,NA,NA,NA,NA,NA,NA,NA,NA,NA,NA,NA,NA,NA,NA,NA,NA,NA,90.681,NA,NA,54.856,NA,NA,NA,NA,NA,NA,NA,NA,NA,NA,NA,NA,NA,NA,NA,NA,NA,NA,NA,NA,NA,NA,NA,NA,NA,NA,NA,NA,NA,NA,NA,NA,NA,NA,NA,NA,NA,NA,NA,NA,NA,NA,NA,NA,NA,NA,NA,NA,NA,NA,NA,NA,NA,NA,NA,NA,104.115,52.617,48.699,NA,NA,NA,NA,NA,NA,NA,NA,NA,52.617,NA,NA,97.958,NA,NA,NA,NA,NA,NA,NA,NA,104.675,101.876,71.089,NA,NA,NA,NA,NA,NA,NA,NA,NA,51.498,58.775,273.722,NA,87.322,NA,NA,108.593,NA,NA,NA,NA,NA,NA,NA,NA,NA,NA,NA,120.315,NA,NA,NA,NA,NA,NA,NA,NA,NA,NA,NA,280.735,NA,NA,NA,NA,NA,NA,NA,NA,NA,NA,NA,NA,NA,NA,NA,NA,NA,NA,NA,NA,NA,NA,NA,NA,NA,NA,NA,NA,NA,NA,NA,NA,NA,NA,NA,NA,NA,NA,NA,NA,NA,NA,NA,NA,NA,NA,NA,NA,NA,NA,NA,NA,NA,NA,NA,NA,NA,NA,NA,NA,NA,NA,NA,NA,NA,NA,NA,NA,NA,NA,NA,NA,NA,NA,NA,NA,NA,NA,NA,NA,NA,NA,NA,NA,NA,NA,NA,NA,NA,NA,NA,NA,NA,NA,NA,NA,NA,NA,NA,NA,NA,NA,NA,NA,NA,NA,NA,NA,NA,NA,NA,NA,NA,NA,NA,NA,NA,NA,NA,NA,NA,NA,NA,NA,NA,NA,NA,NA,NA,NA,NA,NA,NA,NA,NA,NA,NA,NA,NA,NA,NA,NA,NA,NA,NA,NA,NA,NA,NA,NA,NA,NA,NA,NA,NA,NA,NA,NA,NA,NA,NA,NA,NA,NA,NA,NA,NA,NA,NA,NA,NA,NA,NA,NA,NA,NA,NA,NA,NA,NA,NA,NA,NA,NA,NA,NA,NA,NA,NA,NA,NA,NA,NA,NA,NA,NA,NA,NA,NA,NA,NA,NA,NA
2000,NA,NA,NA,NA,NA,NA,NA,NA,NA,NA,NA,NA,NA,NA,NA,NA,NA,64.932,NA,NA,54.297,NA,NA,NA,NA,NA,NA,NA,NA,NA,NA,NA,NA,NA,NA,NA,NA,NA,NA,NA,NA,NA,NA,NA,NA,NA,NA,NA,NA,NA,NA,NA,NA,NA,NA,NA,NA,NA,NA,NA,NA,NA,NA,NA,NA,NA,NA,NA,NA,NA,258.049,NA,NA,NA,NA,NA,NA,91.241,43.101,50.938,NA,NA,NA,NA,NA,NA,NA,NA,265.885,44.781,NA,277.64,87.882,NA,NA,NA,NA,NA,340.333,NA,NA,97.958,89.002,43.101,NA,NA,NA,NA,NA,NA,NA,NA,NA,55.976,45.9,86.203,NA,92.92,NA,NA,104.115,NA,NA,NA,NA,NA,NA,NA,NA,NA,NA,NA,63.773,NA,NA,NA,NA,NA,NA,NA,NA,NA,428.663,NA,88.757,NA,NA,NA,NA,NA,NA,NA,NA,NA,NA,NA,NA,NA,NA,NA,NA,NA,NA,NA,NA,NA,NA,NA,NA,NA,NA,NA,NA,NA,NA,NA,NA,NA,NA,NA,NA,NA,NA,NA,NA,NA,NA,NA,NA,NA,NA,NA,NA,NA,NA,NA,NA,NA,NA,NA,NA,NA,NA,NA,NA,NA,NA,NA,NA,NA,NA,NA,NA,NA,NA,NA,NA,NA,NA,NA,NA,NA,NA,NA,NA,NA,NA,NA,NA,NA,NA,NA,NA,NA,NA,NA,NA,NA,NA,NA,NA,NA,NA,NA,NA,NA,NA,NA,NA,NA,NA,NA,NA,NA,NA,NA,NA,NA,NA,NA,NA,NA,NA,NA,NA,NA,NA,NA,NA,NA,NA,NA,NA,NA,NA,NA,NA,NA,NA,NA,NA,NA,NA,NA,NA,NA,NA,NA,NA,NA,NA,NA,NA,NA,NA,NA,NA,NA,NA,NA,NA,NA,NA,NA,NA,NA,NA,NA,NA,NA,NA,NA,NA,NA,NA,NA,NA,NA,NA,NA,NA,NA,NA,NA,NA,NA,NA,NA,NA,NA,NA,NA,NA,NA,NA,NA,NA,NA,NA,NA,NA,NA,NA,NA,NA,NA,NA,NA
2001,NA,NA,NA,NA,NA,NA,NA,NA,NA,NA,NA,NA,NA,NA,NA,NA,NA,59.334,NA,NA,54.856,NA,NA,234.539,NA,305.068,NA,NA,NA,NA,NA,NA,NA,NA,NA,NA,NA,NA,NA,NA,NA,NA,NA,NA,NA,NA,NA,NA,NA,NA,NA,NA,NA,NA,NA,NA,NA,NA,NA,NA,NA,NA,NA,NA,NA,NA,NA,NA,336.415,NA,115.31,NA,NA,NA,NA,NA,NA,63.812,38.623,45.34,NA,NA,NA,NA,NA,NA,NA,NA,106.914,49.259,NA,95.719,89.561,NA,NA,287.156,NA,NA,99.077,NA,NA,62.133,58.215,40.862,NA,NA,NA,NA,NA,NA,NA,NA,NA,58.215,43.101,96.838,293.313,73.888,NA,NA,76.687,NA,NA,NA,NA,NA,NA,NA,NA,NA,364.889,NA,53.912,NA,NA,NA,NA,NA,NA,NA,NA,273.503,115.055,NA,65.746,NA,NA,NA,NA,NA,315.58,NA,NA,NA,NA,NA,NA,NA,NA,NA,NA,NA,NA,NA,NA,NA,NA,NA,NA,NA,NA,NA,NA,NA,NA,NA,NA,NA,NA,NA,NA,NA,NA,NA,NA,NA,NA,NA,NA,NA,NA,NA,NA,NA,NA,NA,NA,NA,NA,NA,NA,NA,NA,NA,NA,NA,NA,NA,NA,NA,NA,NA,NA,NA,NA,NA,NA,NA,NA,NA,NA,NA,NA,NA,NA,NA,NA,NA,NA,NA,NA,NA,NA,NA,NA,NA,NA,NA,NA,NA,NA,NA,NA,NA,NA,NA,NA,NA,NA,NA,NA,NA,NA,NA,NA,NA,NA,NA,NA,NA,NA,NA,NA,NA,NA,NA,NA,NA,NA,NA,NA,NA,NA,NA,NA,NA,NA,NA,NA,NA,NA,NA,NA,NA,NA,NA,NA,NA,NA,NA,NA,NA,NA,NA,NA,NA,NA,NA,NA,NA,NA,NA,NA,NA,NA,NA,NA,NA,NA,NA,NA,NA,NA,NA,NA,NA,NA,NA,NA,NA,NA,NA,NA,NA,NA,NA,NA,NA,NA,NA,NA,NA,NA,NA,NA,NA,NA,NA,NA,NA,NA,NA,NA,NA,NA,NA,NA,NA
2002,NA,NA,NA,NA,NA,NA,NA,NA,NA,NA,NA,NA,NA,NA,NA,NA,NA,55.416,NA,NA,50.378,NA,NA,95.159,NA,110.272,NA,NA,NA,NA,NA,NA,NA,NA,NA,NA,NA,NA,NA,NA,NA,NA,NA,NA,NA,NA,NA,NA,NA,NA,NA,NA,NA,NA,NA,NA,403.026,390.711,NA,NA,NA,NA,NA,NA,NA,NA,NA,NA,114.75,NA,80.045,NA,NA,NA,NA,NA,NA,59.334,30.227,32.466,NA,NA,NA,NA,NA,NA,NA,NA,88.442,45.9,NA,79.486,62.693,NA,NA,104.115,NA,NA,71.089,NA,302.269,63.253,57.655,43.101,NA,NA,NA,NA,NA,NA,NA,NA,NA,46.46,35.265,78.366,94.039,52.617,277.08,250.212,51.498,300.458,NA,NA,NA,NA,324.127,NA,NA,NA,109.138,NA,65.746,NA,NA,NA,NA,NA,NA,NA,NA,149.9,78.238,NA,66.403,NA,NA,NA,NA,NA,126.232,NA,NA,NA,NA,NA,NA,NA,361.602,NA,NA,NA,NA,NA,NA,NA,NA,NA,NA,NA,NA,NA,NA,NA,NA,NA,NA,NA,NA,NA,NA,NA,NA,NA,NA,NA,NA,NA,NA,NA,NA,NA,NA,NA,NA,NA,NA,NA,NA,NA,NA,NA,NA,NA,NA,NA,NA,NA,NA,NA,NA,NA,NA,NA,NA,NA,NA,NA,NA,NA,NA,NA,NA,NA,NA,NA,NA,NA,NA,NA,NA,NA,NA,NA,NA,NA,NA,NA,NA,NA,NA,NA,NA,NA,NA,NA,NA,NA,NA,NA,NA,NA,NA,NA,NA,NA,NA,NA,NA,NA,NA,NA,NA,NA,NA,NA,NA,NA,NA,NA,NA,NA,NA,NA,NA,NA,NA,NA,NA,NA,NA,NA,NA,NA,NA,NA,NA,NA,NA,NA,NA,NA,NA,NA,NA,NA,NA,NA,NA,NA,NA,NA,NA,NA,NA,NA,NA,NA,NA,NA,NA,NA,NA,NA,NA,NA,NA,NA,NA,NA,NA,NA,NA,NA,NA,NA,NA,NA,NA,NA,NA,NA,NA,NA,NA,NA,NA,NA,NA,NA,NA,NA,NA,NA,NA,NA,NA,NA
2003,NA,NA,NA,NA,NA,NA,NA,NA,NA,NA,NA,NA,NA,NA,NA,NA,NA,58.775,NA,NA,41.982,NA,NA,57.095,NA,101.876,NA,NA,384.554,NA,NA,NA,NA,NA,NA,NA,NA,NA,NA,NA,NA,322.273,NA,NA,NA,NA,NA,NA,NA,NA,NA,NA,NA,NA,NA,NA,118.669,129.304,NA,NA,NA,NA,NA,NA,NA,NA,NA,NA,121.468,NA,68.29,NA,NA,NA,NA,NA,NA,62.693,29.667,41.982,NA,NA,NA,270.363,NA,NA,NA,NA,72.209,40.303,NA,75.008,55.976,NA,NA,103.555,NA,425.976,69.41,NA,93.48,71.089,63.812,38.623,NA,NA,NA,NA,NA,NA,NA,NA,NA,45.9,39.743,73.328,67.731,55.416,118.109,96.838,60.454,96.646,NA,NA,NA,321.497,135.436,NA,NA,NA,82.182,NA,70.348,NA,NA,NA,NA,NA,NA,NA,NA,99.276,63.773,NA,48.652,NA,NA,NA,294.541,NA,75.608,NA,NA,NA,NA,NA,NA,NA,119.657,292.569,NA,NA,NA,NA,NA,328.072,NA,NA,NA,NA,NA,NA,NA,NA,NA,NA,NA,NA,NA,NA,NA,NA,NA,287.309,NA,NA,NA,NA,NA,NA,NA,NA,NA,NA,NA,NA,NA,NA,NA,NA,NA,NA,NA,NA,NA,NA,NA,NA,NA,NA,NA,NA,341.878,NA,NA,NA,NA,NA,NA,NA,NA,NA,NA,NA,NA,NA,NA,NA,NA,NA,NA,NA,NA,NA,NA,NA,NA,NA,NA,NA,NA,NA,NA,NA,NA,NA,NA,NA,NA,NA,NA,NA,NA,NA,NA,NA,NA,NA,NA,NA,NA,NA,NA,NA,NA,NA,NA,NA,NA,NA,NA,NA,NA,NA,NA,NA,NA,NA,NA,NA,NA,NA,NA,NA,NA,NA,NA,NA,NA,NA,NA,NA,NA,NA,NA,NA,NA,NA,NA,NA,NA,NA,NA,NA,NA,NA,NA,NA,NA,NA,NA,NA,NA,NA,NA,NA,NA,NA,NA,NA,NA,NA,NA,NA,NA,NA,NA,NA,NA,NA,NA,NA,NA,NA,NA,NA,NA,NA,NA,NA,NA,NA,NA,NA,NA,NA,NA,NA
2004,NA,NA,NA,NA,NA,NA,NA,NA,NA,NA,NA,NA,NA,NA,NA,NA,NA,58.215,NA,NA,50.378,NA,NA,67.171,NA,87.882,NA,NA,171.846,NA,NA,NA,NA,NA,NA,NA,NA,NA,NA,NA,NA,107.474,NA,NA,NA,NA,NA,NA,NA,NA,NA,NA,NA,NA,NA,NA,78.926,85.643,NA,NA,NA,NA,NA,NA,NA,NA,NA,NA,108.033,NA,54.297,NA,NA,NA,NA,NA,NA,50.938,31.346,44.781,NA,NA,NA,118.669,NA,NA,NA,NA,59.894,40.303,272.602,76.127,43.661,267.564,255.809,116.989,NA,101.316,60.454,NA,69.41,47.02,57.095,35.825,NA,NA,NA,NA,NA,NA,NA,NA,NA,39.743,37.504,51.498,67.171,65.492,83.964,85.083,41.422,94.017,334.646,NA,NA,103.221,82.182,NA,NA,NA,62.459,351.083,65.746,NA,NA,NA,NA,NA,NA,NA,NA,59.829,47.337,NA,59.829,NA,NA,NA,126.889,308.348,60.486,NA,NA,NA,NA,353.713,NA,NA,66.403,95.331,NA,NA,372.779,412.884,NA,108.481,NA,NA,NA,NA,NA,NA,NA,NA,307.033,276.79,344.508,NA,NA,NA,NA,NA,NA,81.525,NA,NA,308.348,261.011,NA,NA,NA,NA,NA,NA,NA,NA,NA,NA,NA,NA,NA,NA,NA,NA,NA,NA,NA,NA,NA,NA,NA,NA,98.619,NA,NA,NA,NA,NA,NA,NA,NA,NA,NA,309.005,NA,NA,NA,NA,NA,NA,NA,NA,NA,NA,NA,NA,NA,NA,NA,NA,NA,NA,NA,NA,NA,NA,NA,NA,NA,NA,NA,NA,NA,NA,NA,NA,NA,NA,NA,NA,NA,NA,NA,NA,NA,NA,NA,NA,NA,NA,NA,NA,NA,NA,NA,NA,NA,NA,NA,NA,NA,NA,NA,NA,NA,NA,NA,NA,NA,NA,NA,NA,NA,NA,NA,NA,NA,NA,NA,NA,NA,NA,NA,NA,NA,NA,NA,NA,NA,NA,NA,NA,NA,NA,NA,NA,NA,NA,NA,NA,NA,NA,NA,NA,NA,NA,NA,NA,NA,NA,NA,NA,NA,NA,NA,NA,NA,NA,NA,NA,NA,NA,NA,NA,NA,NA,NA,NA
2005,NA,NA,NA,NA,NA,NA,NA,NA,NA,NA,NA,NA,NA,NA,NA,NA,NA,50.378,NA,NA,37.504,NA,NA,70.53,NA,65.492,NA,NA,155.053,NA,NA,NA,NA,NA,NA,NA,NA,NA,NA,NA,NA,105.794,NA,NA,NA,NA,NA,NA,NA,NA,NA,NA,NA,NA,NA,NA,71.089,82.844,NA,NA,NA,NA,NA,NA,NA,NA,NA,NA,108.033,NA,57.655,NA,NA,NA,NA,NA,345.371,66.611,32.466,33.026,NA,NA,NA,97.398,NA,NA,NA,NA,44.221,33.026,116.989,78.366,45.34,118.669,92.36,93.48,NA,72.769,55.416,NA,55.976,46.46,41.982,34.705,NA,NA,NA,NA,NA,NA,NA,NA,NA,37.504,33.585,61.014,69.97,51.498,68.85,67.171,54.856,80.21,155.818,275.475,296.514,100.591,63.773,NA,NA,303.088,67.718,95.331,46.022,NA,NA,NA,NA,NA,NA,NA,NA,55.884,40.762,NA,51.939,NA,NA,NA,94.017,128.204,74.293,NA,NA,NA,320.182,136.751,NA,NA,65.746,81.525,NA,NA,107.823,165.022,NA,81.525,NA,NA,NA,NA,NA,383.298,NA,NA,113.083,94.017,119,303.746,267.586,NA,NA,NA,NA,72.978,NA,NA,95.989,142.668,NA,NA,NA,NA,NA,NA,NA,NA,NA,NA,NA,NA,NA,NA,NA,NA,NA,NA,NA,NA,NA,NA,NA,NA,103.878,NA,NA,NA,NA,360.945,377.381,NA,NA,356.342,NA,105.193,NA,NA,NA,NA,NA,NA,NA,NA,NA,NA,NA,NA,NA,NA,NA,NA,NA,NA,NA,NA,378.039,NA,NA,NA,NA,NA,NA,NA,NA,NA,NA,NA,NA,NA,NA,NA,NA,NA,NA,NA,NA,NA,NA,NA,NA,NA,NA,NA,NA,NA,NA,NA,NA,NA,NA,NA,NA,NA,NA,NA,NA,NA,NA,NA,NA,NA,NA,NA,NA,NA,NA,NA,NA,NA,NA,NA,NA,NA,NA,NA,NA,NA,NA,NA,NA,NA,NA,NA,NA,NA,NA,NA,NA,NA,NA,NA,NA,NA,NA,NA,NA,NA,NA,NA,NA,NA,NA,NA,NA,NA,NA,NA,NA,NA,NA,NA,NA,NA,NA,NA,NA,NA,NA,NA
2006,NA,NA,NA,NA,NA,NA,NA,NA,NA,NA,NA,NA,NA,NA,NA,NA,NA,33.585,NA,NA,36.944,NA,326.339,75.008,NA,73.328,NA,NA,111.952,NA,NA,NA,NA,NA,NA,NA,NA,NA,NA,NA,NA,81.725,NA,NA,NA,NA,NA,NA,NA,NA,NA,NA,NA,NA,NA,NA,66.611,81.165,NA,NA,NA,NA,NA,NA,NA,NA,NA,NA,83.404,NA,50.378,NA,NA,NA,NA,NA,138.82,43.661,32.466,38.064,NA,NA,NA,95.719,NA,NA,NA,NA,43.661,33.026,114.191,57.095,46.46,98.517,92.36,66.051,357.126,81.165,51.498,NA,54.856,50.378,44.781,29.107,NA,NA,NA,NA,NA,NA,NA,NA,NA,36.384,40.862,49.259,47.579,55.416,58.215,82.284,34.705,73.635,141.354,93.359,88.099,76.923,58.514,265.613,NA,123.602,74.95,84.812,51.939,NA,NA,338.591,NA,NA,297.171,NA,328.072,54.569,41.42,NA,44.05,NA,NA,NA,65.088,60.486,40.762,NA,NA,NA,114.398,114.398,NA,NA,56.541,76.923,349.768,NA,72.32,100.591,NA,73.635,NA,NA,NA,NA,284.679,104.536,NA,NA,88.757,82.84,88.099,121.63,136.094,333.989,NA,NA,NA,69.691,NA,320.182,71.663,84.812,NA,NA,NA,NA,NA,NA,NA,NA,NA,NA,NA,NA,NA,NA,NA,NA,NA,NA,NA,NA,NA,NA,NA,NA,93.359,NA,NA,400.392,NA,95.331,114.398,NA,NA,101.249,NA,93.359,NA,NA,NA,NA,NA,NA,NA,NA,NA,NA,NA,NA,NA,NA,NA,NA,NA,NA,NA,NA,117.028,NA,NA,NA,314.265,NA,NA,NA,NA,NA,NA,NA,NA,NA,NA,NA,NA,NA,NA,NA,NA,NA,NA,NA,NA,NA,NA,NA,NA,NA,NA,NA,NA,NA,NA,NA,NA,NA,NA,NA,NA,NA,NA,NA,NA,NA,NA,NA,NA,NA,NA,NA,NA,NA,NA,NA,NA,NA,NA,NA,NA,NA,NA,NA,NA,NA,NA,NA,NA,NA,NA,NA,NA,NA,NA,NA,NA,NA,NA,NA,NA,NA,NA,NA,NA,NA,NA,NA,NA,NA,NA,NA,NA,NA,NA,NA,NA,NA,NA,NA,NA,NA,NA,NA
2007,NA,NA,NA,NA,NA,NA,NA,NA,NA,NA,NA,NA,NA,NA,NA,NA,NA,34.145,NA,NA,34.145,336.415,127.625,72.769,NA,64.932,NA,NA,75.008,NA,NA,NA,NA,NA,NA,NA,NA,NA,NA,NA,NA,59.894,NA,NA,NA,NA,NA,NA,NA,NA,NA,NA,NA,NA,NA,NA,54.297,68.29,NA,NA,NA,NA,NA,NA,NA,NA,NA,NA,69.41,NA,53.177,NA,NA,NA,NA,NA,115.31,42.542,33.585,52.617,NA,NA,NA,76.687,NA,NA,NA,NA,45.9,27.988,81.165,36.944,41.982,92.92,87.322,64.372,132.663,76.687,48.699,NA,59.894,41.982,40.303,30.227,NA,NA,NA,NA,NA,NA,NA,NA,NA,30.787,43.661,39.743,38.623,57.095,52.617,61.014,34.705,55.884,73.635,64.431,92.044,63.116,49.967,115.713,NA,109.138,62.459,74.293,49.309,NA,NA,118.342,NA,324.127,138.066,362.917,105.193,47.337,37.475,NA,39.447,NA,NA,NA,65.746,71.005,49.967,NA,NA,276.132,103.878,59.171,NA,NA,52.597,50.624,122.287,NA,51.939,88.757,NA,55.226,NA,NA,NA,NA,108.481,57.856,NA,NA,78.238,82.84,74.95,71.663,65.746,92.044,287.309,NA,NA,65.088,NA,97.961,78.895,68.376,NA,NA,NA,NA,NA,NA,NA,NA,NA,NA,NA,NA,323.469,NA,NA,NA,NA,NA,280.077,NA,NA,NA,316.895,318.21,62.459,NA,NA,164.365,NA,75.608,83.497,NA,NA,80.21,403.022,80.21,NA,NA,NA,NA,NA,NA,NA,NA,NA,NA,NA,NA,NA,NA,NA,NA,NA,NA,NA,NA,88.099,NA,NA,NA,95.331,NA,NA,NA,NA,NA,NA,NA,NA,NA,NA,NA,NA,NA,NA,NA,NA,NA,NA,NA,451.332,NA,NA,NA,NA,NA,NA,NA,NA,NA,NA,NA,NA,NA,NA,NA,NA,NA,NA,NA,NA,NA,NA,NA,NA,NA,NA,NA,NA,NA,NA,NA,NA,NA,NA,NA,NA,NA,NA,NA,NA,NA,NA,NA,NA,NA,NA,NA,NA,NA,NA,NA,NA,NA,NA,NA,NA,NA,NA,NA,NA,NA,NA,NA,NA,NA,NA,NA,NA,NA,NA,NA,NA,NA,NA,NA,NA,NA,NA,NA
2008,NA,NA,NA,NA,NA,NA,NA,NA,NA,NA,NA,NA,NA,NA,NA,NA,NA,39.743,NA,NA,25.749,108.593,104.115,43.661,NA,53.737,NA,NA,67.171,NA,NA,NA,NA,NA,NA,NA,NA,NA,NA,NA,NA,49.259,NA,NA,NA,NA,NA,NA,NA,NA,NA,NA,NA,NA,NA,NA,52.617,73.888,NA,NA,NA,NA,NA,NA,NA,NA,NA,NA,58.215,NA,45.34,NA,NA,NA,NA,NA,69.97,44.221,35.265,36.384,NA,NA,NA,59.334,NA,NA,NA,NA,41.422,27.428,59.334,48.139,31.346,61.014,70.53,53.737,89.561,58.215,53.177,336.044,60.454,42.542,34.705,30.787,340.34,361.865,338.457,NA,NA,NA,336.183,341.722,NA,34.145,44.781,29.667,44.221,52.058,41.982,43.661,34.705,54.569,68.376,69.691,84.155,62.459,42.735,72.32,345.823,76.923,56.541,61.144,36.818,NA,NA,86.127,NA,92.702,82.182,117.685,72.32,47.994,45.365,NA,39.447,NA,NA,NA,52.597,63.116,44.707,NA,NA,89.414,69.691,61.144,NA,NA,46.68,47.994,94.017,NA,59.171,53.912,268.243,49.967,NA,NA,NA,366.862,82.182,61.144,317.552,366.862,55.884,80.867,57.856,88.757,79.552,69.033,99.276,NA,NA,59.171,NA,80.867,69.033,58.514,NA,NA,NA,NA,NA,NA,NA,308.348,NA,NA,342.536,NA,117.685,NA,NA,NA,NA,NA,134.779,325.442,408.282,NA,111.768,101.906,61.144,362.26,NA,86.127,NA,67.718,76.923,NA,NA,68.376,132.807,90.729,NA,299.801,NA,NA,NA,NA,NA,NA,NA,NA,NA,NA,337.706,NA,NA,NA,NA,NA,338.591,323.469,112.425,NA,NA,NA,108.481,NA,NA,NA,NA,NA,NA,NA,NA,NA,NA,NA,NA,NA,NA,NA,NA,NA,NA,NA,138.666,NA,NA,NA,NA,NA,NA,NA,NA,NA,NA,NA,NA,NA,NA,NA,NA,NA,NA,NA,NA,NA,NA,NA,NA,NA,NA,NA,NA,NA,NA,NA,NA,NA,NA,NA,NA,NA,NA,NA,NA,NA,NA,NA,NA,NA,NA,NA,NA,NA,NA,NA,NA,NA,470.53,NA,NA,NA,NA,NA,NA,NA,NA,NA,NA,NA,NA,NA,NA,NA,NA,NA,NA,NA,NA,NA,NA,NA,NA,NA
2009,NA,NA,NA,NA,NA,NA,NA,NA,NA,NA,NA,NA,NA,NA,NA,NA,NA,43.101,NA,NA,25.189,75.008,73.888,43.661,345.931,36.944,NA,NA,68.29,NA,NA,NA,NA,NA,NA,NA,NA,NA,NA,NA,NA,49.259,NA,NA,NA,NA,NA,NA,NA,NA,NA,NA,NA,NA,NA,NA,54.856,40.303,NA,NA,NA,NA,NA,NA,NA,NA,NA,NA,50.938,288.275,39.183,NA,NA,NA,NA,NA,50.378,36.384,41.982,29.667,NA,NA,NA,54.856,NA,NA,NA,NA,39.183,26.309,58.775,52.058,39.743,61.014,75.567,48.699,87.322,52.058,59.894,128.78,54.856,38.623,27.988,23.51,166.428,140.346,129.167,323.321,372.629,309.894,141.343,124.201,383.77,33.585,43.101,35.265,38.623,54.297,38.064,50.938,35.825,40.762,79.552,63.773,69.691,61.801,38.133,62.459,149.243,57.199,48.652,45.365,43.392,NA,NA,92.702,NA,74.95,64.431,97.304,78.238,51.939,31.558,NA,36.16,NA,NA,NA,60.486,49.967,49.967,NA,NA,86.127,48.652,55.226,NA,NA,49.309,63.773,80.21,NA,45.365,71.005,115.055,65.088,NA,NA,NA,132.149,55.226,75.608,105.851,101.906,42.077,69.033,78.238,71.005,87.442,72.32,71.663,NA,NA,61.144,379.353,70.348,57.199,53.912,NA,NA,NA,NA,NA,NA,NA,94.674,320.84,279.42,141.354,280.735,70.348,NA,NA,NA,NA,372.121,107.166,90.729,128.204,NA,112.425,71.005,54.569,93.359,NA,59.829,NA,74.293,54.569,NA,NA,59.829,126.232,66.403,NA,118.342,NA,NA,NA,NA,NA,NA,NA,NA,NA,NA,124.383,NA,NA,NA,NA,310.978,100.591,118.342,47.994,349.11,NA,NA,62.459,NA,NA,NA,NA,NA,NA,NA,NA,NA,NA,NA,NA,NA,NA,NA,NA,NA,NA,NA,94.386,NA,NA,353.117,336.926,363.7,404.025,NA,NA,NA,NA,NA,NA,NA,NA,NA,NA,NA,NA,NA,NA,NA,NA,NA,NA,NA,NA,NA,NA,NA,NA,NA,NA,NA,NA,NA,NA,NA,NA,NA,NA,NA,NA,NA,NA,NA,NA,NA,NA,NA,NA,NA,NA,NA,155.515,NA,NA,NA,NA,NA,NA,NA,NA,NA,NA,NA,NA,NA,NA,NA,NA,NA,NA,NA,NA,NA,NA,NA,NA,NA
2010,NA,NA,NA,NA,NA,NA,NA,NA,NA,NA,NA,NA,NA,NA,NA,NA,NA,35.825,NA,NA,22.39,78.926,58.775,40.303,135.461,43.101,NA,NA,59.334,NA,NA,NA,NA,NA,NA,NA,NA,NA,NA,NA,NA,47.02,NA,NA,NA,NA,NA,NA,NA,NA,NA,NA,NA,NA,NA,NA,41.422,39.743,NA,NA,NA,NA,NA,NA,NA,NA,NA,NA,54.297,118.109,35.265,NA,NA,NA,NA,NA,61.573,44.781,46.46,27.988,NA,NA,NA,48.139,NA,NA,NA,NA,41.422,NA,NA,NA,43.101,68.85,73.888,62.693,NA,45.34,47.579,NA,NA,NA,NA,NA,NA,NA,NA,NA,NA,NA,NA,104.181,135.383,31.346,39.743,35.265,36.944,50.378,44.781,53.737,33.585,46.68,55.884,67.061,58.514,58.514,54.569,67.061,103.878,43.392,44.707,38.79,42.735,NA,NA,98.619,NA,59.829,67.718,72.978,60.486,35.503,32.215,NA,32.873,NA,NA,325.319,54.569,38.79,42.077,NA,NA,64.431,53.254,41.42,NA,NA,38.79,46.022,68.376,NA,64.431,60.486,95.989,47.337,NA,NA,NA,92.702,49.967,86.127,69.033,90.072,55.226,76.923,55.226,72.978,80.867,72.32,70.348,NA,NA,60.486,136.094,65.746,59.171,49.309,NA,NA,NA,NA,NA,NA,NA,96.646,129.519,120.315,95.989,103.221,60.486,NA,NA,NA,NA,124.26,74.95,69.033,81.525,392.503,82.182,72.978,46.68,96.646,NA,65.746,NA,63.116,58.514,NA,NA,49.309,103.221,65.088,356.342,80.867,NA,NA,NA,NA,NA,NA,NA,NA,NA,NA,72.834,NA,NA,356.711,NA,105.193,63.773,89.414,88.757,133.464,NA,NA,70.348,NA,NA,NA,NA,NA,NA,NA,NA,NA,NA,408.809,519.038,NA,NA,NA,NA,NA,NA,NA,63.252,NA,NA,145.036,124.719,117.439,146.605,NA,NA,NA,370.805,NA,NA,NA,NA,NA,NA,NA,NA,NA,NA,NA,NA,NA,NA,NA,NA,NA,NA,NA,NA,NA,NA,NA,NA,NA,NA,NA,NA,NA,350.238,NA,NA,395.036,NA,NA,NA,NA,NA,NA,NA,NA,NA,NA,88.455,NA,NA,NA,NA,NA,NA,NA,NA,NA,NA,NA,NA,NA,NA,NA,NA,NA,436.718,NA,NA,NA,NA,NA,NA,NA
2011,NA,NA,NA,NA,NA,NA,NA,NA,NA,NA,NA,NA,NA,NA,NA,NA,NA,28.548,NA,NA,24.07,67.171,50.378,40.862,133.222,38.064,NA,NA,61.573,NA,NA,NA,NA,NA,NA,NA,NA,NA,NA,NA,NA,47.579,NA,NA,NA,NA,NA,NA,NA,NA,NA,NA,NA,NA,NA,NA,42.542,48.699,NA,NA,NA,NA,NA,NA,NA,NA,NA,NA,NA,80.605,NA,NA,NA,NA,NA,NA,41.982,NA,NA,NA,NA,NA,350.297,39.743,NA,NA,NA,NA,NA,NA,NA,NA,38.064,58.775,68.85,45.34,NA,48.699,45.9,NA,NA,NA,NA,NA,NA,NA,NA,NA,NA,NA,NA,NA,NA,NA,NA,NA,NA,NA,NA,NA,NA,49.309,82.182,50.624,64.431,44.707,49.309,65.746,81.525,52.597,51.282,48.652,41.42,NA,NA,74.95,NA,57.856,75.608,82.84,61.801,38.133,41.42,340.816,40.105,NA,NA,117.094,57.856,44.05,57.199,NA,NA,67.718,53.912,32.873,347.26,NA,46.68,45.365,59.829,NA,61.801,51.282,80.867,41.42,NA,NA,NA,76.265,57.199,57.856,54.569,73.635,47.994,64.431,52.597,67.061,59.171,64.431,65.746,280.735,423.403,73.635,80.21,46.68,51.282,53.912,326.099,NA,NA,NA,NA,NA,NA,59.829,92.702,81.525,103.878,105.851,57.199,NA,NA,NA,NA,82.84,61.144,63.116,78.238,125.575,67.718,56.541,49.967,72.978,323.64,55.884,NA,57.856,54.569,330.837,NA,47.994,57.199,57.856,129.519,74.95,NA,NA,NA,NA,NA,NA,NA,NA,NA,NA,61.55,NA,NA,122.351,NA,86.784,80.21,78.895,63.116,72.32,332.674,351.083,63.773,352.398,NA,NA,NA,NA,NA,NA,NA,NA,NA,165.08,152.684,NA,NA,NA,NA,NA,NA,382.836,61.311,NA,NA,95.274,106.413,111.453,114.219,NA,307.34,309.952,116.405,NA,NA,363.617,NA,NA,NA,NA,NA,NA,NA,NA,NA,NA,NA,NA,NA,NA,NA,NA,NA,NA,NA,310.893,NA,325.442,NA,NA,NA,NA,109.078,NA,NA,162.217,NA,NA,NA,NA,NA,NA,NA,NA,NA,NA,77.084,NA,NA,NA,NA,NA,NA,NA,NA,NA,NA,NA,NA,NA,NA,NA,NA,NA,135.75,NA,NA,NA,NA,NA,NA,NA
2012,NA,NA,NA,NA,NA,NA,NA,NA,NA,334.735,NA,NA,NA,NA,NA,NA,NA,25.749,361.044,NA,24.07,65.492,55.976,33.585,83.404,40.303,NA,405.415,51.498,NA,NA,NA,NA,NA,NA,NA,NA,NA,247.973,NA,NA,43.101,NA,NA,NA,NA,NA,NA,NA,NA,NA,NA,NA,NA,NA,393.917,37.504,35.265,NA,NA,NA,NA,NA,NA,NA,NA,NA,NA,NA,68.85,NA,NA,NA,NA,NA,NA,58.775,NA,NA,NA,NA,NA,151.851,30.227,NA,NA,NA,NA,NA,NA,NA,NA,NA,NA,NA,NA,NA,NA,NA,NA,NA,NA,NA,NA,NA,NA,NA,NA,NA,NA,NA,NA,NA,NA,NA,NA,NA,NA,NA,NA,NA,44.05,65.088,78.895,61.801,47.337,40.762,63.116,84.155,54.569,55.226,44.05,44.707,383.484,295.685,51.939,322.155,53.254,55.884,78.238,56.541,37.475,37.475,133.918,40.762,NA,331.088,88.207,48.652,44.707,49.967,399.451,NA,58.514,49.309,34.188,125.366,348.754,38.79,54.569,63.116,332.227,46.68,44.707,77.58,36.16,NA,NA,267.444,82.84,53.254,57.856,63.773,62.459,44.707,64.431,50.624,53.254,57.856,61.801,62.459,94.674,123.602,49.309,78.238,50.624,43.392,49.309,119.657,NA,NA,NA,NA,NA,NA,51.939,57.199,82.182,85.47,73.635,57.856,NA,NA,NA,NA,57.856,65.746,51.939,59.829,89.414,62.459,55.884,49.967,78.238,111.59,65.746,333.989,38.79,59.171,114.095,NA,45.365,78.238,52.597,105.193,82.84,NA,NA,336.445,NA,NA,NA,NA,NA,400.875,NA,57.67,NA,NA,95.998,NA,93.359,63.116,67.718,57.199,70.348,131.492,115.713,58.514,129.519,NA,NA,NA,NA,NA,NA,442.558,NA,NA,117.482,130.29,426.432,NA,NA,246.881,429.386,390.87,85.934,70.985,406.684,NA,88.418,105.51,60.971,94.192,NA,124.719,113.424,99.616,NA,391.784,115.056,494.517,NA,NA,NA,364.281,NA,NA,NA,NA,NA,NA,NA,NA,NA,NA,NA,NA,NA,NA,92.538,NA,113.779,NA,NA,377.482,348.421,86.634,365.358,NA,85.463,275.391,408.846,400.544,NA,NA,NA,NA,NA,NA,NA,77.676,NA,NA,NA,NA,NA,NA,NA,NA,NA,NA,NA,NA,NA,NA,NA,NA,NA,95.402,NA,NA,NA,NA,NA,NA,NA
2013,NA,NA,NA,NA,NA,334.989,NA,NA,NA,133.222,NA,NA,NA,NA,NA,NA,NA,25.749,92.92,NA,26.868,53.737,54.856,33.026,53.177,36.944,NA,109.771,52.058,NA,NA,NA,NA,NA,NA,NA,NA,341.452,122.027,NA,NA,37.504,NA,NA,NA,NA,NA,NA,NA,NA,NA,NA,NA,NA,NA,107.31,45.9,41.982,NA,NA,NA,NA,NA,NA,NA,NA,NA,NA,NA,54.856,NA,NA,NA,NA,NA,NA,54.297,NA,NA,NA,NA,NA,103.871,37.504,NA,NA,NA,NA,NA,NA,NA,NA,NA,NA,NA,NA,NA,NA,NA,NA,NA,NA,NA,NA,NA,NA,NA,NA,NA,NA,NA,NA,NA,NA,NA,NA,NA,NA,NA,NA,NA,61.801,67.718,56.541,59.829,36.818,41.42,61.801,67.718,43.392,49.309,49.309,48.652,126.14,142.038,61.144,117.028,51.939,53.912,53.912,47.994,40.105,27.613,123.868,34.188,271.555,141.064,69.542,38.133,39.447,56.541,132.344,299.469,55.226,40.105,32.873,87.716,132.678,36.818,45.365,65.088,125.257,40.105,41.42,48.652,41.42,345.646,343.471,118.605,62.459,62.459,48.652,63.116,54.569,51.282,64.431,50.624,49.309,47.337,56.541,53.254,82.84,98.619,46.68,65.746,44.05,46.68,48.652,77.58,337.276,307.033,327.414,351.74,316.513,320.759,54.569,61.144,75.608,63.773,76.265,54.569,349.174,349.174,318.781,271.995,70.348,66.403,73.635,76.923,76.265,56.541,54.569,59.171,57.856,81.504,76.265,130.177,48.652,51.282,77.847,352.694,51.939,55.884,45.365,78.238,67.061,334.816,401.576,124.322,301.773,312.072,348.754,311.523,383.992,134.636,381.253,61.55,381.273,448.172,84.687,312.983,79.552,55.884,58.514,52.597,68.376,93.359,78.895,48.652,88.757,297.332,365.677,390.48,410.804,299.45,300.248,173.53,414.159,359.549,86.226,88.018,146.315,426.455,NA,110.728,156.785,157.587,70.973,80.31,147.959,NA,69.684,77.293,65.434,85.722,NA,111.634,97.107,76.704,381.65,109.308,94.371,127.949,NA,327.171,NA,159.208,290.228,NA,NA,519.494,NA,NA,NA,NA,NA,NA,NA,NA,NA,NA,111.272,NA,83.797,NA,NA,132.551,132.589,90.334,137.952,381.966,79.604,117.439,154.096,150.892,NA,NA,NA,NA,NA,NA,NA,79.999,NA,NA,NA,NA,NA,NA,NA,423.587,NA,NA,NA,NA,NA,NA,NA,NA,NA,80.711,NA,326.873,NA,NA,NA,NA,NA
2014,NA,NA,NA,NA,NA,131.381,305.068,NA,NA,91.241,NA,NA,NA,NA,294.993,NA,NA,31.906,83.404,305.628,20.711,52.058,48.139,29.107,53.737,30.787,NA,121.617,55.416,NA,NA,NA,356.734,NA,NA,387.912,367.201,98.517,108.033,NA,NA,34.705,NA,325.431,NA,366.463,NA,NA,NA,NA,NA,NA,NA,NA,NA,82.115,47.02,40.303,NA,NA,NA,NA,377.015,NA,NA,325.454,283.22,358.693,NA,55.416,NA,NA,NA,NA,NA,NA,45.9,NA,NA,NA,NA,NA,85.643,33.585,NA,NA,361.567,365.024,NA,NA,NA,NA,NA,NA,NA,NA,NA,NA,NA,NA,NA,NA,NA,NA,NA,NA,NA,NA,NA,NA,NA,NA,NA,NA,NA,NA,NA,NA,NA,NA,NA,NA,NA,NA,NA,NA,NA,NA,NA,NA,NA,NA,NA,NA,NA,NA,NA,NA,NA,NA,NA,NA,NA,NA,NA,NA,NA,NA,NA,NA,NA,NA,NA,NA,NA,NA,NA,NA,NA,NA,NA,NA,NA,NA,NA,NA,NA,NA,NA,NA,NA,NA,NA,NA,NA,NA,NA,NA,NA,NA,NA,NA,NA,NA,NA,NA,NA,NA,NA,NA,NA,NA,NA,NA,NA,NA,NA,NA,NA,NA,NA,NA,NA,NA,NA,NA,NA,NA,NA,NA,NA,NA,NA,NA,NA,NA,NA,NA,NA,NA,NA,NA,NA,NA,NA,NA,NA,NA,NA,NA,NA,NA,NA,NA,NA,NA,NA,NA,NA,NA,NA,NA,NA,NA,NA,NA,NA,NA,NA,NA,NA,NA,NA,NA,NA,NA,111.046,137.805,136.741,82.769,92.047,81.912,169.922,388.439,85.168,111.046,95.274,61.628,62.612,107.964,407.279,79.604,72.379,51.18,66.74,NA,92.429,80.36,68.371,143.43,95.485,73.826,92.538,418.322,165.689,377.229,112.488,166.084,NA,NA,139.115,348.059,325.705,407.279,388.595,NA,NA,NA,NA,NA,NA,73.072,NA,70.26,NA,427.588,117.482,79.604,70.475,95.115,137.513,68.665,99.666,106.46,87.789,419.992,NA,NA,NA,NA,NA,NA,74.192,NA,NA,NA,NA,NA,NA,NA,125.082,NA,NA,NA,NA,NA,NA,NA,NA,NA,75.167,NA,97.339,NA,NA,NA,NA,NA
2015,NA,NA,NA,NA,NA,87.58,99.077,NA,NA,81.165,NA,NA,406.162,NA,114.75,NA,488.796,29.667,80.605,165.688,21.271,50.378,47.579,32.466,54.856,42.542,NA,90.432,52.058,NA,NA,NA,144.691,NA,NA,122.027,110.832,97.398,86.763,NA,NA,24.629,NA,139.648,326.285,120.263,311.901,NA,339.345,NA,NA,NA,NA,NA,316.782,61.604,41.422,43.661,NA,393.742,NA,253.148,96.904,315.775,315.811,114.88,133.711,146.569,NA,50.378,NA,NA,NA,310.415,NA,359.506,53.737,NA,NA,NA,371.465,NA,59.348,39.183,342.572,NA,141.697,128.934,NA,NA,NA,NA,NA,NA,NA,NA,NA,NA,NA,NA,NA,NA,NA,NA,NA,NA,NA,NA,NA,NA,NA,NA,NA,NA,NA,NA,NA,NA,NA,NA,NA,NA,NA,NA,NA,NA,NA,NA,NA,NA,NA,NA,NA,NA,NA,NA,NA,NA,NA,NA,NA,NA,NA,NA,NA,NA,NA,NA,NA,NA,NA,NA,NA,NA,NA,NA,NA,NA,NA,NA,NA,NA,NA,NA,NA,NA,NA,NA,NA,NA,NA,NA,NA,NA,NA,NA,NA,NA,NA,NA,NA,NA,NA,NA,NA,NA,NA,NA,NA,NA,NA,NA,NA,NA,NA,NA,NA,NA,NA,NA,NA,NA,NA,NA,NA,NA,NA,NA,NA,NA,NA,NA,NA,NA,NA,NA,NA,NA,NA,NA,NA,NA,NA,NA,NA,NA,NA,NA,NA,NA,NA,NA,NA,NA,NA,NA,NA,NA,NA,NA,NA,NA,NA,NA,NA,NA,NA,NA,NA,NA,NA,NA,NA,NA,NA,NA,83.797,114.441,115.536,86.343,72.379,68.149,119.311,152.881,69.612,103.971,91.553,72.379,68.676,96.691,143.71,74.302,62.602,64.269,63.118,460.508,79.351,87.789,74.708,100.221,76.704,84.694,99.363,123.787,111.634,133.498,74.302,140.125,364.557,423.872,98.036,150.791,114.441,143.815,186.702,325.814,NA,NA,327.679,335.427,361.686,91.608,273.961,55.432,348.233,139.115,86.634,86.634,72.379,84.694,115.536,58.354,85.757,99.616,77.227,156.593,NA,NA,NA,NA,NA,NA,63.245,NA,NA,308.289,NA,NA,NA,NA,74.03,NA,NA,NA,NA,NA,363.409,NA,NA,NA,64.752,NA,74.655,NA,NA,NA,NA,383.699
2016,NA,NA,NA,NA,NA,78.334,92.92,NA,NA,85.083,367.696,NA,154.639,NA,77.247,381.755,163.201,32.466,86.203,88.442,29.667,72.209,36.944,53.737,59.334,41.422,413.282,74.534,52.617,NA,NA,NA,103.463,358.784,292.502,95.719,102.996,69.97,95.719,NA,317.359,31.346,NA,103.214,119.762,76.587,111.188,NA,117.159,314.263,NA,389.907,333.187,NA,100.632,65.202,33.026,33.026,353.861,108.985,282.847,84.982,98.406,143.015,133.848,72.908,82.712,83.964,NA,60.454,NA,NA,NA,122.524,NA,125.182,29.107,NA,NA,NA,144.427,321.457,60.08,29.107,148.336,351.528,131.189,88.576,NA,NA,NA,NA,NA,NA,NA,NA,NA,NA,NA,NA,NA,NA,NA,NA,NA,NA,NA,NA,NA,NA,NA,NA,NA,NA,NA,NA,NA,NA,NA,NA,NA,NA,NA,NA,NA,NA,NA,NA,NA,NA,NA,NA,NA,NA,NA,NA,NA,NA,NA,NA,NA,NA,NA,NA,NA,NA,NA,NA,NA,NA,NA,NA,NA,NA,NA,NA,NA,NA,NA,NA,NA,NA,NA,NA,NA,NA,NA,NA,NA,NA,NA,NA,NA,NA,NA,NA,NA,NA,NA,NA,NA,NA,NA,NA,NA,NA,NA,NA,NA,NA,NA,NA,NA,NA,NA,NA,NA,NA,NA,NA,NA,NA,NA,NA,NA,NA,NA,NA,NA,NA,NA,NA,NA,NA,NA,NA,NA,NA,NA,NA,NA,NA,NA,NA,NA,NA,NA,NA,NA,NA,NA,NA,NA,NA,NA,NA,NA,NA,NA,NA,NA,NA,NA,NA,NA,NA,NA,NA,NA,NA,NA,NA,NA,NA,NA,NA,70.973,93.728,113.779,70.117,90.223,72.518,110.728,112.219,72.449,86.692,81.109,70.26,54.617,68.149,139.224,72.379,58.267,53.206,56.141,142.655,66.276,51.18,70.26,90.334,62.521,83.496,68.371,98.599,119.649,122.601,90.89,90.89,152.618,140.592,94.69,115.012,100.872,121.487,137.805,128.381,316.21,325.736,117.439,123.787,123.828,73.278,127.752,71.327,140.878,108.476,82.341,74.708,76.309,102.556,85.463,56.779,82.525,68.149,75.446,125.042,365.675,360.57,335.442,366.391,NA,NA,70.977,330.114,293.336,125.243,NA,NA,304.078,NA,83.797,NA,350.793,NA,NA,NA,84.554,NA,NA,NA,58.136,NA,66.197,NA,NA,NA,NA,133.819
2017,339.018,325.571,346.814,341.723,266.248,70.329,86.203,380.288,NA,69.41,150.873,271.773,118.124,315.239,67.731,131.543,119.629,30.227,81.725,62.693,31.906,70.53,42.542,40.303,47.579,43.101,130.347,69.665,49.259,393.065,351.43,369.822,93.679,108.31,104.169,62.693,79.486,50.938,71.649,392.95,108.31,29.107,367.235,82.874,121.177,66.307,93.209,320.581,84.284,94.889,387.973,116.128,115.674,395.657,97.314,69.446,33.585,37.504,118.1,89.428,127.724,67.045,93.949,96.904,112.824,82.01,71.502,66.432,NA,39.743,NA,338.519,297.094,74.345,NA,81.041,29.107,NA,NA,NA,112.599,140.197,77.411,34.145,108.033,118.669,88.208,80.387,NA,NA,NA,NA,NA,NA,NA,NA,NA,NA,NA,NA,NA,NA,NA,NA,NA,NA,NA,NA,NA,NA,NA,NA,NA,NA,NA,NA,NA,NA,NA,NA,NA,NA,NA,NA,NA,NA,NA,NA,NA,NA,NA,NA,NA,NA,NA,NA,NA,NA,NA,NA,NA,NA,NA,NA,NA,NA,NA,NA,NA,NA,NA,NA,NA,NA,NA,NA,NA,NA,NA,NA,NA,NA,NA,NA,NA,NA,NA,NA,NA,NA,NA,NA,NA,NA,NA,NA,NA,NA,NA,NA,NA,NA,NA,NA,NA,NA,NA,NA,NA,NA,NA,NA,NA,NA,NA,NA,NA,NA,NA,NA,NA,NA,NA,NA,NA,NA,NA,NA,NA,NA,NA,NA,NA,NA,NA,NA,NA,NA,NA,NA,NA,NA,NA,NA,NA,NA,NA,NA,NA,NA,NA,NA,NA,NA,NA,NA,NA,NA,NA,NA,NA,NA,NA,NA,NA,NA,NA,NA,NA,NA,NA,NA,NA,NA,NA,NA,NA,NA,NA,NA,NA,NA,NA,NA,NA,NA,NA,NA,NA,NA,NA,NA,NA,NA,NA,NA,NA,NA,NA,NA,NA,NA,NA,NA,NA,NA,NA,NA,NA,NA,NA,NA,NA,NA,NA,NA,NA,NA,NA,NA,NA,NA,NA,NA,NA,NA,NA,NA,NA,NA,NA,NA,NA,NA,NA,NA,152.651,139.981,136.299,155.008,NA,NA,66,148.774,131.521,104.791,395.927,338.566,150.892,414.524,90.779,NA,134.919,NA,NA,NA,73.913,NA,NA,NA,55.94,NA,63.072,NA,NA,NA,NA,105.051
2018,123.424,139.985,133.932,121.524,125.497,72.908,71.649,151.731,330.523,77.806,99.857,124.674,110.781,131.026,81.165,113.071,119.595,29.667,66.611,61.573,23.51,58.775,42.542,33.585,53.737,45.9,91.44,43.597,55.976,131.97,106.207,154.639,71.798,76.587,81.717,74.448,73.328,55.976,53.737,140.499,71.789,27.428,121.817,60.163,79.509,57.565,76.127,141.697,68.684,89.924,136.14,85.817,92.318,135.549,86.515,67.987,42.542,38.623,NA,NA,NA,NA,NA,NA,NA,NA,NA,NA,NA,39.183,NA,119.512,119.175,74.941,295.857,76.032,30.787,NA,NA,NA,95.733,89.397,68.378,33.585,91.8,115.31,NA,NA,NA,NA,NA,NA,NA,NA,NA,NA,NA,NA,NA,NA,NA,NA,NA,NA,NA,NA,NA,NA,NA,NA,NA,NA,NA,NA,NA,NA,NA,NA,NA,NA,NA,NA,NA,NA,NA,NA,NA,NA,NA,NA,NA,NA,NA,NA,NA,NA,NA,NA,NA,NA,NA,NA,NA,NA,NA,NA,NA,NA,NA,NA,NA,NA,NA,NA,NA,NA,NA,NA,NA,NA,NA,NA,NA,NA,NA,NA,NA,NA,NA,NA,NA,NA,NA,NA,NA,NA,NA,NA,NA,NA,NA,NA,NA,NA,NA,NA,NA,NA,NA,NA,NA,NA,NA,NA,NA,NA,NA,NA,NA,NA,NA,NA,NA,NA,NA,NA,NA,NA,NA,NA,NA,NA,NA,NA,NA,NA,NA,NA,NA,NA,NA,NA,NA,NA,NA,NA,NA,NA,NA,NA,NA,NA,NA,NA,NA,NA,NA,NA,NA,NA,NA,NA,NA,NA,NA,NA,NA,NA,NA,NA,NA,NA,NA,NA,NA,NA,NA,NA,NA,NA,NA,NA,NA,NA,NA,NA,NA,NA,NA,NA,NA,NA,NA,NA,NA,NA,NA,NA,NA,NA,NA,NA,NA,NA,NA,NA,NA,NA,NA,NA,NA,NA,NA,NA,NA,NA,NA,NA,NA,NA,NA,NA,NA,NA,NA,NA,NA,NA,NA,NA,NA,NA,NA,NA,NA,NA,NA,NA,NA,NA,366.349,381.57,57.171,111.498,73.278,98.599,128.617,146.556,105.51,145.036,68.149,NA,70.208,301.627,NA,NA,64.4,NA,305.244,NA,63.072,NA,64.84,NA,391.43,NA,NA,93.201
2019,NA,NA,NA,NA,NA,NA,NA,NA,NA,NA,NA,NA,NA,NA,NA,NA,NA,NA,NA,NA,NA,NA,NA,37.504,49.259,NA,NA,NA,NA,NA,NA,NA,NA,NA,NA,NA,NA,NA,NA,NA,NA,NA,NA,NA,NA,NA,NA,NA,NA,NA,NA,NA,NA,NA,NA,NA,NA,NA,NA,NA,NA,NA,NA,NA,NA,NA,NA,NA,NA,35.265,NA,NA,NA,NA,NA,NA,NA,NA,NA,NA,87.193,NA,NA,NA,86.203,92.92,NA,NA,NA,NA,NA,NA,NA,NA,NA,NA,NA,NA,NA,NA,NA,NA,NA,NA,NA,NA,NA,NA,NA,NA,NA,NA,NA,NA,NA,NA,NA,NA,NA,NA,NA,NA,NA,NA,NA,NA,NA,NA,NA,NA,NA,NA,NA,NA,NA,NA,NA,NA,NA,NA,NA,NA,NA,NA,NA,NA,NA,NA,NA,NA,NA,NA,NA,NA,NA,NA,NA,NA,NA,NA,NA,NA,NA,NA,NA,NA,NA,NA,NA,NA,NA,NA,NA,NA,NA,NA,NA,NA,NA,NA,NA,NA,NA,NA,NA,NA,NA,NA,NA,NA,NA,NA,NA,NA,NA,NA,NA,NA,NA,NA,NA,NA,NA,NA,NA,NA,NA,NA,NA,NA,NA,NA,NA,NA,NA,NA,NA,NA,NA,NA,NA,NA,NA,NA,NA,NA,NA,NA,NA,NA,NA,NA,NA,NA,NA,NA,NA,NA,NA,NA,NA,NA,NA,NA,NA,NA,NA,NA,NA,NA,NA,NA,NA,NA,NA,NA,NA,NA,NA,NA,NA,NA,NA,NA,NA,NA,NA,NA,NA,NA,NA,NA,NA,NA,NA,NA,NA,NA,NA,NA,NA,NA,NA,NA,NA,NA,NA,NA,NA,NA,NA,NA,NA,NA,NA,NA,NA,NA,NA,NA,NA,NA,NA,NA,NA,NA,NA,NA,NA,NA,NA,NA,NA,NA,NA,NA,NA,NA,NA,NA,NA,NA,NA,NA,NA,NA,NA,NA,NA,NA,NA,361.714,65.935,111.075,NA,NA,63.404,NA,134.919,NA,55.065,NA,53.606,326.003,118.04,NA,NA,84.597
2020,NA,NA,NA,NA,NA,NA,NA,NA,NA,NA,NA,NA,NA,NA,NA,NA,NA,NA,NA,NA,NA,NA,NA,NA,NA,NA,NA,NA,NA,NA,NA,NA,NA,NA,NA,NA,NA,NA,NA,NA,NA,NA,NA,NA,NA,NA,NA,NA,NA,NA,NA,NA,NA,NA,NA,NA,NA,NA,NA,NA,NA,NA,NA,NA,NA,NA,NA,NA,NA,NA,NA,NA,NA,NA,NA,NA,NA,NA,NA,NA,NA,NA,NA,NA,NA,NA,NA,NA,NA,NA,NA,NA,NA,NA,NA,NA,NA,NA,NA,NA,NA,NA,NA,NA,NA,NA,NA,NA,NA,NA,NA,NA,NA,NA,NA,NA,NA,NA,NA,NA,NA,NA,NA,NA,NA,NA,NA,NA,NA,NA,NA,NA,NA,NA,NA,NA,NA,NA,NA,NA,NA,NA,NA,NA,NA,NA,NA,NA,NA,NA,NA,NA,NA,NA,NA,NA,NA,NA,NA,NA,NA,NA,NA,NA,NA,NA,NA,NA,NA,NA,NA,NA,NA,NA,NA,NA,NA,NA,NA,NA,NA,NA,NA,NA,NA,NA,NA,NA,NA,NA,NA,NA,NA,NA,NA,NA,NA,NA,NA,NA,NA,NA,NA,NA,NA,NA,NA,NA,NA,NA,NA,NA,NA,NA,NA,NA,NA,NA,NA,NA,NA,NA,NA,NA,NA,NA,NA,NA,NA,NA,NA,NA,NA,NA,NA,NA,NA,NA,NA,NA,NA,NA,NA,NA,NA,NA,NA,NA,NA,NA,NA,NA,NA,NA,NA,NA,NA,NA,NA,NA,NA,NA,NA,NA,NA,NA,NA,NA,NA,NA,NA,NA,NA,NA,NA,NA,NA,NA,NA,NA,NA,NA,NA,NA,NA,NA,NA,NA,NA,NA,NA,NA,NA,NA,NA,NA,NA,NA,NA,NA,NA,NA,NA,NA,NA,NA,NA,NA,NA,NA,NA,NA,NA,NA,NA,NA,NA,NA,NA,NA,NA,NA,NA,NA,NA,NA,NA,NA,NA,NA,NA,107.212,63.279,89.971,293.992,288.125,55.992,362.68,124.311,306.556,60.337,NA,68.025,115.301,99.34,349.623,389.525,69.164
2020,NA,NA,NA,NA,NA,NA,NA,NA,NA,NA,NA,NA,NA,NA,NA,NA,NA,NA,NA,NA,NA,NA,NA,NA,NA,NA,NA,NA,NA,NA,NA,NA,NA,NA,NA,NA,NA,NA,NA,NA,NA,NA,NA,NA,NA,NA,NA,NA,NA,NA,NA,NA,NA,NA,NA,NA,NA,NA,NA,NA,NA,NA,NA,NA,NA,NA,NA,NA,NA,NA,NA,NA,NA,NA,NA,NA,NA,NA,NA,NA,NA,NA,NA,NA,NA,NA,NA,NA,NA,NA,NA,NA,NA,NA,NA,NA,NA,NA,NA,NA,NA,NA,NA,NA,NA,NA,NA,NA,NA,NA,NA,NA,NA,NA,NA,NA,NA,NA,NA,NA,NA,NA,NA,NA,NA,NA,NA,NA,NA,NA,NA,NA,NA,NA,NA,NA,NA,NA,NA,NA,NA,NA,NA,NA,NA,NA,NA,NA,NA,NA,NA,NA,NA,NA,NA,NA,NA,NA,NA,NA,NA,NA,NA,NA,NA,NA,NA,NA,NA,NA,NA,NA,NA,NA,NA,NA,NA,NA,NA,NA,NA,NA,NA,NA,NA,NA,NA,NA,NA,NA,NA,NA,NA,NA,NA,NA,NA,NA,NA,NA,NA,NA,NA,NA,NA,NA,NA,NA,NA,NA,NA,NA,NA,NA,NA,NA,NA,NA,NA,NA,NA,NA,NA,NA,NA,NA,NA,NA,NA,NA,NA,NA,NA,NA,NA,NA,NA,NA,NA,NA,NA,NA,NA,NA,NA,NA,NA,NA,NA,NA,NA,NA,NA,NA,NA,NA,NA,NA,NA,NA,NA,NA,NA,NA,NA,NA,NA,NA,NA,NA,NA,NA,NA,NA,NA,NA,NA,NA,NA,NA,NA,NA,NA,NA,NA,NA,NA,NA,NA,NA,NA,NA,NA,NA,NA,NA,NA,NA,NA,NA,NA,NA,NA,NA,NA,NA,NA,NA,NA,NA,NA,NA,NA,NA,NA,NA,NA,NA,NA,NA,NA,NA,NA,NA,NA,NA,NA,NA,NA,NA,NA,88.224,57.994,80.124,100.223,85.556,52.438,137.711,105.331,104.41,40.953,377.871,60.886,89.226,91.462,109.594,135.75,62.991
