date,region,site,id,species,length,sex,oto_rad,oto_wt,age,SSTmean,SSTlo
29-Oct-01,Lizard,NA,x246201,Epinephelus_polyphekadion,345,F,1076.016,0.136,4,26.98,24.8
25-Oct-01,Lizard,NA,x254262,Epinephelus_polyphekadion,344,NA,983.648,0.1203,4,26.98,24.8
27-Oct-01,Lizard,NA,x255074,Epinephelus_polyphekadion,580,M,2218.74,0.4737,21,26.78,24.58
02-Nov-02,Lizard,NA,x276152,Epinephelus_polyphekadion,395,F,1419.035,NA,6,27.01,24.83
03-Nov-02,Lizard,NA,x291115,Epinephelus_polyphekadion,408,F,1185.241,0.151,6,27.01,24.83
22-Dec-01,Lizard,NA,RP1087,Epinephelus_polyphekadion,385,M,1469.4,0.2101,9,26.88,24.75
NA,Lizard,NA,A4304,Epinephelus_polyphekadion,383,NA,1317.973,0.2195,9,26.87,24.76
27-Nov-01,Mackay,NA,x247115,Epinephelus_polyphekadion,385,F,1328.794,0.151,8,25.78,23.06
27-Nov-01,Mackay,NA,x247416,Epinephelus_polyphekadion,434,M,1307.421,0.229,8,25.78,23.06
23-Nov-01,Mackay,NA,x250152,Epinephelus_polyphekadion,581,M,2809.591,0.523,30,25.66,22.86
23-Nov-01,Mackay,NA,x250153,Epinephelus_polyphekadion,562,M,3351.085,0.546,33,25.67,22.87
26-Nov-01,Mackay,NA,x256069,Epinephelus_polyphekadion,600,M,2749.025,0.496,31,25.67,22.86
24-Jul-01,Mackay,NA,RP818,Epinephelus_polyphekadion,385,F,957.112,0.1331,5,25.84,23.09
02-Oct-01,Mackay,NA,RP1003,Epinephelus_polyphekadion,497,F,1528.294,0.2477,9,25.76,23.08
01-Oct-01,Mackay,NA,RP1007,Epinephelus_polyphekadion,495,F,1316.92,0.2577,10,25.7,23.05
05-Nov-00,Mackay,NA,RP1588,Epinephelus_polyphekadion,446,F,1495.042,0.203,9,25.68,23.04
29-May-02,Mackay,NA,RP1782,Epinephelus_polyphekadion,613,M,2726.466,0.614,30,25.66,22.87
04-Dec-01,Mackay,NA,RP1797,Epinephelus_polyphekadion,522,F,1485.545,0.2905,11,25.67,23.01
10-Nov-00,Mackay,NA,RP1596,Epinephelus_polyphekadion,456,F,1225.835,0.2138,8,25.74,23.07
06-Nov-00,Mackay,NA,RP1593,Epinephelus_polyphekadion,520,F,2500.421,0.5041,28,25.64,22.85
06-Nov-00,Mackay,NA,RP1595,Epinephelus_polyphekadion,446,F,1305.964,0.1835,8,25.74,23.07
07-Nov-00,Mackay,NA,RP1586,Epinephelus_polyphekadion,475,F,1333.765,NA,7,25.76,23.05
07-Nov-00,Mackay,NA,RP1614,Epinephelus_polyphekadion,445,F,1434.593,0.2099,8,25.74,23.07
07-Nov-00,Mackay,NA,RP1587,Epinephelus_polyphekadion,582,M,2130.647,0.559,28,25.64,22.85
26-Nov-01,Mackay,NA,x256158,Epinephelus_polyphekadion,459,F,1416.637,0.2335,8,25.78,23.06
26-Nov-01,Mackay,NA,x256168,Epinephelus_polyphekadion,450,F,1471.342,0.2265,8,25.78,23.06
22-Nov-01,Mackay,NA,x258061,Epinephelus_polyphekadion,497,F,1312.642,0.2403,8,25.78,23.06
22-Nov-01,Mackay,NA,x258269,Epinephelus_polyphekadion,515,F,2358.933,0.462,28,22.89,22.89
29-Nov-02,Mackay,NA,x280517,Epinephelus_polyphekadion,518,F,1448.216,0.289,10,25.78,23.08
04-Dec-01,Mackay,NA,RP1780,Epinephelus_polyphekadion,521,M,2556.299,0.4973,25,25.66,22.87
22-Mar-02,Mackay,NA,RP1790,Epinephelus_polyphekadion,493,F,1250.722,0.2738,8,25.83,23.06
23-Mar-02,Mackay,NA,RP1791,Epinephelus_polyphekadion,376,F,1066.321,0.1217,5,25.82,23.05
23-Mar-02,Mackay,NA,RP1793,Epinephelus_polyphekadion,391,F,1213.741,0.1804,10,25.78,23.08
26-Jan-01,Mackay,NA,RP1795,Epinephelus_polyphekadion,462,F,1397.048,0.2196,9,25.76,23.08
20-Jul-01,Mackay,NA,RP820,Epinephelus_polyphekadion,409,F,1045.638,0.1655,5,25.84,23.09
16-Jul-01,Mackay,NA,RP846,Epinephelus_polyphekadion,556,F,1613.443,0.4222,16,25.68,22.96
NA,Mackay,NA,CSI274282,Epinephelus_polyphekadion,507,NA,1682.404,0.311,16,25.7,23
03-Dec-01,Pompey,NA,x259430,Epinephelus_polyphekadion,406,F,1099.612,0.154,5,25.67,23
02-Dec-01,Pompey,NA,x269070,Epinephelus_polyphekadion,490,F,1238.546,0.241,8,25.56,22.93
02-Dec-01,Pompey,NA,x269398,Epinephelus_polyphekadion,398,F,1107.923,0.129,6,25.67,23.02
07-Aug-01,Pompey,NA,RP878,Epinephelus_polyphekadion,440,F,1196.986,0.2339,9,25.55,22.95
01-Nov-01,Pompey,NA,RP1008,Epinephelus_polyphekadion,459,M,1487.918,NA,8,25.56,22.93
18-Nov-00,Pompey,NA,RP1592,Epinephelus_polyphekadion,485,F,1333.544,0.198,8,25.52,22.94
18-Nov-00,Pompey,NA,RP1594,Epinephelus_polyphekadion,634,F,2941.401,0.798,33,25.41,22.67
14-Nov-00,Pompey,NA,RP1599,Epinephelus_polyphekadion,502,F,1313.358,0.28,10,25.42,22.85
17-Nov-00,Pompey,NA,RP1613,Epinephelus_polyphekadion,430,F,1358.482,0.236,8,25.52,22.94
15-Jun-02,Pompey,NA,RP1784,Epinephelus_polyphekadion,517,F,1364.42,0.233,10,25.57,22.96
14-Dec-01,Pompey,NA,RP1805,Epinephelus_polyphekadion,391,F,1077.048,0.1229,5,25.67,23
19-Nov-00,Pompey,NA,RP1598,Epinephelus_polyphekadion,408,F,1369.612,0.1896,9,25.45,22.9
19-Nov-00,Pompey,NA,RP1597,Epinephelus_polyphekadion,515,F,1366.288,0.2406,10,25.42,22.85
06-Dec-01,Pompey,NA,x248113,Epinephelus_polyphekadion,628,F,2431.404,0.7028,32,25.43,22.69
04-Dec-01,Pompey,NA,x257655,Epinephelus_polyphekadion,377,F,1240.265,NA,7,25.6,22.92
02-Dec-02,Pompey,NA,x281279,Epinephelus_polyphekadion,372,F,1221.166,0.1324,8,25.62,22.94
01-Dec-02,Pompey,NA,x283033,Epinephelus_polyphekadion,465,F,1130.697,0.1901,7,25.69,23.03
01-Nov-01,Pompey,NA,RP1000,Epinephelus_polyphekadion,465,F,1260.041,0.2155,9,25.55,22.95
12-Oct-01,Pompey,NA,RP1002,Epinephelus_polyphekadion,483,F,1296.626,0.2364,10,25.48,22.91
12-Oct-01,Pompey,NA,RP1010,Epinephelus_polyphekadion,445,F,1206.521,0.1796,9,25.55,22.95
10-Jun-02,Pompey,NA,RP1781,Epinephelus_polyphekadion,405,F,1182.472,0.1495,8,25.62,22.94
18-May-02,Pompey,NA,RP1785,Epinephelus_polyphekadion,439,F,1087.579,0.173,6,25.69,23.02
02-Feb-02,Pompey,NA,RP1792,Epinephelus_polyphekadion,425,F,1152.828,0.1745,5,25.67,23
20-Aug-01,Pompey,NA,RP821,Epinephelus_polyphekadion,466,F,1474.33,0.2277,10,25.48,22.91
05-Aug-01,Pompey,NA,RP886,Epinephelus_polyphekadion,459,F,1269.827,0.2455,10,25.48,22.91
05-Aug-01,Pompey,NA,RP888,Epinephelus_polyphekadion,475,F,1524.267,0.2803,11,25.45,22.86
19-Aug-01,Pompey,NA,RP891,Epinephelus_polyphekadion,491,F,1387.534,0.2402,9,25.55,22.95
17-Aug-01,Pompey,NA,RP892,Epinephelus_polyphekadion,382,F,1022.52,0.1169,7,25.6,22.92
15-Sep-01,Pompey,NA,RP894,Epinephelus_polyphekadion,447,F,978.528,0.1677,6,25.67,23.02
12-Nov-01,Pompey,NA,RP999,Epinephelus_polyphekadion,452,F,1235.347,0.1806,6,25.67,23.02
03-Nov-01,Townsville,NA,x249158,Epinephelus_polyphekadion,424,F,1493.856,0.2,11,26.15,23.65
06-Nov-01,Townsville,NA,x260185,Epinephelus_polyphekadion,450,M,1381.046,0.22,10,26.17,23.67
22-Nov-02,Townsville,NA,x273072,Epinephelus_polyphekadion,265,F,857.363,0.081,4,26.34,23.69
20-Nov-02,Townsville,NA,x285065,Epinephelus_polyphekadion,381,F,1078.236,0.139,5,26.28,23.61
07-Jul-01,Townsville,NA,RP648,Epinephelus_polyphekadion,490,F,1360.857,0.2886,9,26.23,23.76
07-Jul-01,Townsville,NA,RP651,Epinephelus_polyphekadion,428,F,1314.545,NA,11,26.15,23.65
07-Jul-01,Townsville,NA,RP652,Epinephelus_polyphekadion,443,F,1441.607,0.2203,8,26.26,23.76
07-Jul-01,Townsville,NA,RP653,Epinephelus_polyphekadion,415,F,1237.359,NA,9,26.23,23.76
07-Jul-01,Townsville,NA,RP655,Epinephelus_polyphekadion,401,F,1441.608,0.1878,10,26.17,23.67
24-Jul-01,Townsville,NA,RP673,Epinephelus_polyphekadion,505,T,1174.422,0.2504,7,26.3,23.74
24-Jul-01,Townsville,NA,RP675,Epinephelus_polyphekadion,409,F,1201.733,0.1844,9,26.23,23.76
24-Jul-01,Townsville,NA,RP678,Epinephelus_polyphekadion,389,F,1414.295,0.2031,9,26.23,23.76
24-Jul-01,Townsville,NA,RP679,Epinephelus_polyphekadion,286,F,1079.423,0.0966,6,26.34,23.76
04-Aug-01,Townsville,NA,RP746,Epinephelus_polyphekadion,468,F,1473.67,0.2473,10,26.17,23.67
04-Aug-01,Townsville,NA,RP748,Epinephelus_polyphekadion,436,F,1453.482,0.2218,10,26.17,23.67
04-Aug-01,Townsville,NA,RP749,Epinephelus_polyphekadion,428,F,1415.483,0.2366,11,26.15,23.65
04-Aug-01,Townsville,NA,RP751,Epinephelus_polyphekadion,358,F,1098.422,0.1315,8,26.26,23.76
01-Sep-01,Townsville,NA,RP807,Epinephelus_polyphekadion,391,F,1044.986,0.1633,6,26.34,23.76
01-Sep-01,Townsville,NA,RP811,Epinephelus_polyphekadion,542,M,2203.972,0.6562,22,26.12,23.51
01-Sep-01,Townsville,NA,RP812,Epinephelus_polyphekadion,493,M,1460.606,0.2564,11,26.15,23.65
01-Sep-01,Townsville,NA,RP813,Epinephelus_polyphekadion,520,M,1986.661,0.3811,22,26.12,23.51
01-Sep-01,Townsville,NA,RP814,Epinephelus_polyphekadion,502,M,1451.108,0.312,12,26.14,23.63
01-Sep-01,Townsville,NA,RP815,Epinephelus_polyphekadion,502,F,1442.795,0.2863,11,26.15,23.65
07-Aug-01,Townsville,NA,RP884,Epinephelus_polyphekadion,491,M,1743.225,0.3732,20,26.15,23.53
03-Aug-01,Townsville,NA,RP889,Epinephelus_polyphekadion,482,F,1617.355,0.2544,12,26.14,23.63
24-Nov-01,Townsville,NA,RP904,Epinephelus_polyphekadion,445,F,1421.418,0.234,8,26.26,23.76
26-Nov-01,Townsville,NA,RP949,Epinephelus_polyphekadion,527,F,2981.776,0.5237,27,26.1,23.44
21-Nov-01,Townsville,NA,RP971,Epinephelus_polyphekadion,570,M,2085.226,0.4621,23,26.12,23.52
21-Nov-01,Townsville,NA,RP972,Epinephelus_polyphekadion,565,M,2003.287,0.5372,22,26.12,23.51
10-Oct-01,Townsville,NA,RP984,Epinephelus_polyphekadion,578,NA,2307.282,0.4608,26,26.11,23.46
09-Sep-01,Townsville,NA,RP1014,Epinephelus_polyphekadion,416,F,1153.047,0.2086,9,26.23,23.76
09-Sep-01,Townsville,NA,RP1015,Epinephelus_polyphekadion,428,F,1274.171,0.2499,9,26.23,23.76
09-Sep-01,Townsville,NA,RP1018,Epinephelus_polyphekadion,473,F,1221.922,0.275,12,26.14,23.63
09-Sep-01,Townsville,NA,RP1022,Epinephelus_polyphekadion,466,F,1629.23,0.2631,11,26.15,23.65
19-Oct-00,Townsville,NA,RP1604,Epinephelus_polyphekadion,285,F,906.503,0.093,4,26.3,23.72
21-Oct-00,Townsville,NA,RP1608,Epinephelus_polyphekadion,392,F,1138.797,0.181,8,26.22,23.76
08-Apr-02,Townsville,NA,RP1811,Epinephelus_polyphekadion,472,F,1567.478,0.2732,11,26.19,23.66
13-Jan-03,Townsville,NA,RP1927,Epinephelus_polyphekadion,327,F,984.426,0.1147,4,26.27,23.57
17-Jul-00,SeyAm,NA,Epoly02,Epinephelus_polyphekadion,378,NA,898.377,0.115,5,27.17,24.86
18-Sep-00,SeyAm,NA,Epoly03,Epinephelus_polyphekadion,425,NA,1341.857,0.1892,9,27.19,24.83
18-Sep-00,SeyAm,NA,Epoly05,Epinephelus_polyphekadion,505,NA,2075.722,0.4374,19,27.16,24.91
18-Sep-00,SeyAm,NA,Epoly06,Epinephelus_polyphekadion,464,NA,1202.364,0.1911,9,27.19,24.83
18-Sep-00,SeyAm,NA,Epoly08,Epinephelus_polyphekadion,370,NA,1240.921,0.1754,9,27.19,24.83
18-Sep-00,SeyAm,NA,Epoly10,Epinephelus_polyphekadion,409,NA,1180.36,0.1635,7,27.17,24.84
15-Dec-99,SeyAm,NA,Epoly16,Epinephelus_polyphekadion,438,NA,1334.733,0.1771,10,27.17,24.83
15-Dec-99,SeyAm,NA,Epoly18,Epinephelus_polyphekadion,609,NA,1744.414,0.4014,20,27.18,24.94
15-Dec-99,SeyAm,NA,Epoly23,Epinephelus_polyphekadion,617,NA,1899.975,0.4598,19,27.18,24.94
22-Jul-00,SeyAm,NA,Epoly31,Epinephelus_polyphekadion,470,NA,1101.985,0.2065,7,27.17,24.84
10-Sep-00,SeyAm,NA,Epoly32,Epinephelus_polyphekadion,660,NA,1873.851,0.381,21,27.17,24.93
17-Jul-00,SeyAm,NA,Epoly33,Epinephelus_polyphekadion,356,NA,881.798,0.1067,4,27.15,24.81
13-Sep-00,SeyAm,NA,Epoly36,Epinephelus_polyphekadion,459,NA,1126.923,0.1836,8,27.17,24.83
18-Sep-00,SeyAm,NA,Epoly38,Epinephelus_polyphekadion,384,NA,1116.236,0.16,7,27.17,24.84
15-Sep-00,SeyAm,NA,Epoly40,Epinephelus_polyphekadion,447,NA,1239.734,0.1775,10,27.18,24.84
15-Sep-00,SeyAm,NA,Epoly41,Epinephelus_polyphekadion,348,NA,923.862,0.1182,5,27.17,24.86
13-Nov-00,SeyAm,NA,Epoly50,Epinephelus_polyphekadion,544,NA,1717.104,0.3935,17,27.16,24.87
19-Nov-00,SeyAm,NA,Epoly67,Epinephelus_polyphekadion,390,NA,1147.11,0.1533,5,27.17,24.86
20-Nov-00,SeyAm,NA,Epoly72,Epinephelus_polyphekadion,440,NA,997.487,NA,6,27.18,24.85
13-Jan-02,SeyAm,NA,RP1192,Epinephelus_polyphekadion,455,NA,1117.424,0.1909,5,27.19,24.85
16-Jan-02,SeyAm,NA,RP1402,Epinephelus_polyphekadion,562,NA,1468.917,0.3022,13,27.15,24.8
16-Nov-02,SeyAm,NA,RP1858,Epinephelus_polyphekadion,484,NA,1113.861,0.2052,8,27.16,24.82
11-Jan-02,SeyAm,NA,RP1147,Epinephelus_polyphekadion,408,NA,1019.552,0.1404,6,27.14,24.79
12-Jan-02,SeyAm,NA,RP1179,Epinephelus_polyphekadion,480,NA,1203.36,0.1844,6,24.14,24.79
16-Jan-02,SeyAm,NA,RP1359,Epinephelus_polyphekadion,460,NA,1362.569,0.224,14,27.16,24.81
16-Jan-02,SeyAm,NA,RP1404,Epinephelus_polyphekadion,506,NA,1388.722,0.2586,12,27.17,24.82
17-Jan-02,SeyAm,NA,RP1487,Epinephelus_polyphekadion,627,NA,1911.419,0.4612,21,27.16,24.89
20-Jul-00,SeyAm,NA,RP1650,Epinephelus_polyphekadion,653,NA,2542.034,0.7272,28,27.1,24.93
17-Jul-00,SeyAm,NA,RP1651,Epinephelus_polyphekadion,575,NA,1852.428,0.3946,20,27.17,24.93
16-Nov-02,SeyAm,NA,RP1867,Epinephelus_polyphekadion,530,NA,1442.23,0.2478,10,27.16,24.81
09-Oct-10,Kavieng,NA,P0202,Epinephelus_polyphekadion,298,F,983.257,0.0947,4,29.74,29.48
09-Oct-10,Kavieng,NA,P0203,Epinephelus_polyphekadion,286,NA,913.193,0.0987,4,29.74,29.48
13-Oct-10,Kavieng,NA,P0204,Epinephelus_polyphekadion,280,F,818.881,0.0808,3,29.74,29.5
15-Oct-10,Kavieng,NA,P0205,Epinephelus_polyphekadion,268,F,778.288,0.079,3,29.74,29.5
15-Oct-10,Kavieng,NA,P0206,Epinephelus_polyphekadion,278,F,1087.891,0.1108,5,29.73,29.42
16-Oct-10,Kavieng,NA,P0207,Epinephelus_polyphekadion,335,NA,1011.993,0.1138,5,29.73,29.42
16-Oct-10,Kavieng,NA,P0208,Epinephelus_polyphekadion,312,F,923.022,0.1048,5,29.73,29.42
16-Oct-10,Kavieng,NA,P0209,Epinephelus_polyphekadion,284,F,960.874,0.0771,4,29.74,29.48
20-Oct-10,Kavieng,NA,P0211,Epinephelus_polyphekadion,250,M,823.754,0.0662,3,29.74,29.5
20-Oct-10,Kavieng,NA,P0212,Epinephelus_polyphekadion,344,F,1232.329,0.1566,6,29.74,29.41
20-Oct-10,Kavieng,NA,P0213,Epinephelus_polyphekadion,295,NA,922.622,0.1024,4,29.74,29.48
22-Oct-10,Kavieng,NA,P0214,Epinephelus_polyphekadion,254,NA,961.509,0.0717,4,29.74,29.48
27-Oct-10,Kavieng,NA,P0215,Epinephelus_polyphekadion,320,F,957.166,0.1272,6,29.74,29.41
27-Oct-10,Kavieng,NA,P0216,Epinephelus_polyphekadion,319,F,961.812,0.1118,5,29.73,29.42
27-Oct-10,Kavieng,NA,P0217,Epinephelus_polyphekadion,315,NA,982.765,0.1102,6,29.74,29.41
27-Oct-10,Kavieng,NA,P0218,Epinephelus_polyphekadion,346,F,1069.553,0.1269,6,29.74,29.41
27-Oct-10,Kavieng,NA,P0219,Epinephelus_polyphekadion,345,F,1057.261,NA,4,29.74,29.48
27-Oct-10,Kavieng,NA,P0220,Epinephelus_polyphekadion,280,F,723.023,0.0728,4,29.74,29.48
27-Oct-10,Kavieng,NA,P0221,Epinephelus_polyphekadion,278,F,969.277,0.1002,5,29.73,29.42
28-Oct-10,Kavieng,NA,P0222,Epinephelus_polyphekadion,362,NA,1134.303,0.1585,7,29.73,29.36
28-Oct-10,Kavieng,NA,P0225,Epinephelus_polyphekadion,307,NA,888.117,0.1105,4,29.74,29.48
29-Oct-10,Kavieng,NA,P0228,Epinephelus_polyphekadion,210,F,686.409,0.0461,2,29.77,29.49
29-Oct-10,Kavieng,NA,P0229,Epinephelus_polyphekadion,335,F,1181.367,0.157,6,29.74,29.41
30-Oct-10,Kavieng,NA,P0233,Epinephelus_polyphekadion,314,F,1024.185,0.1195,5,29.73,29.42
30-Oct-10,Kavieng,NA,P0234,Epinephelus_polyphekadion,332,F,981.066,0.1148,4,29.74,29.48
30-Oct-10,Kavieng,NA,P0235,Epinephelus_polyphekadion,243,NA,809.336,0.0688,3,29.74,29.5
30-Oct-10,Kavieng,NA,P0236,Epinephelus_polyphekadion,250,F,781.973,0.0718,3,29.74,29.5
31-Oct-10,Kavieng,NA,P0237,Epinephelus_polyphekadion,381,F,1443.504,0.2047,9,29.74,29.37
05-Nov-10,Kavieng,NA,P0239,Epinephelus_polyphekadion,290,F,825.113,0.0947,4,29.74,29.48
05-Nov-10,Kavieng,NA,P0240,Epinephelus_polyphekadion,361,F,1087.072,0.1243,5,29.73,29.42
05-Nov-10,Kavieng,NA,P0241,Epinephelus_polyphekadion,275,F,795.213,0.0759,3,29.74,29.5
06-Nov-10,Kavieng,NA,P0244,Epinephelus_polyphekadion,246,F,723.778,0.0588,3,29.74,29.5
10-Nov-10,Kavieng,NA,P0245,Epinephelus_polyphekadion,346,F,1046.051,0.1298,5,29.73,29.42
11-Mar-10,Kavieng,NA,P0550,Epinephelus_polyphekadion,300,M,1568.697,0.1676,10,29.72,29.33
12-Mar-10,Kavieng,NA,P0551,Epinephelus_polyphekadion,290,B,1347.822,0.1194,9,29.74,29.37
12-Mar-10,Kavieng,NA,P0552,Epinephelus_polyphekadion,285,M,1231.444,0.1277,7,29.73,29.36
12-Mar-10,Kavieng,NA,P0554,Epinephelus_polyphekadion,270,F,1371.573,0.103,8,29.75,29.38
12-Mar-10,Kavieng,NA,P0555,Epinephelus_polyphekadion,280,M,1398.885,0.12,8,29.75,29.38
13-Mar-10,Kavieng,NA,P0556,Epinephelus_polyphekadion,395,NA,2041.325,0.3592,14,29.67,29.31
13-Mar-10,Kavieng,NA,P0557,Epinephelus_polyphekadion,300,NA,1286.072,0.1277,7,29.73,29.36
18-Mar-10,Kavieng,NA,P0564,Epinephelus_polyphekadion,315,NA,1814.512,0.28,11,29.71,29.34
09-Aug-10,Kavieng,NA,P0581,Epinephelus_polyphekadion,160,NA,544.951,0.0227,1,29.84,29.67
09-Aug-10,Kavieng,NA,P0582,Epinephelus_polyphekadion,180,F,482.777,0.0251,1,29.84,29.67
17-Jan-11,Kavieng,NA,P0845,Epinephelus_polyphekadion,280,M,1413.133,0.1036,9,29.74,29.37
26-Jan-11,Kavieng,NA,P0847,Epinephelus_polyphekadion,280,NA,1546.136,0.1681,9,29.74,29.37
20-Nov-10,Kavieng,NA,P1466,Epinephelus_polyphekadion,176,NA,529.607,0.0274,1,29.84,29.67
27-Jan-11,Kavieng,NA,P3000,Epinephelus_polyphekadion,446,NA,1553.26,0.2834,12,29.7,29.34
27-Jan-11,Kavieng,NA,P3001,Epinephelus_polyphekadion,440,NA,1223.134,0.2274,8,29.75,29.38
27-Jan-11,Kavieng,NA,P3002,Epinephelus_polyphekadion,384,NA,1107.944,0.2045,8,29.75,29.38
27-Jan-11,Kavieng,NA,P3003,Epinephelus_polyphekadion,380,NA,1562.76,0.2229,11,29.71,29.34
12-Mar-11,Kavieng,NA,P3005,Epinephelus_polyphekadion,416,F,1433.321,0.2074,10,29.72,29.33
12-Mar-11,Kavieng,NA,P3006,Epinephelus_polyphekadion,449,NA,2023.512,0.308,16,29.71,29.36
15-Oct-97,NewCaledonia,NA,NC9710EP01,Epinephelus_polyphekadion,480,NA,1833.224,0.273,15,24.6,22.62
15-Oct-97,NewCaledonia,NA,NC9710EP02,Epinephelus_polyphekadion,261,NA,989.97,0.068,4,24.65,22.49
15-Oct-97,NewCaledonia,NA,NC9710EP03,Epinephelus_polyphekadion,319,NA,1008.437,0.107,5,24.54,22.47
15-Oct-97,NewCaledonia,NA,NC9710EP04,Epinephelus_polyphekadion,206,NA,965.996,0.066,6,24.5,22.48
15-Oct-97,NewCaledonia,NA,NC9710EP05,Epinephelus_polyphekadion,397,NA,1364.882,0.186,10,24.58,22.62
15-Oct-97,NewCaledonia,NA,NC9710EP06,Epinephelus_polyphekadion,404,NA,1342.984,0.161,10,24.58,22.62
15-Oct-97,NewCaledonia,NA,NC9710EP07,Epinephelus_polyphekadion,365,NA,1378.263,0.142,9,24.54,22.56
15-Oct-97,NewCaledonia,NA,NC9710EP08,Epinephelus_polyphekadion,375,NA,1206.742,0.146,9,24.54,22.56
15-Oct-97,NewCaledonia,NA,NC9710EP09,Epinephelus_polyphekadion,428,NA,1287.028,0.191,10,24.58,22.62
15-Oct-97,NewCaledonia,NA,NC9710EP10,Epinephelus_polyphekadion,328,NA,987.775,0.097,5,24.54,22.47
15-Oct-97,NewCaledonia,NA,NC9710EP11,Epinephelus_polyphekadion,343,NA,1008.455,0.111,6,24.5,22.48
15-Oct-97,NewCaledonia,NA,NC9710EP12,Epinephelus_polyphekadion,494,NA,1778.482,0.353,14,24.6,22.61
15-Nov-97,NewCaledonia,NA,NC9711EP01,Epinephelus_polyphekadion,303,NA,937.9,0.104,6,24.5,22.48
15-Nov-97,NewCaledonia,NA,NC9711EP02,Epinephelus_polyphekadion,285,NA,818.685,0.091,5,24.54,22.47
15-Nov-97,NewCaledonia,NA,NC9711EP04,Epinephelus_polyphekadion,401,NA,942.765,0.093,5,24.54,22.47
15-Nov-97,NewCaledonia,NA,NC9711EP05,Epinephelus_polyphekadion,318,NA,845.448,0.106,5,24.54,22.47
15-Nov-97,NewCaledonia,NA,NC9711EP06,Epinephelus_polyphekadion,294,NA,844.232,0.088,5,24.54,22.47
15-Nov-97,NewCaledonia,NA,NC9711EP07,Epinephelus_polyphekadion,402,NA,1136.186,0.147,7,24.49,22.5
15-Nov-97,NewCaledonia,NA,NC9711EP08,Epinephelus_polyphekadion,483,NA,1872.149,0.332,19,24.59,22.54
15-Nov-97,NewCaledonia,NA,NC9711EP09,Epinephelus_polyphekadion,374,NA,1442.735,0.192,11,24.57,22.62
15-Nov-97,NewCaledonia,NA,NC9711EP10,Epinephelus_polyphekadion,377,NA,1463.416,0.187,11,24.57,22.62
15-Nov-97,NewCaledonia,NA,NC9711EP11,Epinephelus_polyphekadion,402,NA,1689.682,0.212,16,24.58,22.59
15-Nov-97,NewCaledonia,NA,NC9711EP12,Epinephelus_polyphekadion,287,NA,1048.598,0.089,7,24.49,22.5
15-Nov-97,NewCaledonia,NA,NC9711EP13,Epinephelus_polyphekadion,457,NA,1801.595,0.352,20,24.59,22.54
15-Nov-97,NewCaledonia,NA,NC9711EP14,Epinephelus_polyphekadion,300,NA,1052.248,0.09,7,24.49,22.5
15-Nov-97,NewCaledonia,NA,NC9711EP15,Epinephelus_polyphekadion,313,NA,1175.113,0.114,7,24.49,22.5
15-Nov-97,NewCaledonia,NA,NC9711EP16,Epinephelus_polyphekadion,353,NA,1143.484,0.134,8,24.52,22.52
15-Nov-97,NewCaledonia,NA,NC9711EP17,Epinephelus_polyphekadion,333,NA,993.858,0.124,6,24.5,22.48
15-Nov-97,NewCaledonia,NA,NC9711EP18,Epinephelus_polyphekadion,458,NA,1632.505,0.272,13,24.6,22.59
15-Nov-97,NewCaledonia,NA,NC9711EP19,Epinephelus_polyphekadion,378,NA,1268.781,0.172,9,24.54,22.56
15-Nov-97,NewCaledonia,NA,NC9711EP20,Epinephelus_polyphekadion,480,NA,1620.339,0.327,18,24.59,22.54
15-Nov-97,NewCaledonia,NA,NC9711EP21,Epinephelus_polyphekadion,410,NA,1266.347,0.197,9,24.54,22.56
15-Nov-97,NewCaledonia,NA,NC9711EP22,Epinephelus_polyphekadion,550,NA,2091.115,0.455,22,24.6,22.54
15-Nov-97,NewCaledonia,NA,NC9711EP23,Epinephelus_polyphekadion,488,NA,1669.003,0.316,18,24.59,22.54
15-Nov-97,NewCaledonia,NA,NC9711EP24,Epinephelus_polyphekadion,462,NA,1266.347,0.197,9,24.54,22.56
15-Nov-97,NewCaledonia,NA,NC9711EP25,Epinephelus_polyphekadion,470,NA,1547.353,0.24,13,24.6,22.59
15-Nov-97,NewCaledonia,NA,NC9711EP26,Epinephelus_polyphekadion,495,NA,1643.454,0.272,14,24.6,22.61
15-Nov-97,NewCaledonia,NA,NC9711EP27a,Epinephelus_polyphekadion,535,NA,1888.798,0.379,19,24.59,22.54
15-Nov-97,NewCaledonia,NA,NC9711EP27b,Epinephelus_polyphekadion,535,NA,1841.365,0.379,19,24.59,22.54
15-Nov-97,NewCaledonia,NA,NC9711EP28,Epinephelus_polyphekadion,439,NA,1781.771,0.247,16,24.58,22.59
15-Nov-97,NewCaledonia,NA,NC9711EP29,Epinephelus_polyphekadion,465,NA,1888.799,0.303,20,24.59,22.54
15-Nov-97,NewCaledonia,NA,NC9711EP30,Epinephelus_polyphekadion,417,NA,1358.526,0.2,9,24.54,22.56
15-Nov-97,NewCaledonia,NA,NC9711EP31,Epinephelus_polyphekadion,553,NA,2100.424,0.391,20,24.59,22.54
15-Nov-97,NewCaledonia,NA,NC9711EP32,Epinephelus_polyphekadion,435,NA,1270.956,0.207,7,24.49,22.5
15-Nov-97,NewCaledonia,NA,NC9711EP33,Epinephelus_polyphekadion,508,NA,1719.741,0.406,17,24.58,22.57
15-Nov-97,NewCaledonia,NA,NC9711EP34,Epinephelus_polyphekadion,504,NA,1564.068,0.338,17,24.58,22.57
15-Nov-97,NewCaledonia,NA,NC9711EP35,Epinephelus_polyphekadion,527,NA,1637.042,0.434,20,24.59,22.54
15-Nov-97,NewCaledonia,NA,NC9711EP36,Epinephelus_polyphekadion,325,NA,1031.36,0.12,7,24.49,22.5
15-Nov-97,NewCaledonia,NA,NC9711EP37,Epinephelus_polyphekadion,383,NA,1217.443,0.177,9,24.54,22.56
15-Nov-97,NewCaledonia,NA,NC9711EP38,Epinephelus_polyphekadion,450,NA,1504.472,0.301,16,24.58,22.59
15-Nov-97,NewCaledonia,NA,NC9711EP39,Epinephelus_polyphekadion,421,NA,1401.094,0.199,11,24.57,22.62
15-Nov-97,NewCaledonia,NA,NC9711EP40,Epinephelus_polyphekadion,507,NA,1789.068,0.357,19,24.59,22.54
15-Nov-97,NewCaledonia,NA,NC9711EP41,Epinephelus_polyphekadion,389,NA,1751.363,0.178,13,24.6,22.59
15-Nov-97,NewCaledonia,NA,NC9711EP42,Epinephelus_polyphekadion,475,NA,1871.771,0.335,22,24.6,22.54
15-Nov-97,NewCaledonia,NA,NC9711EP45,Epinephelus_polyphekadion,425,NA,1273.387,0.236,10,24.58,22.62
15-Nov-97,NewCaledonia,NA,NC9711EP46,Epinephelus_polyphekadion,504,NA,1657.718,0.396,18,24.59,22.54
15-Nov-97,NewCaledonia,NA,NC9711EP47,Epinephelus_polyphekadion,522,NA,2096.772,0.389,21,24.59,22.54
15-Nov-97,NewCaledonia,NA,NC9711EP48,Epinephelus_polyphekadion,515,NA,1880.285,0.361,17,24.58,22.57
15-Nov-97,NewCaledonia,NA,NC9711EP50,Epinephelus_polyphekadion,575,NA,2195.287,0.49,21,24.59,22.54
15-Nov-97,NewCaledonia,NA,NC9711EP51,Epinephelus_polyphekadion,334,NA,1312.307,0.133,9,24.54,22.56
15-Nov-97,NewCaledonia,NA,NC9711EP52,Epinephelus_polyphekadion,504,NA,2018.934,0.367,21,24.59,22.54
15-Nov-97,NewCaledonia,NA,NC9711EP53,Epinephelus_polyphekadion,472,NA,1481.363,0.233,12,24.57,22.6
15-Nov-97,NewCaledonia,NA,NC9711EP54,Epinephelus_polyphekadion,389,NA,1187.036,0.164,9,24.54,22.56
15-Nov-97,NewCaledonia,NA,NC9711EP55,Epinephelus_polyphekadion,438,NA,1736.768,0.375,19,24.59,22.54
15-Nov-97,NewCaledonia,NA,NC9711EP56,Epinephelus_polyphekadion,532,NA,1470.417,0.218,11,24.57,22.62
15-Nov-97,NewCaledonia,NA,NC9711EP57,Epinephelus_polyphekadion,333,NA,1307.442,0.118,9,24.54,22.56
15-Nov-97,NewCaledonia,NA,NC9711EP58,Epinephelus_polyphekadion,439,NA,1645.552,0.245,14,24.6,22.61
15-Nov-97,NewCaledonia,NA,NC9711EP59,Epinephelus_polyphekadion,447,NA,1274.605,0.229,10,24.58,22.62
15-Nov-97,NewCaledonia,NA,NC9711EP60,Epinephelus_polyphekadion,464,NA,1908.259,0.268,19,24.59,22.54
15-Nov-97,NewCaledonia,NA,NC9711EP61,Epinephelus_polyphekadion,510,NA,1343.93,0.25,11,24.57,22.62
15-Nov-97,NewCaledonia,NA,NC9711EP62,Epinephelus_polyphekadion,472,NA,1449.741,0.249,11,24.57,22.62
15-Nov-97,NewCaledonia,NA,NC9711EP64,Epinephelus_polyphekadion,387,NA,1286.766,0.174,8,24.52,22.52
15-Nov-97,NewCaledonia,NA,NC9711EP65,Epinephelus_polyphekadion,415,NA,1222.307,0.188,7,24.49,22.5
15-Nov-97,NewCaledonia,NA,NC9711EP66,Epinephelus_polyphekadion,333,NA,1114.062,0.137,8,24.52,22.52
15-Nov-97,NewCaledonia,NA,NC9711EP68,Epinephelus_polyphekadion,518,NA,2018.933,0.338,22,24.6,22.54
15-Nov-97,NewCaledonia,NA,NC9711EP69,Epinephelus_polyphekadion,452,NA,1250.28,0.25,9,24.54,22.56
15-Nov-97,NewCaledonia,NA,NC9711EP71,Epinephelus_polyphekadion,253,NA,1014.332,0.072,6,24.5,22.48
15-Nov-97,NewCaledonia,NA,NC9711EP72,Epinephelus_polyphekadion,497,NA,1606.634,0.258,12,24.57,22.6
15-Nov-97,NewCaledonia,NA,NC9711EP73,Epinephelus_polyphekadion,352,NA,1069.062,0.136,7,24.49,22.5
15-Nov-97,NewCaledonia,NA,NC9711EP74,Epinephelus_polyphekadion,502,NA,1470.417,0.248,13,24.6,22.59
15-Nov-97,NewCaledonia,NA,NC9711EP75,Epinephelus_polyphekadion,456,NA,1554.337,0.272,14,24.6,22.61
15-Nov-97,NewCaledonia,NA,NC9711EP76,Epinephelus_polyphekadion,409,NA,1286.766,0.165,8,24.52,22.52
15-Nov-97,NewCaledonia,NA,NC9711EP77,Epinephelus_polyphekadion,472,NA,1416.904,0.256,12,24.57,22.6
15-Nov-97,NewCaledonia,NA,NC9711EP78,Epinephelus_polyphekadion,414,NA,1281.901,0.196,9,24.54,22.56
15-Nov-97,NewCaledonia,NA,NC9711EP79,Epinephelus_polyphekadion,322,NA,1044.737,0.114,6,24.5,22.48
15-Nov-97,NewCaledonia,NA,NC9711EP80,Epinephelus_polyphekadion,450,NA,1420.552,0.231,15,24.6,22.62
15-Nov-97,NewCaledonia,NA,NC9711EP81,Epinephelus_polyphekadion,434,NA,1452.173,0.209,13,24.6,22.59
15-Nov-97,NewCaledonia,NA,NC9711EP82,Epinephelus_polyphekadion,395,NA,1337.849,0.165,10,24.58,22.62
15-Nov-97,NewCaledonia,NA,NC9711EP83,Epinephelus_polyphekadion,344,NA,1174.875,0.115,9,24.54,22.56
15-Nov-97,NewCaledonia,NA,NC9711EP84,Epinephelus_polyphekadion,400,NA,1332.983,0.174,10,24.58,22.62
15-Nov-97,NewCaledonia,NA,NC9711EP85,Epinephelus_polyphekadion,595,NA,2682.993,0.572,31,24.65,22.6
15-Aug-97,Palau,NA,PK9708EP03,Epinephelus_polyphekadion,450,M,1520.281,0.299,9,28.95,28.16
15-Aug-97,Palau,NA,PK9708EP04,Epinephelus_polyphekadion,444,M,2207.451,0.309,16,28.9,28.15
15-Aug-97,Palau,NA,PK9708EP05,Epinephelus_polyphekadion,387,F,1262.443,0.194,4,29.09,28.28
15-Aug-97,Palau,NA,PK9708EP06,Epinephelus_polyphekadion,462,M,1526.364,0.255,10,28.97,28.18
15-Aug-97,Palau,NA,PK9708EP07,Epinephelus_polyphekadion,433,F,1467.983,0.206,9,28.95,28.16
15-Aug-97,Palau,NA,PK9708EP08,Epinephelus_polyphekadion,462,F,2296.234,0.357,15,28.92,28.14
15-Aug-97,Palau,NA,PK9708EP09,Epinephelus_polyphekadion,426,M,1187.037,0.227,8,28.92,28.12
15-Aug-97,Palau,NA,PK9708EP10,Epinephelus_polyphekadion,395,F,1525.148,0.237,9,28.95,28.16
15-Aug-97,Palau,NA,PK9708EP11,Epinephelus_polyphekadion,423,M,1329.334,0.182,8,28.92,28.12
15-Aug-97,Palau,NA,PK9708EP12,Epinephelus_polyphekadion,426,M,1386.498,0.214,9,28.95,28.16
15-Aug-97,Palau,NA,PK9708EP13,Epinephelus_polyphekadion,396,F,1224.739,0.161,7,28.93,28.11
15-Aug-97,Palau,NA,PK9708EP14,Epinephelus_polyphekadion,402,F,1195.55,0.177,7,28.93,28.11
15-Aug-97,Palau,NA,PK9708EP15,Epinephelus_polyphekadion,430,F,1930.15,0.376,15,28.92,28.14
15-Aug-97,Palau,NA,PK9708EP16,Epinephelus_polyphekadion,384,F,1382.849,0.193,7,28.93,28.11
15-Aug-97,Palau,NA,PK9708EP17,Epinephelus_polyphekadion,362,F,1073.928,0.151,6,29,28.13
15-Aug-97,Palau,NA,PK9708EP18,Epinephelus_polyphekadion,380,F,1005.818,0.121,6,29,28.13
15-Aug-97,Palau,NA,PK9708EP19,Epinephelus_polyphekadion,420,M,1324.47,0.211,7,28.93,28.11
15-Aug-97,Palau,NA,PK9708EP20,Epinephelus_polyphekadion,388,F,1391.362,0.205,9,28.95,28.16
15-Aug-97,Palau,NA,PK9708EP21,Epinephelus_polyphekadion,282,NA,1146.9,0.118,6,29,28.13
15-Aug-97,Palau,NA,PK9708EP22,Epinephelus_polyphekadion,336,M,1840.149,0.207,10,28.97,28.18
15-Aug-97,Palau,NA,PK9708EP23,Epinephelus_polyphekadion,235,NA,853.791,0.07,4,29.09,28.28
15-Aug-97,Palau,NA,PK9708EP24,Epinephelus_polyphekadion,307,F,1171.225,0.114,6,29,28.13
15-Aug-97,Palau,NA,PK9708EP25,Epinephelus_polyphekadion,446,F,1719.742,0.294,12,28.95,28.16
15-Aug-97,Palau,NA,PK9708EP26,Epinephelus_polyphekadion,413,F,1534.877,0.232,8,28.92,28.12
15-Aug-97,Palau,NA,PK9708EP27,Epinephelus_polyphekadion,447,M,1358.524,0.214,10,28.97,28.18
15-Aug-97,Palau,NA,PK9708EP28,Epinephelus_polyphekadion,383,F,1587.175,0.204,12,28.95,28.16
15-Aug-97,Palau,NA,PK9708EP29,Epinephelus_polyphekadion,415,F,1387.714,0.225,9,28.95,28.16
15-Aug-97,Palau,NA,PK9708EP30,Epinephelus_polyphekadion,437,M,1348.793,0.209,11,28.95,28.15
15-Aug-97,Palau,NA,PK9708EP31,Epinephelus_polyphekadion,442,F,2192.854,0.352,16,28.9,28.15
15-Aug-97,Palau,NA,PK9708EP32,Epinephelus_polyphekadion,436,F,1499.607,0.263,10,28.97,28.18
15-Aug-97,Palau,NA,PK9708EP34,Epinephelus_polyphekadion,422,M,1215.009,0.177,8,28.92,28.12
15-Aug-97,Palau,NA,PK9708EP35,Epinephelus_polyphekadion,397,M,1340.281,0.199,8,28.92,28.12
15-Aug-97,Palau,NA,PK9708EP36,Epinephelus_polyphekadion,444,M,1448.525,0.209,9,28.95,28.16
15-Aug-97,Palau,NA,PK9708EP42,Epinephelus_polyphekadion,346,NA,1087.306,0.126,6,29,28.13
15-Aug-97,Palau,NA,PK9708EP44,Epinephelus_polyphekadion,293,NA,966.901,0.111,5,29.05,28.23
15-Aug-97,Palau,NA,PK9708EP45,Epinephelus_polyphekadion,344,NA,1069.062,0.158,6,29,28.13
15-Aug-97,Palau,NA,PK9708EP46,Epinephelus_polyphekadion,301,NA,1210.143,0.124,7,28.93,28.11
15-Aug-97,Palau,NA,PK9708EP47,Epinephelus_polyphekadion,358,NA,1094.602,0.14,6,29,28.13
15-Aug-97,Palau,NA,PK9708EP52,Epinephelus_polyphekadion,350,NA,971.765,0.129,5,29.05,28.23
15-Aug-97,Palau,NA,PK9708EP53,Epinephelus_polyphekadion,381,F,1353.658,0.204,8,28.92,28.12
15-Aug-97,Palau,NA,PK9708EP54,Epinephelus_polyphekadion,419,M,1960.557,NA,12,28.95,28.16
15-Aug-97,Palau,NA,PK9708EP55,Epinephelus_polyphekadion,359,F,1536.093,0.17,10,28.97,28.18
15-Aug-97,Palau,NA,PK9708EP56,Epinephelus_polyphekadion,352,F,1581.092,0.212,10,28.97,28.18
15-Aug-97,Palau,NA,PK9708EP57,Epinephelus_polyphekadion,365,F,1832.852,0.228,12,28.95,28.16
15-Aug-97,Palau,NA,PK9708EP58,Epinephelus_polyphekadion,336,F,1352.443,0.136,8,28.92,28.12
15-Aug-97,Palau,NA,PK9708EP59,Epinephelus_polyphekadion,391,F,1165.144,0.149,6,29,28.13
15-Aug-97,Palau,NA,PK9708EP60,Epinephelus_polyphekadion,402,M,1109.197,0.174,6,29,28.13
15-Aug-97,Palau,NA,PK9708EP61,Epinephelus_polyphekadion,443,F,1821.905,0.31,13,28.94,28.15
15-Aug-97,Palau,NA,PK9708EP62,Epinephelus_polyphekadion,387,F,1482.58,0.235,10,28.97,28.18
15-Aug-97,Palau,NA,PK9708EP64,Epinephelus_polyphekadion,344,F,1733.122,0.196,9,28.95,28.16
15-Aug-97,Palau,NA,PK9708EP65,Epinephelus_polyphekadion,386,M,1298.93,0.19,9,28.95,28.16
15-Aug-97,Palau,NA,PK9708EP66,Epinephelus_polyphekadion,403,F,1842.581,0.236,13,28.94,28.15
15-Aug-97,Palau,NA,PK9708EP67,Epinephelus_polyphekadion,436,F,1872.989,0.233,11,28.95,28.15
15-Aug-97,Palau,NA,PK9708EP68,Epinephelus_polyphekadion,446,M,1707.58,0.242,13,28.94,28.15
15-Aug-97,Palau,NA,PK9708EP69,Epinephelus_polyphekadion,426,M,1787.853,0.321,13,28.94,28.15
15-Aug-97,Palau,NA,PK9708EP70,Epinephelus_polyphekadion,418,M,1602.986,0.254,11,28.95,28.15
15-Aug-97,Palau,NA,PK9708EP74,Epinephelus_polyphekadion,415,M,1483.795,0.246,12,28.95,28.16
15-Aug-97,Palau,NA,PK9708EP76,Epinephelus_polyphekadion,392,F,1770.825,0.255,13,28.94,28.15
15-Aug-97,Palau,NA,PK9708EP77,Epinephelus_polyphekadion,370,M,1286.768,0.178,9,28.95,28.16
15-Aug-97,Palau,NA,PK9708EP79,Epinephelus_polyphekadion,374,F,1915.557,0.241,15,28.92,28.14
15-Aug-97,Palau,NA,PK9708EP80,Epinephelus_polyphekadion,383,M,1415.687,0.217,10,28.97,28.18
15-Aug-97,Palau,NA,PK9708EP81,Epinephelus_polyphekadion,394,F,1697.851,0.26,15,28.92,28.14
15-Aug-97,Palau,NA,PK9708EP82,Epinephelus_polyphekadion,370,F,1555.555,0.246,12,28.95,28.16
15-Aug-97,Palau,NA,PK9708EP92,Epinephelus_polyphekadion,404,F,1532.446,0.22,11,28.95,28.15
15-Aug-97,Palau,NA,PK9708EP93,Epinephelus_polyphekadion,369,F,1532.446,0.169,11,28.95,28.15
15-Aug-97,Palau,NA,PK9708EP94,Epinephelus_polyphekadion,411,M,1295.281,0.239,11,28.95,28.15
19-Jan-14,Chuuk,NA,CH1401EP02,Epinephelus_polyphekadion,223,F,801.306,NA,2,29.44,29.02
28-Jan-14,Chuuk,NA,CH1401EP03,Epinephelus_polyphekadion,332,M,873.415,0.122,5,29.41,28.9
28-Jan-14,Chuuk,NA,CH1401EP04,Epinephelus_polyphekadion,335,NA,1211.391,NA,8,29.34,28.87
28-Jan-14,Chuuk,NA,CH1401EP05,Epinephelus_polyphekadion,365,M,1151.794,0.187,7,29.38,28.91
28-Jan-14,Chuuk,NA,CH1401EP06,Epinephelus_polyphekadion,335,NA,1448.56,NA,8,29.34,28.87
29-Jan-14,Chuuk,NA,CH1401EP07,Epinephelus_polyphekadion,344,M,1140.848,0.157,6,29.4,28.89
29-Jan-14,Chuuk,NA,CH1401EP08,Epinephelus_polyphekadion,315,M,1155.442,0.13,7,29.38,28.91
29-Jan-14,Chuuk,NA,CH1401EP09,Epinephelus_polyphekadion,344,M,983.95,0.14,5,29.41,28.9
05-Feb-14,Chuuk,NA,CH1402EP01,Epinephelus_polyphekadion,405,NA,1052.061,NA,6,29.4,28.89
05-Feb-14,Chuuk,NA,CH1402EP02,Epinephelus_polyphekadion,357,F,1414.504,0.2,9,29.33,28.81
05-Feb-14,Chuuk,NA,CH1402EP03,Epinephelus_polyphekadion,332,F,1145.713,0.148,7,29.38,28.91
05-Feb-14,Chuuk,NA,CH1402EP04,Epinephelus_polyphekadion,305,NA,1071.521,NA,6,29.4,28.89
05-Feb-14,Chuuk,NA,CH1402EP05,Epinephelus_polyphekadion,301,F,1067.873,0.131,5,29.41,28.9
07-Feb-14,Chuuk,NA,CH1402EP06,Epinephelus_polyphekadion,267,NA,1145.713,0.095,6,29.4,28.89
07-Feb-14,Chuuk,NA,CH1402EP07,Epinephelus_polyphekadion,258,NA,1067.872,NA,6,29.4,28.89
07-Feb-14,Chuuk,NA,CH1402EP08,Epinephelus_polyphekadion,211,NA,892.344,NA,3,29.47,28.95
11-Feb-14,Chuuk,NA,CH1402EP09,Epinephelus_polyphekadion,157,M,744.843,0.031,2,29.44,29.02
14-Feb-14,Chuuk,NA,CH1402EP10,Epinephelus_polyphekadion,294,M,1199.36,0.108,5,29.41,28.9
14-Feb-14,Chuuk,NA,CH1402EP11,Epinephelus_polyphekadion,248,NA,940.865,NA,3,29.47,28.95
14-Feb-14,Chuuk,NA,CH1402EP12,Epinephelus_polyphekadion,325,M,1342.746,0.13,7,29.38,28.91
14-Feb-14,Chuuk,NA,CH1402EP13,Epinephelus_polyphekadion,365,F,1145.713,0.124,8,29.34,28.87
14-Feb-14,Chuuk,NA,CH1402EP14,Epinephelus_polyphekadion,289,NA,1088.547,NA,7,29.38,28.91
21-Feb-14,Chuuk,NA,CH1402EP15,Epinephelus_polyphekadion,272,NA,1143.279,NA,6,29.4,28.89
21-Feb-14,Chuuk,NA,CH1402EP16,Epinephelus_polyphekadion,474,M,1499.643,0.274,10,29.33,28.8
21-Feb-14,Chuuk,NA,CH1402EP17,Epinephelus_polyphekadion,336,M,1211.391,0.136,6,29.4,28.89
21-Feb-14,Chuuk,NA,CH1402EP18,Epinephelus_polyphekadion,398,M,1787.894,0.28,12,29.32,28.79
21-Feb-14,Chuuk,NA,CH1402EP19,Epinephelus_polyphekadion,302,M,1149.59,0.13,4,29.44,29.03
28-Feb-14,Chuuk,NA,CH1403EP01,Epinephelus_polyphekadion,266,F,706.229,0.078,3,29.47,28.95
28-Feb-14,Chuuk,NA,CH1403EP02,Epinephelus_polyphekadion,233,NA,1172.115,0.114,4,29.44,29.03
01-Mar-14,Chuuk,NA,CH1403EP03a,Epinephelus_polyphekadion,348,M,1023.262,0.153,6,29.4,28.89
02-Mar-14,Chuuk,NA,CH1403EP03b,Epinephelus_polyphekadion,339,NA,1193.343,NA,6,29.4,28.89
02-Mar-14,Chuuk,NA,CH1403EP05,Epinephelus_polyphekadion,274,NA,957.803,NA,5,29.41,28.9
07-Mar-14,Chuuk,NA,CH1403EP06,Epinephelus_polyphekadion,365,NA,1149.568,NA,5,29.41,28.9
07-Mar-14,Chuuk,NA,CH1403EP07,Epinephelus_polyphekadion,427,M,1689.379,0.298,11,29.33,28.81
07-Mar-14,Chuuk,NA,CH1403EP08,Epinephelus_polyphekadion,346,NA,1073.953,NA,5,29.41,28.9
07-Mar-14,Chuuk,NA,CH1403EP09,Epinephelus_polyphekadion,317,M,1336.665,0.138,7,29.38,28.91
07-Mar-14,Chuuk,NA,CH1403EP10,Epinephelus_polyphekadion,287,NA,1082.467,NA,7,29.38,28.91
14-Mar-14,Chuuk,NA,CH1403EP11,Epinephelus_polyphekadion,371,M,1706.406,0.217,12,29.32,28.79
14-Mar-14,Chuuk,NA,CH1403EP13,Epinephelus_polyphekadion,447,M,1575.054,0.231,12,29.32,28.79
14-Mar-14,Chuuk,NA,CH1403EP14,Epinephelus_polyphekadion,250,NA,879.786,NA,4,29.44,29.03
14-Mar-14,Chuuk,NA,CH1403EP15,Epinephelus_polyphekadion,312,NA,1026.091,NA,4,29.44,29.03
17-Mar-14,Chuuk,NA,CH1403EP16,Epinephelus_polyphekadion,198,F,829.265,0.058,2,29.44,29.02
23-Mar-14,Chuuk,NA,CH1403EP17,Epinephelus_polyphekadion,239,F,881.351,0.074,3,29.47,28.95
23-Mar-14,Chuuk,NA,CH1403EP18,Epinephelus_polyphekadion,300,NA,1107.914,NA,5,29.41,28.9
23-Mar-14,Chuuk,NA,CH1403EP19,Epinephelus_polyphekadion,308,M,1430.249,0.131,6,29.4,28.89
23-Mar-14,Chuuk,NA,CH1403EP20,Epinephelus_polyphekadion,334,F,1125.036,NA,6,29.4,28.89
23-Mar-14,Chuuk,NA,CH1403EP21,Epinephelus_polyphekadion,370,F,1090.982,0.165,6,29.4,28.89
23-Mar-14,Chuuk,NA,CH1403EP22,Epinephelus_polyphekadion,397,F,1404.776,NA,8,29.34,28.87
31-Mar-14,Chuuk,NA,CH1404EP01,Epinephelus_polyphekadion,413,M,1396.262,0.211,8,29.34,28.87
31-Mar-14,Chuuk,NA,CH1404EP02,Epinephelus_polyphekadion,357,NA,1348.828,NA,7,29.38,28.91
31-Mar-14,Chuuk,NA,CH1404EP03,Epinephelus_polyphekadion,292,NA,1171.254,NA,5,29.41,28.9
31-Mar-14,Chuuk,NA,CH1404EP04,Epinephelus_polyphekadion,282,NA,975.966,NA,3,29.47,28.95
31-Mar-14,Chuuk,NA,CH1404EP05,Epinephelus_polyphekadion,240,F,954.405,0.087,3,29.47,28.95
06-Apr-14,Chuuk,NA,CH1404EP06,Epinephelus_polyphekadion,336,M,1412.072,0.198,9,29.33,28.81
06-Apr-14,Chuuk,NA,CH1404EP07,Epinephelus_polyphekadion,297,NA,954.76,NA,5,29.41,28.9
06-Apr-14,Chuuk,NA,CH1404EP08,Epinephelus_polyphekadion,293,NA,1030.899,NA,4,29.44,29.03
06-Apr-14,Chuuk,NA,CH1404EP10,Epinephelus_polyphekadion,256,F,981.279,0.09,4,29.44,29.03
06-Apr-14,Chuuk,NA,CH1404EP11,Epinephelus_polyphekadion,252,F,988.198,0.085,4,29.44,29.03
14-Apr-14,Chuuk,NA,CH1404EP12,Epinephelus_polyphekadion,406,M,1292.813,0.245,8,29.34,28.87
14-Apr-14,Chuuk,NA,CH1404EP13,Epinephelus_polyphekadion,330,F,1054.438,NA,5,29.41,28.9
14-Apr-14,Chuuk,NA,CH1404EP14,Epinephelus_polyphekadion,304,M,1272.135,0.103,7,29.38,28.91
14-Apr-14,Chuuk,NA,CH1404EP15,Epinephelus_polyphekadion,319,NA,963.223,NA,5,29.41,28.9
14-Apr-14,Chuuk,NA,CH1404EP16,Epinephelus_polyphekadion,280,NA,1190.652,NA,6,29.4,28.89
21-Apr-14,Chuuk,NA,CH1404EP18,Epinephelus_polyphekadion,382,M,1617.536,0.244,9,29.33,28.81
21-Apr-14,Chuuk,NA,CH1404EP19,Epinephelus_polyphekadion,318,M,1117.682,0.126,5,29.41,28.9
21-Apr-14,Chuuk,NA,CH1404EP20,Epinephelus_polyphekadion,325,NA,1587.13,NA,11,29.33,28.81
21-Apr-14,Chuuk,NA,CH1404EP21,Epinephelus_polyphekadion,259,NA,1050.958,NA,3,29.47,28.95
21-Apr-14,Chuuk,NA,CH1404EP22,Epinephelus_polyphekadion,248,NA,1066.671,NA,4,29.44,29.03
28-Apr-14,Chuuk,NA,CH1404EP24,Epinephelus_polyphekadion,420,M,2119.823,0.267,13,29.32,28.79
28-Apr-14,Chuuk,NA,CH1404EP25,Epinephelus_polyphekadion,385,M,1571.32,0.218,9,29.33,28.81
28-Apr-14,Chuuk,NA,CH1404EP26,Epinephelus_polyphekadion,366,NA,1236.869,NA,6,29.4,28.89
28-Apr-14,Chuuk,NA,CH1404EP27,Epinephelus_polyphekadion,329,NA,1302.541,NA,5,29.41,28.9
28-Apr-14,Chuuk,NA,CH1404EP28,Epinephelus_polyphekadion,327,NA,1201.598,NA,5,29.41,28.9
28-Apr-14,Chuuk,NA,CH1404EP29,Epinephelus_polyphekadion,316,NA,1208.894,NA,6,29.4,28.89
04-May-14,Chuuk,NA,CH1405EP01,Epinephelus_polyphekadion,215,F,727.283,0.06,2,29.44,29.02
05-May-14,Chuuk,NA,CH1405EP02,Epinephelus_polyphekadion,413,NA,2000.638,NA,15,29.3,28.8
05-May-14,Chuuk,NA,CH1405EP03,Epinephelus_polyphekadion,304,NA,1081.194,NA,6,29.4,28.89
05-May-14,Chuuk,NA,CH1405EP04,Epinephelus_polyphekadion,296,M,873.227,NA,4,29.44,29.03
06-May-14,Chuuk,NA,CH1405EP06,Epinephelus_polyphekadion,276,NA,1200.38,NA,6,29.4,28.89
06-May-14,Chuuk,NA,CH1405EP07,Epinephelus_polyphekadion,267,NA,960.791,NA,5,29.41,28.9
10-May-14,Chuuk,NA,CH1405EP08,Epinephelus_polyphekadion,326,NA,1211.327,NA,5,29.41,28.9
14-May-14,Chuuk,NA,CH1405EP09,Epinephelus_polyphekadion,374,M,1705.1,0.224,9,29.33,28.81
14-May-14,Chuuk,NA,CH1405EP10,Epinephelus_polyphekadion,310,F,1229.57,0.125,6,29.4,28.89
14-May-14,Chuuk,NA,CH1405EP11,Epinephelus_polyphekadion,305,NA,1093.356,NA,4,29.44,29.03
14-May-14,Chuuk,NA,CH1405EP12,Epinephelus_polyphekadion,278,NA,1026.467,NA,5,29.41,28.9
14-May-14,Chuuk,NA,CH1405EP13,Epinephelus_polyphekadion,269,F,872.01,0.091,4,29.44,29.03
14-May-14,Chuuk,NA,CH1405EP14,Epinephelus_polyphekadion,259,F,858.632,0.105,4,29.44,29.03
21-May-14,Chuuk,NA,CH1405EP15,Epinephelus_polyphekadion,342,F,1290.381,0.158,7,29.38,28.91
21-May-14,Chuuk,NA,CH1405EP16,Epinephelus_polyphekadion,318,F,1264.839,0.144,7,29.38,28.91
21-May-14,Chuuk,NA,CH1405EP17,Epinephelus_polyphekadion,282,NA,1099.437,NA,5,29.41,28.9
21-May-14,Chuuk,NA,CH1405EP18,Epinephelus_polyphekadion,346,F,1234.435,0.174,6,29.4,28.89
21-May-14,Chuuk,NA,CH1405EP19,Epinephelus_polyphekadion,357,NA,1436.323,NA,8,29.34,28.87
21-May-14,Chuuk,NA,CH1405EP20,Epinephelus_polyphekadion,298,NA,925.522,0.089,3,29.47,28.95
28-May-14,Chuuk,NA,CH1405EP21,Epinephelus_polyphekadion,307,NA,1061.735,NA,5,29.41,28.9
28-May-14,Chuuk,NA,CH1405EP22,Epinephelus_polyphekadion,307,F,1180.922,0.124,5,29.41,28.9
28-May-14,Chuuk,NA,CH1405EP23,Epinephelus_polyphekadion,368,F,1595.646,0.2,8,29.34,28.87
28-May-14,Chuuk,NA,CH1405EP24,Epinephelus_polyphekadion,347,NA,1176.059,NA,4,29.44,29.03
28-May-14,Chuuk,NA,CH1405EP25,Epinephelus_polyphekadion,306,NA,1020.386,NA,4,29.44,29.03
31-May-14,Chuuk,NA,CH1406EP01,Epinephelus_polyphekadion,220,NA,831.875,NA,3,29.47,28.95
04-Jun-14,Chuuk,NA,CH1406EP02,Epinephelus_polyphekadion,340,NA,1039.844,NA,5,29.41,28.9
04-Jun-14,Chuuk,NA,CH1406EP04,Epinephelus_polyphekadion,314,F,1129.842,0.115,6,29.4,28.89
04-Jun-14,Chuuk,NA,CH1406EP05,Epinephelus_polyphekadion,296,F,966.872,0.109,4,29.44,29.03
04-Jun-14,Chuuk,NA,CH1406EP06,Epinephelus_polyphekadion,302,NA,1140.787,NA,6,29.4,28.89
11-Jun-14,Chuuk,NA,CH1406EP09,Epinephelus_polyphekadion,336,NA,1148.086,0.135,5,29.41,28.9
11-Jun-14,Chuuk,NA,CH1406EP10,Epinephelus_polyphekadion,347,NA,1385.243,0.169,8,29.34,28.87
11-Jun-14,Chuuk,NA,CH1406EP11,Epinephelus_polyphekadion,330,M,1101.869,0.147,5,29.41,28.9
11-Jun-14,Chuuk,NA,CH1406EP12,Epinephelus_polyphekadion,325,F,1165.113,0.144,5,29.41,28.9
13-Jun-14,Chuuk,NA,CH1406EP13,Epinephelus_polyphekadion,384,M,1263.622,0.178,7,29.38,28.91
16-Jun-14,Chuuk,NA,CH1406EP14,Epinephelus_polyphekadion,335,NA,1105.518,0.139,5,29.41,28.9
16-Jun-14,Chuuk,NA,CH1406EP15,Epinephelus_polyphekadion,325,NA,1106.735,0.12,5,29.41,28.9
18-Jun-14,Chuuk,NA,CH1406EP16,Epinephelus_polyphekadion,345,F,1691.723,0.202,10,29.33,28.8
18-Jun-14,Chuuk,NA,CH1406EP17,Epinephelus_polyphekadion,354,NA,1409.567,0.185,9,29.33,28.81
18-Jun-14,Chuuk,NA,CH1406EP18,Epinephelus_polyphekadion,302,NA,1127.41,0.133,5,29.41,28.9
18-Jun-14,Chuuk,NA,CH1406EP19,Epinephelus_polyphekadion,290,NA,1002.142,0.107,5,29.41,28.9
18-Jun-14,Chuuk,NA,CH1406EP20,Epinephelus_polyphekadion,267,NA,1174.842,0.112,5,29.41,28.9
23-Jun-14,Chuuk,NA,CH1406EP21,Epinephelus_polyphekadion,516,M,2354.549,0.459,19,29.31,28.78
24-Jun-14,Chuuk,NA,CH1406EP22,Epinephelus_polyphekadion,184,F,686.02,0.037,2,29.44,29.02
24-Jun-14,Chuuk,NA,CH1406EP23,Epinephelus_polyphekadion,210,F,832.052,0.058,2,29.44,29.02
24-Jun-14,Chuuk,NA,CH1406EP24,Epinephelus_polyphekadion,219,NA,871.916,0.064,3,29.47,28.95
24-Jun-14,Chuuk,NA,CH1406EP25,Epinephelus_polyphekadion,226,F,841.888,0.066,4,29.44,29.03
24-Jun-14,Chuuk,NA,CH1406EP26,Epinephelus_polyphekadion,309,NA,1035.889,0.124,5,29.41,28.9
24-Jun-14,Chuuk,NA,CH1406EP27,Epinephelus_polyphekadion,276,F,1230.969,0.119,7,29.38,28.91
24-Jun-14,Chuuk,NA,CH1406EP28,Epinephelus_polyphekadion,282,F,1053.063,NA,4,29.44,29.03
24-Jun-14,Chuuk,NA,CH1406EP29,Epinephelus_polyphekadion,282,NA,1092.285,0.088,4,29.44,29.03
26-Jun-14,Chuuk,NA,CH1406EP30,Epinephelus_polyphekadion,301,NA,1055.443,0.115,5,29.41,28.9
26-Jun-14,Chuuk,NA,CH1406EP31,Epinephelus_polyphekadion,245,NA,1076.44,0.08,5,29.41,28.9
04-Jul-14,Chuuk,NA,CH1407EP01,Epinephelus_polyphekadion,284,NA,1173.171,0.087,6,29.4,28.89
04-Jul-14,Chuuk,NA,CH1407EP02,Epinephelus_polyphekadion,260,NA,954.407,0.094,4,29.44,29.03
04-Jul-14,Chuuk,NA,CH1407EP03,Epinephelus_polyphekadion,257,F,731.396,0.07,2,29.44,29.02
04-Jul-14,Chuuk,NA,CH1407EP04,Epinephelus_polyphekadion,255,F,863.696,0.083,3,29.47,28.95
04-Jul-14,Chuuk,NA,CH1407EP05,Epinephelus_polyphekadion,230,NA,750.702,0.059,3,29.47,28.95
08-Jul-14,Chuuk,NA,CH1407EP06,Epinephelus_polyphekadion,220,NA,928.422,0.061,3,29.47,28.95
08-Jul-14,Chuuk,NA,CH1407EP07,Epinephelus_polyphekadion,219,F,938.304,0.075,4,29.44,29.03
10-Jul-14,Chuuk,NA,CH1407EP08,Epinephelus_polyphekadion,226,F,760.01,0.07,3,29.47,28.95
11-Jul-14,Chuuk,NA,CH1407EP09,Epinephelus_polyphekadion,346,M,1288.663,0.18,8,29.34,28.87
11-Jul-14,Chuuk,NA,CH1407EP10,Epinephelus_polyphekadion,335,NA,1101.951,NA,6,29.4,28.89
11-Jul-14,Chuuk,NA,CH1407EP12,Epinephelus_polyphekadion,323,NA,1381.595,0.159,8,29.34,28.87
14-Jul-14,Chuuk,NA,CH1407EP14,Epinephelus_polyphekadion,546,F,2130.768,0.564,21,29.28,28.76
18-Jul-14,Chuuk,NA,CH1407EP15,Epinephelus_polyphekadion,366,F,1050.79,0.146,6,29.4,28.89
18-Jul-14,Chuuk,NA,CH1407EP16,Epinephelus_polyphekadion,298,NA,994.845,0.136,5,29.41,28.9
18-Jul-14,Chuuk,NA,CH1407EP17,Epinephelus_polyphekadion,357,F,960.791,0.142,5,29.41,28.9
18-Jul-14,Chuuk,NA,CH1407EP18,Epinephelus_polyphekadion,326,F,1131.059,0.132,6,29.4,28.89
18-Jul-14,Chuuk,NA,CH1407EP19,Epinephelus_polyphekadion,374,F,1515.376,0.22,10,29.33,28.8
21-Jul-14,Chuuk,NA,CH1407EP20,Epinephelus_polyphekadion,226,F,962.008,0.073,4,29.44,29.03
23-Jul-14,Chuuk,NA,CH1407EP21,Epinephelus_polyphekadion,566,M,2941.97,0.58,25,29.24,28.69
27-Jul-14,Chuuk,NA,CH1407EP22,Epinephelus_polyphekadion,315,F,1104.303,0.122,5,29.41,28.9
27-Jul-14,Chuuk,NA,CH1407EP23,Epinephelus_polyphekadion,314,F,1249.031,0.127,6,29.4,28.89
27-Jul-14,Chuuk,NA,CH1407EP24,Epinephelus_polyphekadion,317,F,1128.627,0.145,5,29.41,28.9
27-Jul-14,Chuuk,NA,CH1407EP25,Epinephelus_polyphekadion,315,F,1133.49,0.132,6,29.4,28.89
27-Jul-14,Chuuk,NA,CH1407EP26,Epinephelus_polyphekadion,284,F,1190.653,0.118,5,29.41,28.9
30-Jul-14,Chuuk,NA,CH1408EP01,Epinephelus_polyphekadion,230,F,815.26,0.07,3,29.47,28.95
30-Jul-14,Chuuk,NA,CH1408EP02,Epinephelus_polyphekadion,219,NA,825.614,NA,3,29.47,28.95
29-Jul-14,Chuuk,NA,CH1408EP03,Epinephelus_polyphekadion,206,NA,682.357,0.047,2,29.44,29.02
01-Aug-14,Chuuk,NA,CH1408EP04,Epinephelus_polyphekadion,376,F,1053.818,0.129,5,29.41,28.9
01-Aug-14,Chuuk,NA,CH1408EP05,Epinephelus_polyphekadion,395,F,1277.003,0.179,7,29.38,28.91
01-Aug-14,Chuuk,NA,CH1408EP06,Epinephelus_polyphekadion,287,F,836.74,0.08,3,29.47,28.95
01-Aug-14,Chuuk,NA,CH1408EP07,Epinephelus_polyphekadion,292,NA,947.414,0.1,5,29.41,28.9
01-Aug-14,Chuuk,NA,CH1408EP08,Epinephelus_polyphekadion,406,F,1044.71,0.181,6,29.4,28.89
30-Jul-14,Chuuk,NA,CH1408EP10,Epinephelus_polyphekadion,233,F,733.364,0.062,3,29.47,28.95
30-Jul-14,Chuuk,NA,CH1408EP11,Epinephelus_polyphekadion,225,NA,746.72,0.053,2,29.44,29.02
30-Jul-14,Chuuk,NA,CH1408EP12,Epinephelus_polyphekadion,213,F,913.387,0.063,3,29.47,28.95
01-Aug-14,Chuuk,NA,CH1408EP13,Epinephelus_polyphekadion,374,NA,1040.656,0.158,4,29.44,29.03
04-Aug-14,Chuuk,NA,CH1408EP14,Epinephelus_polyphekadion,205,NA,674.656,0.046,2,29.44,29.02
05-Aug-14,Chuuk,NA,CH1408EP15,Epinephelus_polyphekadion,212,F,765.985,0.052,3,29.47,28.95
10-Aug-14,Chuuk,NA,CH1408EP16,Epinephelus_polyphekadion,345,F,1107.952,0.163,6,29.4,28.89
10-Aug-14,Chuuk,NA,CH1408EP18,Epinephelus_polyphekadion,314,F,1189.435,0.151,6,29.4,28.89
10-Aug-14,Chuuk,NA,CH1408EP20,Epinephelus_polyphekadion,306,NA,1008.223,0.095,4,29.44,29.03
13-Aug-14,Chuuk,NA,CH1408EP21,Epinephelus_polyphekadion,326,F,1015.521,0.116,4,29.44,29.03
13-Aug-14,Chuuk,NA,CH1408EP24,Epinephelus_polyphekadion,264,F,1081.195,0.086,4,29.44,29.03
25-Aug-14,Chuuk,NA,CH1408EP26,Epinephelus_polyphekadion,285,F,891.469,0.098,4,29.44,29.03
25-Aug-14,Chuuk,NA,CH1408EP27,Epinephelus_polyphekadion,298,F,1174.841,0.127,8,29.34,28.87
25-Aug-14,Chuuk,NA,CH1408EP28,Epinephelus_polyphekadion,374,F,1860.772,0.234,15,29.3,28.8
25-Aug-14,Chuuk,NA,CH1408EP29,Epinephelus_polyphekadion,333,F,1019.169,0.139,6,29.4,28.89
25-Aug-14,Chuuk,NA,CH1408EP30,Epinephelus_polyphekadion,320,NA,923.091,NA,5,29.41,28.9
25-Aug-14,Chuuk,NA,CH1408EP31,Epinephelus_polyphekadion,290,F,1094.573,0.099,5,29.41,28.9
31-Aug-14,Chuuk,NA,CH1409EP03,Epinephelus_polyphekadion,294,NA,843.323,0.086,3,29.47,28.95
01-Sep-14,Chuuk,NA,CH1409EP05,Epinephelus_polyphekadion,209,F,957.024,NA,3,29.47,28.95
02-Sep-14,Chuuk,NA,CH1409EP06,Epinephelus_polyphekadion,218,NA,783.117,NA,2,29.44,29.02
08-Sep-14,Chuuk,NA,CH1409EP10,Epinephelus_polyphekadion,307,NA,1069.652,0.111,5,29.41,28.9
15-Sep-14,Chuuk,NA,CH1409EP13,Epinephelus_polyphekadion,339,F,1076.185,0.141,5,29.41,28.9
15-Sep-14,Chuuk,NA,CH1409EP14,Epinephelus_polyphekadion,364,F,875.453,0.14,5,29.41,28.9
15-Sep-14,Chuuk,NA,CH1409EP17,Epinephelus_polyphekadion,276,F,1171.472,0.108,5,29.41,28.9
01-Oct-14,Chuuk,NA,CH1410EP01,Epinephelus_polyphekadion,386,F,1034.98,0.177,7,29.38,28.91
01-Oct-14,Chuuk,NA,CH1410EP02,Epinephelus_polyphekadion,339,NA,1213.759,0.118,6,29.4,28.89
01-Oct-14,Chuuk,NA,CH1410EP03,Epinephelus_polyphekadion,343,NA,1045.925,0.136,5,29.41,28.9
01-Oct-14,Chuuk,NA,CH1410EP04,Epinephelus_polyphekadion,342,F,1026.466,0.135,5,29.41,28.9
01-Oct-14,Chuuk,NA,CH1410EP05,Epinephelus_polyphekadion,298,F,1140.789,0.107,6,29.4,28.89
06-Oct-14,Chuuk,NA,CH1410EP06,Epinephelus_polyphekadion,395,F,1075.115,0.174,6,29.4,28.89
06-Oct-14,Chuuk,NA,CH1410EP07,Epinephelus_polyphekadion,299,F,934.036,0.153,5,29.41,28.9
06-Oct-14,Chuuk,NA,CH1410EP08,Epinephelus_polyphekadion,286,NA,1238.084,0.114,6,29.4,28.89
06-Oct-14,Chuuk,NA,CH1410EP09,Epinephelus_polyphekadion,287,F,976.602,0.104,4,29.44,29.03
15-Oct-14,Chuuk,NA,CH1410EP10,Epinephelus_polyphekadion,321,F,1010.656,0.13,5,29.41,28.9
15-Oct-14,Chuuk,NA,CH1410EP11,Epinephelus_polyphekadion,290,F,1034.979,0.101,5,29.41,28.9
15-Oct-14,Chuuk,NA,CH1410EP12,Epinephelus_polyphekadion,325,NA,1211.328,0.121,6,29.4,28.89
15-Oct-14,Chuuk,NA,CH1410EP13,Epinephelus_polyphekadion,306,F,1169.977,0.144,6,29.4,28.89
22-Oct-14,Chuuk,NA,CH1410EP15,Epinephelus_polyphekadion,329,M,1156.598,0.153,6,29.4,28.89
22-Oct-14,Chuuk,NA,CH1410EP16,Epinephelus_polyphekadion,451,F,1854.694,0.296,14,29.32,28.79
22-Oct-14,Chuuk,NA,CH1410EP17,Epinephelus_polyphekadion,353,F,1005.791,0.145,6,29.4,28.89
22-Oct-14,Chuuk,NA,CH1410EP19,Epinephelus_polyphekadion,385,M,1458.215,0.221,10,29.33,28.8
28-Oct-14,Chuuk,NA,CH1410EP20,Epinephelus_polyphekadion,360,F,1081.194,0.168,5,29.41,28.9
28-Oct-14,Chuuk,NA,CH1410EP21,Epinephelus_polyphekadion,328,F,1194.3,0.166,7,29.38,28.91
28-Oct-14,Chuuk,NA,CH1410EP22,Epinephelus_polyphekadion,337,F,1082.412,0.151,6,29.4,28.89
28-Oct-14,Chuuk,NA,CH1410EP23,Epinephelus_polyphekadion,340,M,1391.324,0.189,8,29.34,28.87
28-Oct-14,Chuuk,NA,CH1410EP24,Epinephelus_polyphekadion,365,F,1123.762,0.161,5,29.41,28.9
28-Oct-14,Chuuk,NA,CH1410EP25,Epinephelus_polyphekadion,330,NA,1042.276,0.14,5,29.41,28.9
20-Feb-98,Pohnpei,NA,PP9802EP19,Epinephelus_polyphekadion,234,F,1000.032,NA,3,29.11,28.62
11-Mar-98,Pohnpei,NA,PP9803EP014,Epinephelus_polyphekadion,447,M,2287.656,0.358,15,29.11,28.45
12-Mar-98,Pohnpei,NA,PP9803EP023,Epinephelus_polyphekadion,390,M,1300.11,0.201,8,29.05,28.38
12-Mar-98,Pohnpei,NA,PP9803EP031,Epinephelus_polyphekadion,439,M,2074.823,0.38,15,29.11,28.45
13-Mar-98,Pohnpei,NA,PP9803EP047,Epinephelus_polyphekadion,455,F,2258.467,0.336,17,29.08,28.41
13-Mar-98,Pohnpei,NA,PP9803EP049,Epinephelus_polyphekadion,460,M,1574.97,0.264,9,29.07,28.4
13-Mar-98,Pohnpei,NA,PP9803EP054,Epinephelus_polyphekadion,446,M,1716.047,0.271,12,29.11,28.45
13-Mar-98,Pohnpei,NA,PP9803EP058,Epinephelus_polyphekadion,417,NA,959.576,0.168,5,29.16,28.56
13-Mar-98,Pohnpei,NA,PP9803EP063,Epinephelus_polyphekadion,454,M,1803.613,0.307,13,29.12,28.45
13-Mar-98,Pohnpei,NA,PP9803EP068,Epinephelus_polyphekadion,428,M,2541.842,0.342,21,29.11,28.4
13-Mar-98,Pohnpei,NA,PP9803EP071,Epinephelus_polyphekadion,438,NA,1419.296,0.213,11,29.12,28.46
13-Mar-98,Pohnpei,NA,PP9803EP073,Epinephelus_polyphekadion,460,NA,1261.191,0.24,7,29.04,28.36
13-Mar-98,Pohnpei,NA,PP9803EP074,Epinephelus_polyphekadion,434,F,1858.34,0.289,13,29.12,28.45
13-Mar-98,Pohnpei,NA,PP9803EP079,Epinephelus_polyphekadion,458,F,1735.506,0.285,11,29.12,28.46
13-Mar-98,Pohnpei,NA,PP9803EP080,Epinephelus_polyphekadion,437,NA,1741.589,0.267,12,29.11,28.45
13-Mar-98,Pohnpei,NA,PP9803EP082,Epinephelus_polyphekadion,470,F,1750.102,0.348,12,29.11,28.45
13-Mar-98,Pohnpei,NA,PP9803EP084,Epinephelus_polyphekadion,385,M,1594.428,0.238,9,29.07,28.4
14-Mar-98,Pohnpei,NA,PP9803EP097,Epinephelus_polyphekadion,415,NA,1598.076,0.248,10,29.09,28.44
01-Apr-98,Pohnpei,NA,PP9804EP001,Epinephelus_polyphekadion,463,M,1356.054,0.165,8,29.05,28.38
02-Apr-98,Pohnpei,NA,PP9804EP004,Epinephelus_polyphekadion,474,M,1174.842,0.204,5,29.16,28.56
02-Apr-98,Pohnpei,NA,PP9804EP005,Epinephelus_polyphekadion,485,NA,1778.072,0.311,13,29.12,28.45
03-Apr-98,Pohnpei,NA,PP9804EP010,Epinephelus_polyphekadion,404,NA,1399.837,0.203,8,29.05,28.38
03-Apr-98,Pohnpei,NA,PP9804EP012,Epinephelus_polyphekadion,424,NA,1416.864,0.225,8,29.05,28.38
03-Apr-98,Pohnpei,NA,PP9804EP013a,Epinephelus_polyphekadion,425,NA,2299.82,0.185,17,29.08,28.41
10-Apr-98,Pohnpei,NA,PP9804EP013b,Epinephelus_polyphekadion,364,F,1161.463,NA,8,29.05,28.38
03-Apr-98,Pohnpei,NA,PP9804EP016,Epinephelus_polyphekadion,433,NA,1719.696,0.269,11,29.12,28.46
03-Apr-98,Pohnpei,NA,PP9804EP017,Epinephelus_polyphekadion,383,NA,1911.854,0.244,11,29.12,28.46
03-Apr-98,Pohnpei,NA,PP9804EP018,Epinephelus_polyphekadion,436,NA,1595.644,0.304,9,29.07,28.4
04-Apr-98,Pohnpei,NA,PP9804EP019,Epinephelus_polyphekadion,394,NA,1577.402,0.213,12,29.11,28.45
04-Apr-98,Pohnpei,NA,PP9804EP020,Epinephelus_polyphekadion,399,NA,1538.484,0.24,9,29.07,28.4
04-Apr-98,Pohnpei,NA,PP9804EP022,Epinephelus_polyphekadion,471,M,1658.885,0.298,13,29.12,28.45
04-Apr-98,Pohnpei,NA,PP9804EP023,Epinephelus_polyphekadion,473,M,1476.458,0.275,11,29.12,28.46
04-Apr-98,Pohnpei,NA,PP9804EP027,Epinephelus_polyphekadion,397,NA,1818.207,0.247,12,29.11,28.45
04-Apr-98,Pohnpei,NA,PP9804EP028,Epinephelus_polyphekadion,405,NA,1795.098,0.275,13,29.12,28.45
05-Apr-98,Pohnpei,NA,PP9804EP039,Epinephelus_polyphekadion,442,M,1543.347,0.266,9,29.07,28.4
05-Apr-98,Pohnpei,NA,PP9804EP040,Epinephelus_polyphekadion,399,M,1836.451,0.266,12,29.11,28.45
05-Apr-98,Pohnpei,NA,PP9804EP042,Epinephelus_polyphekadion,405,M,2233.037,0.341,17,29.08,28.41
05-Apr-98,Pohnpei,NA,PP9804EP043,Epinephelus_polyphekadion,393,NA,1583.559,0.218,8,29.05,28.38
05-Apr-98,Pohnpei,NA,PP9804EP044,Epinephelus_polyphekadion,457,NA,2639.267,0.389,18,29.1,28.41
05-Apr-98,Pohnpei,NA,PP9804EP045,Epinephelus_polyphekadion,440,NA,1991.003,0.243,13,29.12,28.45
05-Apr-98,Pohnpei,NA,PP9804EP046,Epinephelus_polyphekadion,410,M,1217.467,0.164,8,29.05,28.38
05-Apr-98,Pohnpei,NA,PP9804EP047,Epinephelus_polyphekadion,415,NA,1290.442,0.218,8,29.05,28.38
05-Apr-98,Pohnpei,NA,PP9804EP048,Epinephelus_polyphekadion,422,M,1864.513,0.259,11,29.12,28.46
06-Apr-98,Pohnpei,NA,PP9804EP055,Epinephelus_polyphekadion,411,F,1736.808,0.257,13,29.12,28.45
06-Apr-98,Pohnpei,NA,PP9804EP061,Epinephelus_polyphekadion,406,M,1810.998,0.31,11,29.12,28.46
06-Apr-98,Pohnpei,NA,PP9804EP062,Epinephelus_polyphekadion,395,F,1890.054,0.239,17,29.08,28.41
07-Apr-98,Pohnpei,NA,PP9804EP066,Epinephelus_polyphekadion,398,M,1256.389,0.182,7,29.04,28.36
07-Apr-98,Pohnpei,NA,PP9804EP067,Epinephelus_polyphekadion,400,F,1015.57,0.146,5,29.16,28.56
07-Apr-98,Pohnpei,NA,PP9804EP072,Epinephelus_polyphekadion,395,F,1174.898,0.191,10,29.09,28.44
07-Apr-98,Pohnpei,NA,PP9804EP088,Epinephelus_polyphekadion,401,F,1288.011,0.205,12,29.11,28.45
08-Apr-98,Pohnpei,NA,PP9804EP095,Epinephelus_polyphekadion,427,F,1898.569,0.277,17,29.08,28.41
10-Apr-98,Pohnpei,NA,PP9804EP126,Epinephelus_polyphekadion,370,F,1622.48,0.218,10,29.09,28.44
10-Apr-98,Pohnpei,NA,PP9804EP127,Epinephelus_polyphekadion,400,F,1532.477,0.266,8,29.05,28.38
10-Apr-98,Pohnpei,NA,PP9804EP128,Epinephelus_polyphekadion,405,F,1533.693,0.213,10,29.09,28.44
10-Apr-98,Pohnpei,NA,PP9804EP130,Epinephelus_polyphekadion,426,M,1554.369,0.229,8,29.05,28.38
10-Apr-98,Pohnpei,NA,PP9804EP134,Epinephelus_polyphekadion,406,F,1849.919,0.294,13,29.12,28.45
10-Apr-98,Pohnpei,NA,PP9804EP135,Epinephelus_polyphekadion,400,M,1440.041,0.196,9,29.07,28.4
10-Apr-98,Pohnpei,NA,PP9804EP136,Epinephelus_polyphekadion,412,F,1212.604,0.188,7,29.04,28.36
10-Apr-98,Pohnpei,NA,PP9804EP138,Epinephelus_polyphekadion,460,M,1503.286,0.288,10,29.09,28.44
10-Apr-98,Pohnpei,NA,PP9804EP139,Epinephelus_polyphekadion,485,M,2065.195,0.379,17,29.08,28.41
10-Apr-98,Pohnpei,NA,PP9804EP140,Epinephelus_polyphekadion,455,M,1617.614,0.242,13,29.12,28.45
10-Apr-98,Pohnpei,NA,PP9804EP141,Epinephelus_polyphekadion,406,M,1691.805,0.261,15,29.11,28.45
10-Apr-98,Pohnpei,NA,PP9804EP142,Epinephelus_polyphekadion,405,M,1596.937,0.266,11,29.12,28.46
10-Apr-98,Pohnpei,NA,PP9804EP144,Epinephelus_polyphekadion,380,M,1261.253,0.192,7,29.04,28.36
10-Apr-98,Pohnpei,NA,PP9804EP145,Epinephelus_polyphekadion,440,F,1288.012,0.21,8,29.05,28.38
10-Apr-98,Pohnpei,NA,PP9804EP146,Epinephelus_polyphekadion,396,NA,2115.061,0.264,15,29.11,28.45
10-Apr-98,Pohnpei,NA,PP9804EP147,Epinephelus_polyphekadion,399,M,1485.044,0.205,8,29.05,28.38
10-Apr-98,Pohnpei,NA,PP9804EP148,Epinephelus_polyphekadion,430,M,1644.372,0.27,9,29.07,28.4
10-Apr-98,Pohnpei,NA,PP9804EP149,Epinephelus_polyphekadion,420,M,2181.955,0.389,16,29.09,28.41
11-Apr-98,Pohnpei,NA,PP9804EP157,Epinephelus_polyphekadion,425,M,2207.496,0.382,19,29.11,28.41
11-Apr-98,Pohnpei,NA,PP9804EP158,Epinephelus_polyphekadion,432,M,1291.686,0.199,8,29.05,28.38
11-Apr-98,Pohnpei,NA,PP9804EP159,Epinephelus_polyphekadion,415,NA,1437.638,0.247,8,29.05,28.38
11-Apr-98,Pohnpei,NA,PP9804EP166,Epinephelus_polyphekadion,314,F,2507.962,0.302,19,29.11,28.41
21-May-98,Pohnpei,NA,PP9805EP011,Epinephelus_polyphekadion,258,F,856.258,0.082,3,29.11,28.62
02-Jun-98,Pohnpei,NA,PP9806EP008,Epinephelus_polyphekadion,NA,M,2601.615,0.359,22,29.09,28.37
16-Jun-98,Pohnpei,NA,PP9806EP013,Epinephelus_polyphekadion,250,F,737.704,NA,2,28.95,28.39
26-Aug-98,Pohnpei,NA,PP9808EP014,Epinephelus_polyphekadion,240,F,798.404,0.052,3,29.11,28.62
26-Aug-98,Pohnpei,NA,PP9808EP015,Epinephelus_polyphekadion,230,F,544.459,NA,1,28.92,28.02
31-Aug-98,Pohnpei,NA,PP9808EP025,Epinephelus_polyphekadion,248,F,515.248,NA,1,28.92,28.02
31-Aug-98,Pohnpei,NA,PP9808EP026,Epinephelus_polyphekadion,235,F,460.404,NA,1,28.92,28.02
01-Sep-98,Pohnpei,NA,PP9809EP003,Epinephelus_polyphekadion,260,F,942.773,NA,3,29.11,28.62
18-Sep-98,Pohnpei,NA,PP9809EP013,Epinephelus_polyphekadion,250,F,891.071,0.08,3,29.11,28.62
24-Sep-98,Pohnpei,NA,PP9809EP018,Epinephelus_polyphekadion,230,F,981.503,NA,3,29.11,28.62
06-Oct-98,Pohnpei,NA,PP9810EP001,Epinephelus_polyphekadion,265,F,830.267,0.068,2,28.95,28.39
21-Oct-98,Pohnpei,NA,PP9810EP029,Epinephelus_polyphekadion,240,F,786.733,NA,3,29.11,28.62
10-Nov-98,Pohnpei,NA,PP9811EP009,Epinephelus_polyphekadion,245,F,632.854,0.065,2,28.95,28.39
10-Nov-98,Pohnpei,NA,PP9811EP010,Epinephelus_polyphekadion,240,F,750.793,NA,2,28.95,28.39
25-Nov-98,Pohnpei,NA,PP9811EP017,Epinephelus_polyphekadion,243,F,448.925,0.029,1,28.92,28.02
25-Nov-98,Pohnpei,NA,PP9811EP019,Epinephelus_polyphekadion,242,F,656.536,0.058,2,28.95,28.39
01-Dec-98,Pohnpei,NA,PP9812EP015,Epinephelus_polyphekadion,223,F,750.127,0.051,2,28.95,28.39
22-Dec-98,Pohnpei,NA,PP9812EP020,Epinephelus_polyphekadion,240,F,902.421,0.062,3,29.11,28.62
22-Feb-99,Pohnpei,NA,PP9902EP098,Epinephelus_polyphekadion,430,M,2203.893,0.299,17,29.08,28.41
23-Feb-99,Pohnpei,NA,PP9902EP109,Epinephelus_polyphekadion,430,M,1232.086,0.215,6,29.09,28.47
23-Feb-99,Pohnpei,NA,PP9902EP110,Epinephelus_polyphekadion,435,M,1789.142,0.259,12,29.11,28.45
27-Feb-99,Pohnpei,NA,PP9902EP152,Epinephelus_polyphekadion,438,F,1724.68,0.256,12,29.11,28.45
27-Feb-99,Pohnpei,NA,PP9902EP154,Epinephelus_polyphekadion,360,F,1013.158,0.133,6,29.09,28.47
28-Feb-99,Pohnpei,NA,PP9902EP169,Epinephelus_polyphekadion,395,F,1190.734,0.155,5,29.16,28.56
28-Feb-99,Pohnpei,NA,PP9902EP180,Epinephelus_polyphekadion,435,M,2380.254,NA,19,29.11,28.41
01-Mar-99,Pohnpei,NA,PP9903EP001,Epinephelus_polyphekadion,402,F,1920.5,0.232,15,29.11,28.45
01-Mar-99,Pohnpei,NA,PP9903EP002,Epinephelus_polyphekadion,365,F,1370.744,0.167,6,29.09,28.47
01-Mar-99,Pohnpei,NA,PP9903EP006,Epinephelus_polyphekadion,364,M,1155.462,0.161,5,29.16,28.56
01-Mar-99,Pohnpei,NA,PP9903EP007,Epinephelus_polyphekadion,430,M,1249.115,0.168,7,29.04,28.36
01-Mar-99,Pohnpei,NA,PP9903EP008,Epinephelus_polyphekadion,320,M,1081.269,0.136,5,29.16,28.56
02-Mar-99,Pohnpei,NA,PP9903EP020,Epinephelus_polyphekadion,412,M,1458.315,0.194,6,29.09,28.47
02-Mar-99,Pohnpei,NA,PP9903EP032,Epinephelus_polyphekadion,405,M,1421.828,0.222,8,29.05,28.38
20-Mar-99,Pohnpei,NA,PP9903EP057,Epinephelus_polyphekadion,430,M,1343.985,0.196,8,29.05,28.38
21-Mar-99,Pohnpei,NA,PP9903EP059,Epinephelus_polyphekadion,405,M,1228.439,0.187,6,29.09,28.47
22-Mar-99,Pohnpei,NA,PP9903EP083,Epinephelus_polyphekadion,410,M,2559.045,0.307,17,29.08,28.41
22-Mar-99,Pohnpei,NA,PP9903EP088,Epinephelus_polyphekadion,395,M,1136.002,0.177,5,29.16,28.56
23-Mar-99,Pohnpei,NA,PP9903EP098,Epinephelus_polyphekadion,443,M,1444.935,0.213,7,29.04,28.36
23-Mar-99,Pohnpei,NA,PP9903EP103,Epinephelus_polyphekadion,480,M,1339.121,0.199,7,29.04,28.36
23-Mar-99,Pohnpei,NA,PP9903EP106,Epinephelus_polyphekadion,420,M,1041.132,0.166,6,29.09,28.47
29-Mar-99,Pohnpei,NA,PP9903EP213,Epinephelus_polyphekadion,371,F,1991.045,0.221,11,29.12,28.46
29-Mar-99,Pohnpei,NA,PP9903EP215,Epinephelus_polyphekadion,352,F,1292.903,0.15,8,29.05,28.38
29-Mar-99,Pohnpei,NA,PP9903EP247,Epinephelus_polyphekadion,397,F,1260.062,0.177,8,29.05,28.38
29-Mar-99,Pohnpei,NA,PP9903EP250,Epinephelus_polyphekadion,375,F,1201.681,0.167,6,29.09,28.47
30-Mar-99,Pohnpei,NA,PP9903EP273,Epinephelus_polyphekadion,370,F,1626.163,0.201,10,29.09,28.44
30-Mar-99,Pohnpei,NA,PP9903EP282,Epinephelus_polyphekadion,328,M,1362.231,0.152,7,29.04,28.36
31-Mar-99,Pohnpei,NA,PP9903EP352,Epinephelus_polyphekadion,367,F,1261.279,0.166,6,29.09,28.47
31-Mar-99,Pohnpei,NA,PP9903EP359,Epinephelus_polyphekadion,422,M,1475.343,0.267,8,29.05,28.38
07-02-17,Palau,NA,EPPK003,Epinephelus_polyphekadion,390,F,1987.792,0.3011,15,29.09,29.39
07-02-17,Palau,NA,EPPK004,Epinephelus_polyphekadion,413,F,1282.986,0.1969,7,29.16,28.47
07-02-17,Palau,NA,EPPK005,Epinephelus_polyphekadion,415,M,1447.939,0.2363,10,29.18,28.49
07-02-17,Palau,NA,EPPK006,Epinephelus_polyphekadion,403,F,991.397,0.1916,6,29.16,28.42
07-02-17,Palau,NA,EPPK007,Epinephelus_polyphekadion,492,M,1916.145,0.3498,15,29.09,29.39
07-02-17,Palau,NA,EPPK008,Epinephelus_polyphekadion,382,F,1599.565,0.2091,10,29.18,28.49
08-02-17,Palau,NA,EPPK012,Epinephelus_polyphekadion,385,F,1309.643,0.1894,7,29.16,28.47
08-02-17,Palau,NA,EPPK013,Epinephelus_polyphekadion,402,F,1188.011,0.1765,7,29.16,28.47
08-02-17,Palau,NA,EPPK014,Epinephelus_polyphekadion,408,F,2052.773,0.2987,16,29.08,28.39
08-02-17,Palau,NA,EPPK015,Epinephelus_polyphekadion,435,M,1602.899,0.2317,13,29.11,28.41
27-03-17,Palau,NA,EPPK016,Epinephelus_polyphekadion,504,M,1811.173,0.3171,13,29.11,28.41
27-03-17,Palau,NA,EPPK017,Epinephelus_polyphekadion,484,M,2271.046,0.4342,17,29.09,28.41
28-03-17,Palau,NA,EPPK018,Epinephelus_polyphekadion,355,F,1008.057,0.1506,6,29.16,28.42
28-03-17,Palau,NA,EPPK019,Epinephelus_polyphekadion,343,F,1237.996,0.1389,8,29.18,28.43
28-03-17,Palau,NA,EPPK022,Epinephelus_polyphekadion,425,F,1209.67,0.2027,7,29.16,28.47
28-03-17,Palau,NA,EPPK023,Epinephelus_polyphekadion,393,F,1379.624,0.2147,7,29.16,28.47
28-03-17,Palau,NA,EPPK024,Epinephelus_polyphekadion,387,F,1512.92,0.2182,11,29.17,28.47
28-03-17,Palau,NA,EPPK026,Epinephelus_polyphekadion,394,F,1644.553,0.2408,11,29.17,28.47
28-03-17,Palau,NA,EPPK027,Epinephelus_polyphekadion,399,M,1409.617,0.2228,8,29.18,28.43
28-03-17,Palau,NA,EPPK028,Epinephelus_polyphekadion,358,F,1133.025,0.1571,7,29.16,28.47
28-03-17,Palau,NA,EPPK029,Epinephelus_polyphekadion,373,F,979.734,0.1317,6,29.16,28.42
28-03-17,Palau,NA,EPPK030,Epinephelus_polyphekadion,390,M,1457.936,0.2081,9,29.17,28.47
28-03-17,Palau,NA,EPPK031,Epinephelus_polyphekadion,448,M,1801.175,0.2732,13,29.11,28.41
28-03-17,Palau,NA,EPPK032,Epinephelus_polyphekadion,394,M,1499.591,0.2030,9,29.17,28.47
28-03-17,Palau,NA,EPPK033,Epinephelus_polyphekadion,391,F,1387.956,0.1505,8,29.18,28.43
30-03-17,Palau,NA,EPPK034,Epinephelus_polyphekadion,444,M,1556.244,0.2686,11,29.17,28.47
30-03-17,Palau,NA,EPPK035,Epinephelus_polyphekadion,465,M,2086.099,0.3762,18,29.1,28.43
30-03-17,Palau,NA,EPPK036,Epinephelus_polyphekadion,450,M,1589.567,0.3085,11,29.17,28.47
02-11-17,Palau,NA,EPPK037,Epinephelus_polyphekadion,320,F,1186.344,0.1218,6,29.16,28.42
02-11-17,Palau,NA,EPPK038,Epinephelus_polyphekadion,344,F,1241.329,0.1609,7,29.16,28.47
02-11-17,Palau,NA,EPPK040,Epinephelus_polyphekadion,496,M,1861.16,0.3409,13,29.11,28.41
02-11-17,Palau,NA,EPPK041,Epinephelus_polyphekadion,388,F,1477.931,0.2491,9,29.17,28.47
03-11-17,Palau,NA,EPPK042,Epinephelus_polyphekadion,349,F,1121.361,0.0978,5,29.17,28.42
03-11-17,Palau,NA,EPPK043,Epinephelus_polyphekadion,366,F,1123.028,0.1431,6,29.16,28.42
03-11-17,Palau,NA,EPPK044,Epinephelus_polyphekadion,378,F,1058.046,0.1454,5,29.17,28.42
03-11-17,Palau,NA,EPPK045,Epinephelus_polyphekadion,421,M,1532.915,0.2577,9,29.17,28.47
07-11-17,Palau,NA,EPPK046,Epinephelus_polyphekadion,381,F,1467.934,0.2294,12,29.15,28.45
07-11-17,Palau,NA,EPPK047,Epinephelus_polyphekadion,360,F,1801.175,0.2005,11,29.17,28.47
07-11-17,Palau,NA,EPPK048,Epinephelus_polyphekadion,360,F,1279.65,0.1656,8,29.18,28.43
07-11-17,Palau,NA,EPPK049,Epinephelus_polyphekadion,399,F,1314.643,0.1933,8,29.18,28.43
07-11-17,Palau,NA,EPPK050,Epinephelus_polyphekadion,427,F,1666.214,0.2805,14,29.1,28.42
08-11-17,Palau,NA,EPPK051,Epinephelus_polyphekadion,390,F,1496.259,0.2299,11,29.17,28.47
08-11-17,Palau,NA,EPPK054,Epinephelus_polyphekadion,525,M,1999.457,0.3768,20,29.12,28.42
15-11-17,Palau,NA,EPPK056,Epinephelus_polyphekadion,435,M,1592.9,0.3104,14,29.1,28.42
15-11-17,Palau,NA,EPPK057,Epinephelus_polyphekadion,398,F,1246.327,0.1752,7,29.16,28.47
15-11-17,Palau,NA,EPPK059,Epinephelus_polyphekadion,439,F,1231.331,0.1996,7,29.16,28.47
27-11-17,Palau,NA,EPPK060,Epinephelus_polyphekadion,344,F,1184.678,0.1522,6,29.16,28.42
27-11-17,Palau,NA,EPPK063,Epinephelus_polyphekadion,330,F,1124.694,0.1287,6,29.16,28.42
27-11-17,Palau,NA,EPPK066,Epinephelus_polyphekadion,460,M,2787.577,0.5302,21,29.12,28.41
27-11-17,Palau,NA,EPPK067,Epinephelus_polyphekadion,388,F,1624.559,0.2126,12,29.15,28.45
27-11-17,Palau,NA,EPPK071,Epinephelus_polyphekadion,360,F,1029.72,0.1771,6,29.16,28.42
03-12-17,Palau,NA,EPPK077,Epinephelus_polyphekadion,419,M,1776.184,0.2813,13,29.11,28.41
07-12-17,Palau,NA,EPPK080,Epinephelus_polyphekadion,440,F,1624.557,0.2841,12,29.15,28.45
07-12-17,Palau,NA,EPPK083,Epinephelus_polyphekadion,412,M,2141.084,0.3475,17,29.09,28.41
11-12-17,Palau,NA,EPPK085,Epinephelus_polyphekadion,460,M,2316.842,0.3876,17,29.09,28.41
11-12-17,Palau,NA,EPPK086,Epinephelus_polyphekadion,470,M,1346.299,0.2796,10,29.18,28.49
11-12-17,Palau,NA,EPPK087,Epinephelus_polyphekadion,415,F,968.07,0.1855,5,29.17,28.42
11-12-17,Palau,NA,EPPK088,Epinephelus_polyphekadion,384,M,2472.66,0.3895,16,29.08,28.39
11-12-17,Palau,NA,EPPK089,Epinephelus_polyphekadion,475,F,1442.943,0.1779,9,29.17,28.47
04-01-18,Palau,NA,EPPK095,Epinephelus_polyphekadion,331,F,1321.306,0.1444,7,29.17,28.49
06-01-18,Palau,NA,EPPK097,Epinephelus_polyphekadion,400,F,1846.163,0.2840,13,29.16,28.48
08-01-18,Palau,NA,EPPK099,Epinephelus_polyphekadion,442,M,1951.136,0.3351,15,29.11,28.45
25-09-18,Palau,NA,EPPK102,Epinephelus_polyphekadion,280,F,969.736,0.0906,4,29.21,28.5
28-02-19,Palau,NA,EPPK113,Epinephelus_polyphekadion,390,M,1304.645,0.1901,8,29.13,28.4
28-02-19,Palau,NA,EPPK114,Epinephelus_polyphekadion,419,M,1661.215,0.2476,12,29.18,28.51
28-02-19,Palau,NA,EPPK115,Epinephelus_polyphekadion,325,F,853.101,0.1242,4,29.22,28.39
28-02-19,Palau,NA,EPPK116,Epinephelus_polyphekadion,324,F,1013.058,0.1179,4,29.22,28.39
28-02-19,Palau,NA,EPPK117,Epinephelus_polyphekadion,324,F,998.061,0.1188,5,29.14,28.35
28-02-19,Palau,NA,EPPK118,Epinephelus_polyphekadion,383,F,2054.439,0.2866,14,29.12,28.45
04-03-19,Palau,NA,EPPK119,Epinephelus_polyphekadion,492,M,1539.582,0.3111,12,29.18,28.51
04-03-19,Palau,NA,EPPK120,Epinephelus_polyphekadion,373,F,1769.518,0.2515,13,29.16,28.48
06-03-19,Palau,NA,EPPK121,Epinephelus_polyphekadion,318,F,941.411,0.1266,6,29.12,28.36
06-03-19,Palau,NA,EPPK122,Epinephelus_polyphekadion,365,F,1144.688,0.1599,7,29.14,28.39
