region,Dumaguete,Dumaguete,Dumaguete,Dumaguete,Dumaguete,Dumaguete,Dumaguete,Dumaguete,Dumaguete,Dumaguete,Dumaguete,Dumaguete,Dumaguete,Dumaguete,Dumaguete,Dumaguete,Dumaguete,Dumaguete,Dumaguete,Dumaguete,Dumaguete,Dumaguete,Dumaguete,Dumaguete,Dumaguete,Dumaguete,Dumaguete,Dumaguete,Dumaguete,Dumaguete,Dumaguete,Dumaguete,Dumaguete,Dumaguete,Dumaguete,Dumaguete,Dumaguete,Dumaguete,Dumaguete,Dumaguete,Dumaguete,Dumaguete,Dumaguete,Dumaguete,Dumaguete,Dumaguete,Dumaguete,Dumaguete,Dumaguete,Dumaguete,Dumaguete,Dumaguete,Dumaguete,Dumaguete,Dumaguete,Dumaguete,Dumaguete,Dumaguete,Dumaguete,Dumaguete,Dumaguete,Dumaguete,Dumaguete,Dumaguete,Dumaguete,Dumaguete,Dumaguete,Dumaguete,Dumaguete,Dumaguete,Dumaguete,Dumaguete,Dumaguete,Dumaguete,Dumaguete,Dumaguete,Dumaguete,Dumaguete,Dumaguete,Dumaguete,Dumaguete,Dumaguete,Guam,Guam,Guam,Guam,Guam,Guam,Guam,Guam,Guam,Guam,Guam,Guam,Guam,Guam,Guam,Guam,Guam,Guam,Guam,Guam,Guam,Guam,Guam,Guam,Guam,Guam,Guam,Guam,Guam,Guam,Guam,Guam,Guam,Guam,Guam,Guam,Guam,Guam,Guam,Guam,Guam,Guam,Guam,Guam,Guam,Guam,Guam,Guam,Guam,Guam,Guam,Guam,Guam,Guam,Guam,Guam,Guam,Guam,Guam,Guam,Guam,Guam,Guam,Guam,Guam,Guam,Guam,Guam,Guam,Guam,Guam,Guam,Guam,Guam,Guam,Guam,Guam,Guam,Guam,Guam,Guam,Guam,Guam,Guam,Guam,Guam,Guam,Guam,Guam,Guam,Guam,Guam,Guam,Guam,Guam,Guam,Guam,Guam,Guam,Guam,Guam,Guam,Guam,Guam,Guam,Guam,Guam,Guam,Guam,Guam,Guam,Guam,Guam,Guam,Guam,Guam,Guam,Guam,Guam,Guam,Guam,Guam,Guam,Guam,Guam,Guam,Guam,Guam,Guam,Guam,Guam,Guam,Guam,Guam,Guam,Guam,Guam,Guam,Guam,Guam,Guam,Guam,Guam,Guam,Guam,Guam,Guam,Guam,Guam,Guam,Guam,Guam,Guam,Guam,Guam,Guam,Guam,Guam,Guam,Guam,Guam,Guam,Guam,Guam,Guam,Guam,Guam,Guam,Guam,Guam,Guam,Guam,Guam,Guam,Guam,Guam,Guam,Guam,Guam,Guam,Guam,Guam,Guam,Guam,Guam,Guam,Guam,Guam,Guam,Guam,Guam,Guam,Guam,Guam,Guam,Guam,Guam,Guam,Guam,Guam,Guam,Guam,Guam,Guam,Guam,Guam,Guam,Guam,Guam,Guam,Guam,Guam,Guam,Guam,Guam,Guam,Guam,Guam,Guam,Guam,Guam,Guam,Guam,Guam,Guam,Guam,Guam,Guam,Guam,Guam,Guam,Guam,Guam,Guam,Guam,Guam,Guam,Guam,Guam,Guam,Guam,Guam,Guam,Guam,Guam,Guam,Guam,Guam,Guam,Guam,Guam,Guam,Guam,Guam,Guam,Guam,Guam,Guam,Guam,Guam,Guam,Guam,Guam,Guam,Guam,Guam,Guam,Guam,Guam,Guam,Guam,Guam,Guam,Guam,Guam,Guam,Guam,Guam,Guam,Guam,Guam,Guam,Guam,Guam,Guam,Guam,Guam,Guam,Guam,Guam,Guam,Guam,Guam,Guam,Guam,Guam,Guam,Guam,Guam,Guam,Guam,Guam,Guam,Guam,Guam,Guam,Guam,Guam,Guam,Guam,Guam,Guam,Guam,Guam,Guam,Guam,Guam,Guam,Guam,Guam,Guam,Guam,Guam,Guam,Guam,Guam,Guam,Guam,Guam,Guam,Guam,Guam,Guam,Guam,Guam,Guam,Guam,Guam,Guam,Guam,Guam,Guam,Guam,Guam,Guam,Guam,Guam,Guam,Guam,Guam,Guam,Guam,Guam,Guam,Guam,Guam,Guam,Guam,Guam,Guam,Guam,Guam,Guam,Guam,Guam,Guam,Guam,Guam,Guam,Guam,Guam,Guam,Guam,Guam,Guam,Guam,Guam,Guam,Guam,Guam,Guam,Guam,Guam,Guam,Guam,Guam,Guam,Guam,Guam,Guam,Guam,Guam,Guam,Guam,Guam,Guam,Guam,Kavieng,Kavieng,Kavieng,Kavieng,Kavieng,Kavieng,Kavieng,Kavieng,Kavieng,Kavieng,Kavieng,Kavieng,Kavieng,Kavieng,Kavieng,Kavieng,Kavieng,Kavieng,Kavieng,Kavieng,Kavieng,Kavieng,Kavieng,Kavieng,Kavieng,Kavieng,Kavieng,Kavieng,Kavieng,Kavieng,Kavieng,Kavieng,Pohnpei,Pohnpei,Pohnpei,Pohnpei,Pohnpei,Pohnpei,Pohnpei,Pohnpei,Pohnpei,Pohnpei,Pohnpei,Pohnpei,Pohnpei,Pohnpei,Pohnpei,Pohnpei,Pohnpei,Pohnpei,Pohnpei,Pohnpei,Pohnpei,Pohnpei,Pohnpei,Pohnpei,Pohnpei,Pohnpei,Pohnpei,Pohnpei,Pohnpei,Pohnpei,Pohnpei,Pohnpei,Pohnpei,Pohnpei,Pohnpei,Pohnpei,Pohnpei,Pohnpei,Pohnpei,Pohnpei,Pohnpei,Pohnpei,Pohnpei,Pohnpei,Pohnpei,Pohnpei,Pohnpei,Pohnpei,Pohnpei,Pohnpei,Pohnpei,Pohnpei,Pohnpei,Pohnpei,Pohnpei,Pohnpei,Pohnpei,Pohnpei,Pohnpei,Pohnpei,Pohnpei,Pohnpei,Pohnpei,Pohnpei,Pohnpei,Pohnpei,Pohnpei,Pohnpei,Pohnpei,Pohnpei,Pohnpei,Pohnpei,Pohnpei,Pohnpei,Pohnpei,Pohnpei,Pohnpei,Pohnpei,Pohnpei,Pohnpei,Pohnpei,Yap,Yap,Yap,Yap,Yap,Yap,Yap,Yap,Yap,Yap,Yap,Yap,Yap,Yap,Yap,Yap,Yap,Yap,Yap,Yap,Yap,Yap,Yap,Yap,Yap,Yap,Yap,Yap,Yap,Yap,Yap,Yap,Yap,Yap,Yap,Yap,Yap,Yap,Yap,Yap,Yap,Yap,Yap,Yap,Yap,Yap,Yap,Yap,Yap,Yap,Yap,Yap,Yap,Yap,Yap,Yap,Yap,Yap,Yap,Yap,Yap,Yap,Yap,Yap,Yap,Yap,Yap,Yap,Yap,Yap,Yap,Yap,Yap,Yap,Yap,Yap,Yap,Yap,Yap,Yap,Yap,Yap,Yap,Yap,Yap,Yap
id,LH001PI,LH002PI,LHPI001,LHPI002,LHPI003,LHPI004,LHPI005,LHPI006,LHPI007,LHPI008,LHPI009,LHPI010,LHPI011,LHPI012,LHPI013,LHPI014,LHPI015,LHPI016,LHPI017,LHPI018,LHPI019,LHPI020,LHPI021,LHPI022,LHPI023,LHPI025,LHPI026,LHPI027,LHPI028,LHPI029,LHPI030,LHPI031,LHPI032,LHPI033,LHPI034,LHPI035,LHPI036,LHPI037,LHPI038,LHPI039,LHPI040,LHPI041,LHPI042,LHPI043,LHPI045,LHPI046,LHPI047,LHPI048,LHPI049,LHPI050,LHPI051,LHPI052,LHPI053,LHPI054,LHPI055,LHPI056,LHPI057,LHPI058,LHPI059,LHPI0XX,PI1011LH01,PI1011LH02,PI1011LH03,PI1011LH04,PI1011LH05,PI1011LH06,PI1011LH07,PI1011LH08,PI1011LH09,PI1011LH10,PI1011LH11,PI1011LH12,PI1012LH01,PI1012LH02,PI1012LH03,PI1012LH04,PPLH_2_001,PPLH_2_002,PPLH_2_003,PPLH_2_005,PPLH_2_006,PPLH_2_007,AC001,AC002,AC003,AC004,AC005,AC006,AC007,AC008,AC009,AC010,AC011,AC012,AC013,AC014,AC015,AC016,AC017,AC018,AC019,AC020,AC021,AC022,AC023,AC024,AC025,AC026,AC027,AC028,AC029,AC030,AC031,AC032,AC033,AC034,AC035,AC036,AC037,AC038,AC039,AC040,AC041,AC042,AC043,AC044,AC045,AC046,AC047,AC048,AC049,AC050,AC051,AC052,AC053,AC054,AC055,AC056,AC057,AC058,AC059,AC060,AC061,AC062,AC063,AS001,AS002,AS003,AS004,AS005,CL001,CL002,CL003,CL004,CL005,CL006,CL007,CL008,CL009,CL010,CL011,CL012,CL013,CL014,CL015,CL016,CL017,CL018,CL019,CL020,CL021,CL022,CL023,CL024,CL025,CL026,CL027,CL028,CL029,CL030,CL031,CL032,CL033,CL034,CL035,CL036,CL037,CL038,CL039,CL040,CL041,CL042,CL043,CL044,CL046,CL047,CL048,CL049,CL050,CL051,CL052,CL053,CL054,CL055,CL056,CL057,CL058,CL059,CL060,CL061,CL062,CL063,CL064,CL065,CL066,CL067,CL068,CL069,CL070,CL071,CL072,CL073,CL074,CL075,CL076,CL077,CL078,CL079,CL080,CL081,CL082,CL083,CL084,CL085,CL086,CL087,CL088,CL089,CL090,EA001,EA002,EA003,EA004,EA005,EA006,EA007,EA009,EA010,EA011,EA012,EA013,EA014,EA015,EA016,EA017,EA018,EA020,EA021,EA022,EA023,EA024,EA025,EA026,EA027,EA028,EA029,EA030,EA031,EA039,EA040,EA041,EA042,EA043,EA044,EA045,EA046,EA047,EA048,EA049,EA050,EA051,EA052,EA053,EA054,EA055,EA057,EA058,EA059,EA060,EA061,EA062,EA064,EA065,EA066,EA067,EA068,EA069,EA070,EA071,EA072,EA073,EA074,EA075,EA076,FUHA002,FUHA003,GOV001,GOV002,GOV003,GOV004,GOV005,GOV006,GOV007,GOV008,GOV009,GOV010,GOV011,GOV012,GOV013,GOV014,GOV015,GOV016,GOV017,GOV018,GOV019,GOV020,GOV021,GOV022,GOV023,GOV024,GOV025,GOV026,GOV027,GOV028,GOV029,GOV030,GOV031,GOV032,GOV033,IN001,IN002,IN003,IN004,IN005,IN006,IN007,IN008,IN009,IN010,IN011,IN012,IN013,IN014,IN015,IN016,JEF001,JEF002,JEF003,JEF004,JEF005,JEF006,JEF007,JEF008,JEF009,JEF010,JEF011,JEF012,JEF013,JEF014,JEF015,JEF016,JEF017,JEF018,JEF019,PAG001,PAG002,PAG003,PAG004,PAG005,PAG006,PAG007,PAG008,PAG009,PAG010,PAG011,PAG012,PAG013,PAG014,PAG015,PAG016,PAG017,PI001,PI002,PI003,PI004,PI005,PI006,PI007,PI008,PI010,PI011,PI012,PI013,PI014,PI015,PI016,PI017,PI018,PI019,PI020,PI021,PI022,PI023,PI024,PI025,PI026,PI027,PI028,PI029,PI030,PI031,PI032,PI033,PI034,PI035,PI036,PI037,PI038,PI039,PI040,PI041,PI042,PI043,PI044,PI045,PI046,PI047,PI048,PI049,PI050,PI051,PI052,PI053,PI054,PI055,PI056,PI057,PI058,PI059,PI060,PI061,PI063,PI064,PI065,PI066,PI067,PI068,RB001,RB002,RB003,RB004,RB005,RB006,RB007,RB008,RB009,RB010,RB011,RB012,RB013,RB014,RB015,RB016,RB017,RB018,RB019,TANG001,TU001,YLG001,LH001PNG,LH002PNG,LH003PNG,LH004PNG,LH005PNG,LH008PNG,LH009PNG,LH010PNG,LH012PNG,LH013PNG,LH015PNG,LH016PNG,LH017PNG,LH018PNG,LH019PNG,LH021PNG,LH023PNG,LH025PNG,LH026PNG,LH027PNG,LH029PNG,LH030PNG,LH031PNG,LH032PNG,LH033PNG,LH034PNG,LH035PNG,LH036PNG,LH037PNG,LH039PNG,LH040PNG,LH041PNG,PP1002LH01,PP1002LH02,PP1002LH03,PP1002LH04,PP1002LH05,PP1002LH06,PP1002LH07,PP1002LH08,PP1002LH09,PP1002LH10,PP1002LH11,PP1002LH12,PP1002LH13,PP1002LH14,PP1002LH15,PP1002LH16,PP1002LH17,PP1002LH18,PP1002LH19,PP1002LH20,PP1002LH21,PP1002LH22,PP1002LH23,PP1002LH24,PP1002LH25,PP1002LH26,PP1002LH28,PP1002LH29,PP1002LH30,PP1002LH31,PP1002LH32,PP1002LH33,PP1002LH34,PP1002LH35,PP1002LH36,PP1002LH37,PP1002LH38,PP1002LH39,PP1002LH40,PP1002LH41,PP1002LH42,PP1002LH43,PP1002LH44,PP1002LH45,PP1002LH46,PP1002LH47,PP1003LH01,PP1003LH02,PP1003LH03,PP1003LH04,PPLH001,PPLH002,PPLH003,PPLH004,PPLH005,PPLH006,PPLH007,PPLH008,PPLH009,PPLH010,PPLH011,PPLH012,PPLH013,PPLH014,PPLH015,PPLH016,PPLH019,PPLH020,PPLH021,PPLH022,PPLH023,PPLH024,PPLH025,PPLH026,PPLH027,PPLH028,PPLH029,PPLH030,PPLH031,PPLH032,PPLH033,LHYP01,LHYP02,LHYP03,LHYP04,LHYP05,LHYP06,LHYP07,LHYP08,LHYP09,LHYP10,LHYP11,LHYP12,LHYP13,LHYP14,LHYP16,LHYP17,LHYP18,LHYP19,LHYP20,LHYP21,LHYP22,LHYP23,LHYP24,LHYP25,LHYP26,LHYP27,LHYP28,LHYP29,LHYP30,LHYP31,LHYP32,LHYP33,LHYP34,LHYP35,LHYP36,LHYP37,LHYP38,LHYP41,LHYP42,LHYP43,LHYP44,LHYP45,LHYP46,LHYP47,LHYP48,LHYP49,LHYP50,LHYP51,LHYP52,LHYP53,LHYP54,LHYP55,LHYP56,LHYP57,LHYP58,LHYP59,LHYP60,LHYP61,LHYP62,LHYP63,LHYP64,LHYP65,LHYP66,LHYP67,LHYP68,LHYP69,LHYP70,LHYP71,LHYP72,LHYP73,LHYP74,LHYP75,LHYP76,LHYP77,LHYP78,LHYP79,LHYP80,LHYP81,LHYP82,LHYP83,LHYP84,LHYP85,LHYP87,LHYP88,LHYP90,LHYP91
length,252,255,243,220,205,191,187,170,171,137,133,130,130,206,198,167,156,249,111,260,261,239,207,228,229,212,210,129,101,259,247,217,252,209,146,131,123,141,122,131,116,283,285,288,245,242,254,296,278,256,257,225,205,160,148,139,136,133,126,318,282,236,200,287,262,251,248,214,226,129,131,124,290,265,275,285,NA,NA,NA,NA,NA,NA,162,251,240,215,209,207,206,200,194,190,199,165,166,163,160,158,153,143,131,121,228,220,208,203,183,194,196,171,173,163,167,146,132,135,126,130,130,132,123,115,108,117,232,225,213,188,243,208,230,209,238,241,179,223,192,214,163,140,136,136,251,191,188,263,192,207,252,179,232,254,265,236,223,195,206,255,237,175,222,215,202,157,244,246,216,265,161,115,160,194,157,122,126,215,139,122,112,239,233,212,183,191,163,150,155,170,183,255,264,231,220,202,221,137,251,213,240,229,239,229,187,151,131,127,250,239,168,125,230,232,226,181,151,115,205,217,214,213,204,230,240,243,235,225,230,225,223,231,224,211,225,219,222,219,157,140,144,173,169,143,185,181,234,203,198,166,119,221,186,183,173,164,140,111,134,149,147,191,194,209,194,183,179,194,180,138,244,192,189,188,197,186,185,158,143,142,216,217,190,182,173,175,161,206,220,188,233,188,173,228,123,164,172,163,197,228,218,254,171,188,191,185,181,196,262,215,293,280,207,184,221,212,192,195,201,269,303,262,173,243,217,205,239,228,210,206,261,229,232,210,193,244,101,277,240,225,213,214,209,231,201,235,232,209,242,222,220,230,214,232,251,212,228,229,202,204,207,228,202,209,202,240,217,212,275,267,219,226,241,189,214,253,106,221,228,195,183,164,127,127,209,260,142,221,115,206,181,175,146,204,208,141,240,287,244,299,203,245,148,133,197,186,160,143,143,139,148,162,134,110,166,230,220,200,193,216,200,196,206,210,170,241,146,285,247,248,230,210,120,273,243,240,230,208,162,236,327,293,249,246,254,251,223,216,214,205,203,202,198,283,277,269,250,236,214,210,156,167,184,163,151,165,182,247,207,209,222,202,197,198,198,199,198,223,200,262,220,210,203,195,170,169,161,148,143,107,184,183,171,159,167,151,188,162,157,146,152,141,136,126,130,121,120,111,195,170,165,158,146,263,241,225,196,223,232,236,258,224,222,239,231,250,255,231,241,229,228,228,227,240,215,248,247,216,189,211,226,221,228,238,228,220,216,232,226,247,265,269,250,263,249,211,217,207,236,231,186,190,186,231,234,218,212,211,229,209,232,176,214,190,195,176,204,201,207,253,210,224,173,201,202,211,202,201,165,212,206,176,225,204,235,190,188,186,241,234,208,236,236,247,251,202,237,210,225,255,267,200,205,177,223,228,171,174,166,137,175,224,208,204,191,217,179,186,198,242,214,183,196,167,201,236,239,215,218,198,204,196,193,185,191,228,169,174,175,233,215,194,185,192,206,196,210,218,188,173,194,171,166,197,221,197,179,204,176,214,195,223,177,191,180,179,172,208,153,231
1996,NA,NA,NA,NA,NA,NA,NA,NA,NA,NA,NA,NA,NA,NA,NA,NA,NA,NA,NA,NA,NA,NA,NA,NA,NA,NA,NA,NA,NA,NA,NA,NA,NA,NA,NA,NA,NA,NA,NA,NA,NA,NA,NA,NA,NA,NA,NA,NA,NA,NA,NA,NA,NA,NA,NA,NA,NA,NA,NA,NA,NA,NA,NA,NA,NA,NA,NA,NA,NA,NA,NA,NA,NA,NA,NA,NA,NA,NA,NA,NA,NA,NA,NA,NA,NA,NA,NA,NA,NA,NA,NA,NA,NA,NA,NA,NA,NA,NA,NA,NA,NA,NA,NA,NA,NA,NA,NA,NA,NA,NA,NA,NA,NA,NA,NA,NA,NA,NA,NA,NA,NA,NA,NA,NA,NA,NA,NA,NA,NA,NA,NA,NA,NA,NA,NA,NA,NA,NA,NA,NA,NA,NA,NA,NA,NA,NA,NA,NA,NA,NA,NA,NA,NA,NA,NA,NA,NA,NA,NA,NA,NA,NA,NA,NA,NA,NA,NA,NA,NA,NA,NA,NA,NA,NA,NA,NA,NA,NA,NA,NA,NA,NA,NA,NA,NA,NA,NA,NA,NA,NA,NA,NA,NA,NA,NA,NA,NA,NA,NA,NA,NA,NA,NA,NA,NA,NA,NA,NA,NA,NA,NA,NA,NA,NA,NA,NA,NA,NA,NA,NA,NA,NA,NA,NA,NA,NA,NA,NA,NA,NA,NA,NA,NA,NA,NA,NA,NA,NA,NA,NA,NA,NA,NA,NA,NA,NA,NA,NA,NA,NA,NA,NA,NA,NA,NA,NA,NA,NA,NA,NA,NA,NA,NA,NA,NA,NA,NA,NA,NA,NA,NA,NA,NA,NA,NA,NA,NA,NA,NA,NA,NA,NA,NA,NA,NA,NA,NA,NA,NA,NA,NA,NA,NA,NA,NA,NA,NA,NA,NA,NA,NA,NA,NA,NA,NA,NA,NA,NA,NA,NA,NA,NA,NA,NA,NA,NA,NA,NA,NA,NA,NA,NA,NA,NA,NA,NA,NA,NA,NA,NA,NA,NA,NA,NA,NA,NA,NA,NA,NA,NA,NA,NA,NA,NA,NA,NA,NA,NA,NA,NA,NA,NA,NA,NA,NA,NA,NA,NA,NA,NA,NA,NA,NA,NA,NA,NA,NA,NA,NA,NA,NA,NA,NA,NA,NA,NA,NA,NA,NA,NA,NA,NA,NA,NA,NA,NA,NA,NA,NA,NA,NA,NA,NA,NA,NA,NA,NA,NA,NA,NA,NA,NA,NA,NA,NA,NA,NA,NA,NA,NA,NA,NA,NA,NA,NA,NA,NA,NA,NA,NA,NA,NA,NA,NA,NA,NA,NA,NA,NA,NA,NA,NA,NA,NA,NA,NA,NA,NA,NA,NA,NA,NA,NA,403.278,NA,NA,NA,NA,NA,NA,NA,NA,NA,NA,NA,NA,NA,NA,NA,NA,NA,NA,NA,NA,NA,NA,NA,NA,NA,NA,NA,NA,NA,NA,NA,NA,NA,NA,NA,NA,NA,NA,NA,NA,NA,NA,NA,NA,NA,NA,NA,NA,NA,NA,NA,NA,NA,NA,NA,NA,NA,NA,NA,NA,NA,NA,NA,NA,NA,NA,NA,NA,NA,NA,NA,NA,NA,NA,NA,NA,NA,NA,NA,NA,NA,NA,NA,NA,NA,NA,NA,NA,NA,NA,NA,NA,NA,NA,NA,NA,NA,NA,NA,NA,NA,NA,NA,NA,NA,NA,NA,NA,NA,NA,NA,NA,NA,NA,NA,NA,NA,NA,NA,NA,NA,NA,NA,NA,NA,NA,NA,NA,NA,NA,NA,NA,NA,NA,NA,NA,NA,NA,NA,NA,NA,NA,NA,NA,NA,NA,NA,NA,NA,NA,NA,NA,NA,NA,NA,NA,NA,NA,NA,NA,NA,NA,NA,NA,NA,NA,NA,NA,NA,NA,NA,NA,NA,NA,NA,NA,NA,NA,NA,NA,NA,NA,NA,NA,NA,NA,NA,NA,NA,NA,NA,NA,NA,NA,NA,NA,NA,NA,NA,NA,NA,NA,NA,NA,NA,NA,NA,NA,NA,NA,NA,NA,NA,NA,NA,NA,NA,NA,NA,NA,NA,NA,NA,NA,NA,NA,NA,NA,NA,NA,NA,NA,NA,NA
1997,NA,NA,NA,NA,NA,NA,NA,NA,NA,NA,NA,NA,NA,NA,NA,NA,NA,NA,NA,NA,NA,NA,NA,NA,NA,NA,NA,NA,NA,NA,NA,NA,NA,NA,NA,NA,NA,NA,NA,NA,NA,NA,NA,NA,NA,NA,NA,NA,NA,NA,NA,NA,NA,NA,NA,NA,NA,NA,NA,NA,NA,NA,NA,NA,NA,NA,NA,NA,NA,NA,NA,NA,NA,NA,NA,NA,NA,NA,NA,NA,NA,NA,NA,NA,NA,NA,NA,NA,NA,NA,NA,NA,NA,NA,NA,NA,NA,NA,NA,NA,NA,NA,NA,NA,NA,NA,NA,NA,NA,NA,NA,NA,NA,NA,NA,NA,NA,NA,NA,NA,NA,NA,NA,NA,NA,NA,NA,NA,NA,NA,NA,NA,NA,NA,NA,NA,NA,NA,NA,NA,NA,NA,NA,NA,NA,NA,NA,NA,NA,NA,NA,NA,441.647,NA,NA,NA,NA,NA,NA,NA,NA,NA,NA,NA,NA,NA,NA,NA,NA,NA,NA,NA,NA,NA,NA,NA,NA,NA,NA,NA,NA,NA,NA,NA,NA,NA,NA,NA,NA,NA,428.705,NA,NA,NA,NA,NA,NA,NA,NA,NA,NA,NA,NA,NA,NA,NA,NA,NA,NA,NA,NA,NA,NA,NA,NA,NA,NA,NA,NA,NA,NA,NA,NA,NA,NA,NA,NA,NA,NA,NA,NA,NA,NA,NA,NA,NA,NA,NA,NA,NA,NA,NA,NA,NA,NA,NA,NA,NA,NA,NA,NA,NA,NA,NA,NA,NA,NA,NA,NA,NA,NA,NA,NA,NA,NA,NA,NA,NA,NA,NA,NA,NA,NA,NA,NA,NA,NA,NA,NA,NA,NA,NA,NA,NA,NA,NA,NA,NA,NA,NA,NA,NA,NA,NA,NA,NA,NA,NA,NA,NA,NA,NA,NA,NA,NA,NA,NA,NA,NA,NA,NA,NA,NA,NA,NA,NA,NA,NA,NA,NA,NA,NA,NA,NA,NA,NA,NA,NA,NA,NA,NA,NA,NA,NA,NA,NA,NA,NA,NA,NA,NA,NA,NA,NA,NA,NA,NA,NA,NA,NA,NA,NA,NA,NA,NA,NA,NA,NA,NA,NA,NA,NA,NA,NA,NA,NA,NA,NA,NA,NA,NA,NA,NA,NA,NA,NA,NA,NA,NA,NA,NA,NA,NA,NA,NA,NA,NA,NA,NA,NA,NA,NA,NA,NA,NA,NA,NA,NA,NA,NA,NA,NA,NA,NA,NA,NA,NA,NA,NA,NA,NA,NA,NA,NA,NA,NA,NA,NA,NA,NA,NA,NA,NA,NA,NA,NA,NA,NA,NA,NA,NA,NA,NA,NA,NA,NA,NA,NA,NA,NA,409.744,NA,381.458,210.125,NA,NA,NA,NA,NA,NA,NA,NA,NA,NA,NA,NA,NA,NA,NA,NA,NA,NA,NA,NA,NA,NA,NA,NA,NA,NA,NA,NA,NA,NA,NA,NA,NA,NA,NA,NA,NA,NA,NA,NA,NA,NA,NA,NA,NA,NA,NA,NA,NA,NA,NA,NA,NA,NA,NA,NA,NA,NA,NA,NA,NA,NA,NA,NA,NA,NA,NA,NA,NA,NA,NA,NA,NA,NA,NA,NA,NA,NA,NA,NA,NA,NA,NA,NA,NA,NA,NA,NA,NA,NA,NA,NA,NA,NA,NA,NA,NA,NA,NA,NA,NA,NA,NA,NA,NA,NA,NA,NA,NA,NA,NA,NA,NA,NA,NA,NA,NA,NA,NA,NA,NA,NA,NA,NA,NA,NA,NA,NA,NA,NA,NA,NA,NA,NA,NA,NA,NA,NA,NA,NA,NA,NA,NA,NA,NA,NA,NA,NA,NA,NA,NA,NA,NA,NA,NA,NA,NA,NA,NA,NA,NA,NA,NA,NA,NA,NA,NA,NA,NA,NA,NA,NA,NA,NA,NA,NA,NA,NA,NA,NA,NA,NA,NA,NA,NA,NA,NA,NA,NA,NA,NA,NA,NA,NA,NA,NA,NA,NA,NA,NA,NA,NA,NA,NA,NA,NA,NA,NA,NA,NA,NA,NA,NA,NA,NA,NA,NA,NA,NA,NA,NA,NA,NA,NA,NA,NA,NA,NA,NA,NA,NA,NA,NA,NA
1998,NA,NA,NA,NA,NA,NA,NA,NA,NA,NA,NA,NA,NA,NA,NA,NA,NA,NA,NA,NA,NA,NA,NA,NA,NA,NA,NA,NA,NA,NA,NA,NA,NA,NA,NA,NA,NA,NA,NA,NA,NA,NA,NA,NA,NA,NA,NA,NA,NA,NA,NA,NA,NA,NA,NA,NA,NA,NA,NA,NA,NA,NA,NA,NA,NA,NA,NA,NA,NA,NA,NA,NA,NA,NA,NA,NA,NA,NA,NA,NA,NA,NA,NA,NA,NA,NA,NA,NA,NA,NA,NA,NA,NA,NA,NA,NA,NA,NA,NA,NA,NA,NA,NA,NA,NA,NA,NA,NA,NA,NA,NA,NA,NA,NA,NA,NA,NA,NA,NA,NA,NA,NA,NA,NA,NA,NA,NA,NA,NA,NA,NA,NA,NA,NA,NA,NA,NA,NA,NA,NA,NA,NA,NA,NA,NA,NA,NA,NA,NA,NA,NA,NA,196.557,NA,NA,NA,NA,NA,NA,NA,NA,NA,NA,NA,NA,NA,NA,NA,NA,NA,NA,NA,NA,NA,NA,NA,NA,NA,NA,NA,NA,NA,NA,NA,NA,NA,NA,NA,NA,NA,189.277,NA,NA,NA,NA,NA,NA,NA,NA,NA,NA,NA,NA,NA,NA,NA,NA,NA,NA,NA,NA,NA,NA,NA,NA,NA,NA,NA,NA,NA,NA,NA,NA,NA,NA,NA,NA,NA,NA,NA,NA,NA,NA,NA,NA,NA,NA,NA,NA,NA,NA,NA,NA,NA,NA,NA,NA,NA,NA,NA,NA,NA,NA,NA,NA,NA,NA,NA,NA,NA,NA,NA,NA,NA,NA,NA,NA,NA,NA,NA,NA,NA,NA,NA,NA,NA,NA,NA,NA,NA,NA,NA,NA,NA,NA,NA,NA,NA,NA,NA,NA,NA,NA,NA,NA,NA,NA,NA,NA,NA,NA,NA,NA,NA,NA,NA,NA,NA,NA,NA,NA,NA,NA,NA,NA,NA,NA,NA,NA,NA,NA,NA,NA,NA,NA,NA,NA,NA,NA,NA,NA,NA,NA,NA,NA,NA,NA,NA,NA,NA,NA,NA,NA,NA,NA,NA,NA,NA,NA,322.542,NA,NA,NA,NA,NA,NA,NA,NA,NA,NA,NA,NA,NA,NA,NA,NA,NA,NA,NA,NA,NA,NA,NA,NA,NA,NA,NA,NA,NA,NA,NA,NA,NA,NA,NA,NA,NA,NA,NA,NA,NA,NA,NA,NA,NA,440.884,NA,NA,NA,NA,NA,NA,NA,NA,NA,NA,NA,NA,NA,NA,NA,NA,NA,NA,NA,NA,NA,NA,NA,NA,NA,NA,NA,NA,NA,NA,NA,NA,NA,NA,NA,NA,NA,NA,NA,NA,NA,NA,NA,455.001,202.851,NA,177.798,124.459,NA,NA,NA,NA,NA,NA,NA,NA,NA,NA,NA,NA,NA,NA,NA,NA,NA,NA,NA,NA,NA,NA,NA,NA,NA,NA,NA,NA,NA,NA,NA,NA,NA,NA,NA,NA,NA,NA,NA,NA,NA,NA,NA,NA,NA,NA,NA,NA,NA,NA,NA,NA,NA,NA,NA,NA,NA,NA,NA,NA,NA,NA,NA,NA,NA,NA,NA,NA,NA,NA,NA,NA,NA,NA,NA,NA,NA,NA,NA,NA,NA,NA,NA,NA,NA,NA,NA,NA,NA,NA,NA,NA,NA,NA,NA,NA,NA,NA,NA,NA,NA,NA,NA,NA,NA,NA,NA,NA,NA,NA,NA,NA,NA,NA,NA,NA,NA,NA,NA,NA,NA,NA,NA,NA,NA,NA,NA,NA,NA,NA,NA,NA,NA,NA,NA,NA,NA,NA,NA,NA,NA,NA,NA,NA,NA,NA,NA,NA,NA,NA,NA,NA,NA,NA,NA,NA,NA,NA,NA,NA,NA,NA,NA,NA,NA,NA,NA,NA,NA,NA,NA,NA,NA,NA,NA,NA,NA,NA,NA,NA,NA,NA,NA,NA,NA,NA,NA,NA,NA,NA,NA,NA,NA,NA,NA,NA,NA,NA,NA,NA,NA,NA,NA,NA,NA,NA,NA,NA,NA,NA,NA,NA,NA,NA,NA,NA,NA,NA,NA,NA,NA,NA,NA,NA,NA,NA,NA,NA,NA,NA,NA,NA,NA,NA
1999,NA,NA,NA,NA,NA,NA,NA,NA,NA,NA,NA,NA,NA,NA,NA,NA,NA,NA,NA,NA,NA,NA,NA,NA,NA,NA,NA,NA,NA,NA,NA,NA,NA,NA,NA,NA,NA,NA,NA,NA,NA,NA,NA,NA,NA,NA,NA,NA,NA,NA,NA,NA,NA,NA,NA,NA,NA,NA,NA,NA,NA,NA,NA,NA,NA,NA,NA,NA,NA,NA,NA,NA,NA,NA,NA,NA,NA,NA,NA,NA,NA,NA,NA,NA,NA,NA,NA,NA,NA,NA,NA,NA,NA,NA,NA,NA,NA,NA,NA,NA,NA,NA,NA,NA,NA,NA,NA,NA,NA,NA,NA,NA,NA,NA,NA,NA,NA,NA,NA,NA,NA,NA,NA,NA,NA,NA,NA,NA,NA,NA,NA,NA,NA,NA,NA,NA,NA,NA,NA,NA,NA,NA,NA,NA,NA,NA,NA,NA,NA,NA,NA,NA,149.642,NA,NA,NA,NA,NA,NA,NA,NA,NA,NA,NA,NA,NA,NA,NA,NA,NA,NA,NA,NA,NA,NA,NA,NA,NA,NA,NA,NA,NA,NA,NA,NA,NA,NA,NA,NA,NA,132.656,NA,NA,NA,NA,NA,NA,NA,NA,NA,NA,NA,NA,NA,NA,NA,NA,NA,NA,NA,NA,NA,NA,NA,NA,NA,NA,NA,NA,NA,NA,NA,NA,NA,NA,NA,NA,NA,NA,NA,NA,NA,NA,NA,NA,NA,NA,NA,NA,NA,NA,NA,NA,NA,NA,NA,NA,NA,NA,NA,NA,NA,NA,NA,NA,NA,NA,NA,NA,NA,NA,NA,NA,NA,NA,NA,NA,NA,NA,NA,NA,NA,NA,NA,NA,NA,NA,NA,NA,NA,NA,NA,NA,NA,NA,NA,NA,NA,NA,NA,NA,NA,NA,NA,NA,NA,NA,NA,NA,NA,NA,NA,NA,NA,NA,NA,NA,NA,NA,NA,NA,NA,NA,NA,NA,NA,NA,NA,NA,NA,NA,NA,NA,NA,NA,NA,NA,NA,363.962,NA,NA,NA,NA,NA,NA,350.212,NA,NA,NA,NA,NA,NA,NA,NA,NA,NA,NA,NA,NA,204.519,NA,NA,339.518,NA,NA,NA,NA,NA,NA,NA,NA,NA,NA,NA,NA,NA,NA,NA,NA,NA,NA,NA,NA,NA,NA,NA,NA,NA,NA,NA,NA,NA,NA,NA,NA,NA,NA,NA,NA,NA,NA,NA,NA,NA,NA,208.33,NA,471.569,NA,NA,NA,NA,NA,NA,NA,NA,NA,NA,NA,NA,NA,NA,NA,NA,NA,NA,NA,NA,NA,NA,NA,NA,NA,NA,NA,NA,NA,NA,NA,NA,NA,NA,NA,NA,NA,NA,NA,NA,NA,204.468,118.801,NA,185.88,113.952,NA,NA,NA,NA,NA,NA,NA,NA,NA,NA,NA,NA,NA,NA,NA,NA,NA,NA,NA,NA,NA,NA,NA,NA,NA,NA,NA,NA,NA,NA,NA,NA,NA,NA,NA,NA,NA,NA,NA,NA,NA,NA,NA,NA,NA,NA,NA,NA,NA,NA,NA,NA,NA,NA,NA,NA,NA,NA,NA,NA,NA,NA,NA,NA,NA,NA,NA,NA,NA,NA,NA,NA,NA,NA,NA,NA,NA,NA,NA,NA,NA,NA,NA,NA,NA,NA,NA,NA,NA,NA,NA,NA,NA,NA,NA,NA,NA,NA,NA,NA,NA,NA,NA,NA,NA,NA,NA,NA,NA,NA,NA,NA,NA,NA,NA,NA,NA,NA,NA,NA,NA,NA,NA,NA,NA,NA,NA,NA,NA,NA,NA,NA,NA,NA,NA,NA,NA,NA,NA,NA,NA,NA,NA,NA,NA,NA,NA,NA,NA,NA,NA,NA,374.986,NA,NA,NA,NA,NA,NA,NA,NA,NA,NA,NA,NA,NA,NA,NA,NA,NA,NA,NA,NA,NA,NA,NA,NA,NA,NA,NA,NA,NA,NA,NA,NA,NA,NA,NA,NA,NA,NA,NA,NA,NA,NA,NA,NA,NA,NA,NA,NA,NA,NA,NA,NA,NA,NA,NA,NA,NA,NA,NA,NA,NA,NA,NA,NA,NA,NA,NA,NA,NA,NA,NA,NA,NA,NA,NA,NA,NA,NA,NA,NA,NA
2000,NA,NA,NA,NA,NA,NA,NA,NA,NA,NA,NA,NA,NA,NA,NA,NA,NA,NA,NA,NA,NA,NA,NA,NA,NA,NA,NA,NA,NA,NA,NA,NA,NA,NA,NA,NA,NA,NA,NA,NA,NA,NA,NA,NA,NA,NA,NA,NA,NA,NA,NA,NA,NA,NA,NA,NA,NA,NA,NA,NA,NA,NA,NA,NA,NA,NA,NA,NA,NA,NA,NA,NA,NA,NA,NA,NA,NA,NA,NA,NA,NA,NA,NA,NA,NA,NA,NA,NA,NA,NA,NA,NA,NA,NA,NA,NA,NA,NA,NA,NA,NA,NA,NA,NA,NA,NA,NA,NA,NA,NA,NA,NA,NA,NA,NA,NA,NA,NA,NA,NA,NA,NA,NA,NA,NA,NA,NA,NA,NA,NA,NA,NA,NA,NA,NA,NA,NA,NA,NA,NA,NA,NA,451.353,NA,NA,NA,NA,NA,NA,NA,NA,356.715,106.772,NA,NA,NA,NA,NA,382.599,NA,NA,NA,NA,NA,NA,NA,NA,NA,NA,NA,NA,NA,NA,NA,NA,NA,NA,NA,NA,NA,NA,NA,NA,NA,NA,NA,NA,NA,NA,421.425,123.758,NA,NA,NA,NA,NA,NA,NA,NA,NA,405.247,NA,NA,NA,NA,NA,NA,NA,NA,NA,NA,NA,NA,NA,NA,NA,NA,NA,NA,NA,NA,NA,NA,NA,NA,NA,NA,NA,NA,NA,NA,NA,NA,NA,NA,NA,NA,NA,NA,NA,NA,NA,NA,NA,NA,NA,NA,NA,NA,NA,NA,NA,NA,NA,NA,NA,NA,NA,NA,NA,NA,NA,NA,NA,NA,NA,NA,NA,NA,NA,NA,NA,NA,NA,NA,NA,NA,NA,NA,NA,NA,NA,NA,NA,NA,NA,NA,NA,NA,NA,NA,NA,NA,NA,NA,NA,NA,NA,NA,NA,NA,NA,NA,NA,NA,NA,301.046,NA,421.419,344.577,NA,NA,NA,NA,NA,NA,NA,NA,319.477,376.902,NA,NA,NA,NA,NA,NA,NA,NA,218.377,NA,NA,NA,NA,NA,NA,211.907,NA,NA,NA,NA,NA,382.362,NA,NA,NA,NA,392.87,358.919,NA,177.843,388.829,392.062,177.843,NA,NA,NA,NA,NA,NA,NA,NA,NA,NA,NA,NA,NA,NA,NA,NA,NA,NA,NA,NA,NA,NA,NA,NA,NA,NA,NA,NA,NA,NA,NA,NA,NA,NA,NA,NA,NA,NA,NA,NA,NA,NA,169.571,NA,166.341,NA,NA,NA,NA,NA,NA,NA,NA,NA,NA,NA,NA,NA,NA,NA,NA,NA,NA,NA,NA,NA,NA,NA,NA,NA,NA,NA,341.049,NA,NA,NA,NA,NA,NA,NA,NA,NA,NA,NA,NA,NA,190.729,88.899,NA,142.238,108.295,NA,NA,NA,NA,NA,NA,NA,NA,299.111,359.647,356.404,375.8,NA,NA,NA,NA,NA,NA,NA,NA,NA,NA,NA,NA,NA,NA,NA,NA,NA,NA,NA,NA,NA,NA,NA,NA,NA,NA,NA,NA,NA,NA,NA,NA,NA,NA,NA,NA,NA,NA,NA,NA,NA,NA,NA,NA,NA,NA,NA,NA,NA,NA,NA,NA,NA,NA,NA,NA,NA,NA,NA,NA,NA,NA,NA,NA,NA,NA,NA,NA,NA,NA,NA,NA,NA,NA,NA,NA,NA,NA,NA,NA,NA,NA,NA,NA,NA,NA,NA,NA,NA,NA,NA,NA,NA,NA,NA,NA,NA,NA,NA,NA,NA,NA,NA,NA,NA,NA,NA,NA,NA,NA,NA,NA,NA,NA,NA,NA,NA,NA,NA,NA,NA,NA,NA,NA,NA,NA,NA,NA,NA,NA,NA,NA,NA,NA,NA,NA,NA,NA,NA,NA,193.15,NA,NA,NA,NA,NA,NA,NA,NA,NA,NA,NA,NA,NA,NA,NA,NA,NA,NA,NA,NA,NA,NA,NA,NA,NA,NA,NA,NA,NA,NA,NA,NA,NA,NA,NA,NA,NA,NA,NA,NA,NA,NA,NA,NA,NA,NA,NA,NA,NA,NA,NA,NA,NA,NA,NA,NA,NA,NA,NA,NA,NA,NA,NA,NA,NA,NA,NA,NA,NA,NA,385.261,NA,NA,NA,NA,NA,NA,NA,NA,NA,NA
2001,NA,NA,NA,NA,NA,NA,NA,NA,NA,NA,NA,NA,NA,NA,NA,NA,NA,NA,NA,NA,NA,NA,NA,NA,NA,NA,NA,NA,NA,NA,NA,NA,NA,NA,NA,NA,NA,NA,NA,NA,NA,NA,NA,NA,NA,NA,NA,NA,NA,NA,NA,NA,NA,NA,NA,NA,NA,NA,NA,NA,NA,NA,NA,NA,NA,NA,NA,NA,NA,NA,NA,NA,NA,NA,NA,NA,NA,NA,NA,NA,NA,NA,NA,475.576,447.507,NA,NA,NA,NA,NA,NA,NA,NA,NA,NA,NA,NA,NA,NA,NA,NA,NA,NA,NA,NA,NA,NA,NA,NA,NA,NA,NA,NA,NA,NA,NA,NA,NA,NA,NA,NA,NA,NA,NA,NA,NA,NA,NA,NA,NA,NA,NA,NA,389.07,NA,NA,NA,NA,NA,NA,NA,NA,146.407,NA,NA,NA,NA,NA,389.879,NA,NA,243.472,105.963,NA,NA,NA,NA,376.128,208.69,NA,NA,NA,NA,NA,NA,NA,NA,NA,NA,NA,NA,NA,NA,NA,NA,NA,NA,NA,NA,NA,NA,NA,NA,NA,NA,NA,NA,NA,NA,182.806,105.154,435.985,NA,NA,NA,NA,NA,NA,431.94,NA,194.13,NA,NA,NA,NA,NA,NA,429.514,NA,NA,367.23,NA,NA,NA,NA,NA,NA,NA,NA,NA,NA,NA,NA,NA,NA,NA,400.394,NA,NA,NA,NA,NA,NA,NA,NA,NA,NA,NA,NA,NA,NA,NA,NA,NA,NA,NA,NA,NA,NA,NA,NA,NA,NA,NA,NA,NA,NA,NA,NA,NA,NA,NA,NA,NA,NA,NA,NA,NA,NA,NA,NA,NA,NA,NA,NA,NA,NA,NA,NA,NA,NA,NA,NA,NA,NA,NA,NA,NA,NA,NA,NA,NA,NA,NA,NA,NA,NA,NA,NA,NA,NA,NA,NA,NA,NA,NA,186.606,NA,224.056,177.95,NA,NA,NA,NA,NA,NA,NA,401.167,214.333,191.686,NA,NA,NA,NA,NA,NA,NA,NA,143.967,NA,NA,NA,NA,NA,NA,186.834,329.992,NA,NA,NA,NA,185.926,NA,388.829,418.738,NA,190.777,194.01,NA,131.765,160.058,172.992,168.142,NA,NA,NA,NA,NA,NA,NA,NA,NA,NA,NA,NA,NA,NA,373.817,NA,NA,NA,NA,NA,NA,NA,NA,NA,NA,NA,NA,NA,NA,NA,NA,NA,NA,NA,NA,NA,NA,NA,NA,NA,NA,NA,164.726,427.965,135.657,NA,NA,NA,NA,NA,NA,NA,NA,NA,NA,NA,NA,NA,NA,NA,NA,NA,NA,NA,NA,NA,NA,NA,NA,NA,NA,NA,185.88,NA,336.2,NA,NA,NA,NA,NA,NA,NA,NA,NA,NA,476.515,148.704,73.544,NA,95.364,122.034,NA,NA,NA,NA,NA,NA,NA,386.465,170.546,261.893,185.88,203.66,NA,NA,NA,NA,NA,NA,NA,NA,NA,NA,NA,NA,NA,NA,NA,NA,NA,NA,NA,NA,NA,NA,NA,NA,NA,NA,NA,NA,NA,NA,NA,NA,NA,NA,NA,NA,NA,NA,NA,NA,NA,NA,NA,NA,NA,NA,NA,NA,NA,NA,NA,NA,NA,NA,NA,NA,NA,NA,NA,NA,NA,NA,NA,NA,NA,NA,NA,NA,NA,NA,NA,NA,NA,NA,NA,NA,NA,NA,NA,NA,NA,NA,NA,NA,NA,NA,NA,NA,NA,NA,NA,NA,NA,NA,NA,NA,NA,NA,NA,NA,NA,NA,NA,NA,NA,NA,NA,NA,NA,NA,NA,NA,NA,NA,NA,NA,NA,NA,NA,NA,NA,NA,NA,NA,NA,NA,NA,NA,NA,NA,NA,NA,NA,NA,NA,NA,NA,NA,NA,NA,183.452,NA,NA,NA,408.929,NA,416.022,NA,NA,NA,NA,NA,NA,NA,NA,NA,NA,NA,NA,NA,NA,NA,NA,NA,NA,NA,NA,NA,NA,NA,NA,NA,NA,NA,NA,NA,NA,NA,NA,NA,365.294,NA,NA,NA,NA,NA,NA,NA,NA,NA,NA,NA,NA,NA,NA,NA,NA,NA,NA,412.538,NA,NA,NA,NA,NA,NA,426.446,NA,NA,NA,NA,215.033,NA,NA,NA,NA,NA,NA,NA,NA,NA,NA
2002,NA,NA,NA,NA,NA,NA,NA,NA,NA,NA,NA,NA,NA,NA,NA,NA,NA,NA,NA,NA,NA,NA,NA,NA,NA,NA,NA,NA,NA,NA,NA,NA,NA,NA,NA,NA,NA,NA,NA,NA,NA,NA,NA,NA,NA,NA,NA,NA,NA,NA,NA,NA,NA,NA,NA,NA,NA,NA,NA,NA,NA,NA,NA,NA,NA,NA,NA,NA,NA,NA,NA,NA,NA,NA,NA,NA,NA,NA,NA,NA,NA,NA,NA,181.448,198.028,NA,NA,NA,NA,NA,NA,NA,NA,NA,NA,NA,NA,NA,NA,NA,NA,NA,355.906,NA,NA,NA,NA,NA,NA,NA,NA,NA,NA,NA,NA,NA,NA,NA,NA,NA,NA,NA,NA,NA,NA,NA,NA,NA,507.975,NA,NA,NA,NA,173.909,NA,NA,NA,442.456,NA,NA,NA,NA,119.714,NA,NA,NA,NA,NA,223.25,NA,491.797,141.553,101.11,393.114,NA,NA,NA,177.953,151.26,NA,NA,NA,NA,NA,NA,482.9,NA,421.425,NA,NA,NA,NA,NA,NA,NA,NA,NA,NA,NA,NA,NA,NA,NA,NA,NA,NA,NA,NA,NA,172.291,99.492,186.851,NA,NA,NA,NA,NA,NA,203.837,NA,143.98,NA,NA,NA,NA,NA,420.616,220.015,NA,NA,186.851,NA,364.804,NA,NA,NA,NA,360.295,NA,NA,NA,NA,NA,NA,435.985,403.63,163.393,NA,385.025,NA,NA,NA,NA,NA,NA,NA,NA,NA,NA,NA,NA,NA,NA,NA,NA,NA,NA,NA,NA,NA,NA,NA,NA,NA,NA,NA,NA,NA,NA,NA,NA,NA,NA,NA,NA,NA,NA,NA,NA,NA,NA,NA,NA,NA,NA,NA,NA,NA,NA,NA,NA,NA,NA,NA,NA,NA,NA,NA,335.458,NA,NA,NA,NA,NA,NA,NA,NA,NA,NA,NA,NA,NA,NA,NA,NA,NA,154.785,NA,174.715,140.743,NA,NA,NA,NA,NA,NA,NA,219.186,231.318,160.143,NA,364.77,NA,NA,NA,NA,NA,NA,170.658,NA,NA,NA,NA,NA,NA,175.51,186.834,NA,NA,373.469,NA,145.508,384.787,214.22,206.944,NA,182.693,190.777,387.212,94.58,132.574,160.867,148.741,NA,NA,NA,NA,NA,NA,NA,NA,NA,NA,359.284,NA,NA,466.666,213.148,NA,NA,NA,NA,NA,397.231,NA,NA,NA,NA,NA,NA,NA,NA,NA,343.987,NA,NA,NA,NA,NA,NA,NA,NA,NA,NA,NA,146.961,177.646,127.582,NA,310.072,NA,NA,NA,NA,NA,NA,NA,NA,NA,NA,NA,NA,NA,NA,NA,NA,NA,NA,NA,NA,NA,NA,NA,403.278,NA,183.455,NA,189.921,295.791,NA,NA,358.829,359.637,NA,NA,NA,NA,355.669,195.23,126.075,54.956,438.03,93.748,116.377,NA,NA,NA,NA,NA,NA,NA,215.332,137.151,213.413,168.1,165.675,NA,NA,NA,NA,NA,NA,NA,NA,NA,400.361,NA,NA,329.734,NA,NA,NA,NA,NA,NA,NA,NA,418.705,NA,NA,NA,NA,NA,NA,NA,NA,NA,NA,NA,NA,NA,NA,NA,NA,NA,NA,NA,NA,NA,NA,NA,NA,NA,NA,NA,NA,NA,NA,NA,NA,NA,NA,NA,NA,NA,NA,NA,NA,NA,NA,NA,NA,NA,NA,NA,NA,NA,NA,NA,NA,NA,NA,NA,NA,NA,NA,NA,NA,NA,NA,NA,NA,NA,NA,NA,NA,NA,355.59,NA,NA,NA,NA,NA,NA,NA,NA,NA,NA,NA,NA,NA,NA,NA,NA,NA,NA,NA,NA,NA,NA,NA,NA,NA,NA,NA,NA,NA,512.373,NA,NA,NA,NA,NA,NA,NA,NA,NA,NA,NA,NA,NA,NA,NA,NA,NA,NA,171.33,NA,NA,NA,217.395,NA,189.358,NA,487.614,NA,406.979,485.649,NA,NA,NA,NA,NA,NA,NA,NA,NA,NA,NA,NA,NA,NA,NA,NA,NA,NA,NA,NA,NA,NA,NA,NA,NA,NA,NA,NA,172.239,NA,NA,NA,NA,NA,NA,NA,NA,NA,NA,455.47,NA,NA,NA,NA,NA,NA,NA,234.077,NA,NA,NA,NA,NA,NA,227.347,NA,NA,NA,NA,171.38,NA,355.767,NA,NA,NA,NA,NA,NA,NA,417.583
2003,NA,NA,NA,NA,NA,NA,NA,NA,NA,NA,NA,NA,NA,NA,NA,NA,NA,NA,NA,NA,NA,NA,NA,NA,NA,NA,NA,NA,NA,NA,NA,NA,NA,NA,NA,NA,NA,NA,NA,NA,NA,NA,NA,NA,NA,NA,NA,NA,532.702,NA,NA,NA,NA,NA,NA,NA,NA,NA,NA,NA,NA,NA,NA,NA,NA,NA,NA,NA,NA,NA,NA,NA,NA,NA,NA,NA,NA,NA,NA,NA,NA,NA,NA,126.558,162.936,NA,370.466,NA,376.128,NA,NA,NA,NA,NA,NA,NA,NA,NA,NA,NA,NA,NA,172.291,NA,NA,NA,NA,NA,NA,NA,NA,NA,NA,NA,NA,NA,NA,NA,NA,NA,NA,NA,NA,NA,467.035,388.261,NA,NA,225.677,NA,430.323,399.585,361.568,142.362,NA,462.678,NA,215.97,NA,NA,NA,NA,123.758,NA,NA,483.708,NA,NA,165.011,NA,194.939,131.847,103.536,198.984,495.842,NA,369.657,121.332,126.185,NA,398.776,415.763,476.429,NA,410.91,224.868,514.446,209.499,NA,NA,NA,484.385,NA,NA,NA,468.66,NA,NA,NA,406.118,399.585,368.039,NA,NA,NA,402.148,NA,NA,NA,148.833,102.727,141.553,466.722,NA,438.411,NA,466.317,NA,167.438,427.896,122.14,457.824,NA,NA,NA,NA,200.602,126.185,NA,NA,156.113,355.906,218.397,NA,NA,NA,397.523,267.7,391.057,414.833,384.558,512.611,458.909,459.275,170.673,206.264,126.185,415.763,181.997,374.51,404.439,358.333,413.336,492.606,368.848,437.602,NA,NA,NA,NA,NA,NA,NA,NA,347.085,NA,NA,NA,NA,NA,NA,NA,NA,NA,NA,NA,NA,NA,NA,NA,NA,NA,NA,NA,NA,NA,NA,NA,387.09,NA,NA,NA,NA,NA,NA,NA,NA,NA,NA,NA,NA,NA,NA,NA,NA,NA,354.804,NA,125.993,NA,NA,386.61,NA,NA,NA,NA,NA,NA,NA,355.343,NA,NA,NA,NA,NA,NA,152.389,NA,198.981,145.596,NA,NA,398.74,NA,NA,NA,NA,145.585,186.834,152.864,NA,182.79,441.607,NA,405.211,NA,NA,343.742,131.835,310.581,392.27,NA,NA,453.739,NA,160.143,134.261,401.975,372.05,209.369,429.247,132.574,212.603,184.31,202.902,NA,116.406,106.706,204.519,74.371,116.406,130.957,146.316,404.188,NA,459.901,NA,NA,NA,400.321,NA,NA,NA,199.423,NA,360.092,279.354,222.03,NA,NA,NA,NA,NA,232.526,NA,354.44,NA,NA,NA,NA,NA,NA,NA,213.175,NA,367.404,NA,NA,NA,NA,NA,NA,NA,NA,397.28,114.662,129.197,138.887,NA,190.565,NA,NA,NA,NA,NA,NA,NA,NA,NA,NA,NA,NA,NA,NA,NA,NA,NA,NA,NA,NA,NA,NA,NA,183.455,NA,164.059,310.338,130.924,203.66,NA,NA,203.66,222.248,400.854,351.555,NA,NA,205.098,149.379,114.761,71.927,189.112,113.144,111.528,344.828,325.789,375.667,NA,NA,NA,NA,150.398,180.46,131.014,104.254,143.855,412.966,NA,NA,NA,NA,NA,NA,NA,396.377,177.835,NA,355.669,223.108,NA,NA,NA,NA,NA,NA,349.164,NA,209.913,NA,NA,NA,NA,NA,NA,NA,NA,NA,NA,NA,NA,NA,NA,NA,NA,NA,NA,NA,NA,NA,NA,NA,NA,NA,NA,NA,NA,NA,NA,NA,NA,NA,NA,NA,NA,NA,NA,NA,NA,NA,NA,NA,NA,NA,381.451,NA,NA,NA,NA,NA,NA,NA,NA,NA,NA,NA,NA,NA,NA,NA,NA,NA,NA,NA,358.823,NA,NA,NA,214.162,NA,383.068,412.589,NA,NA,NA,NA,NA,NA,NA,NA,NA,NA,NA,393.991,NA,NA,NA,NA,NA,NA,NA,NA,NA,NA,NA,NA,NA,NA,210.122,NA,NA,NA,NA,NA,NA,NA,NA,NA,NA,NA,NA,NA,NA,NA,NA,NA,NA,168.097,399.231,NA,360.914,178.603,NA,153.584,NA,252.436,NA,233.847,244.337,486.198,NA,NA,NA,NA,404.132,NA,NA,NA,NA,NA,384.195,NA,NA,NA,NA,NA,NA,NA,377.157,NA,NA,NA,NA,NA,417.132,NA,NA,161.889,NA,NA,NA,NA,NA,NA,439.969,NA,NA,NA,208.791,NA,NA,NA,NA,NA,NA,NA,165.553,NA,NA,NA,NA,NA,NA,150.977,NA,NA,NA,NA,138.235,NA,214.225,NA,NA,NA,NA,NA,NA,NA,223.17
2004,NA,NA,NA,NA,NA,NA,NA,NA,NA,NA,NA,NA,NA,NA,NA,NA,NA,NA,NA,NA,NA,NA,NA,NA,NA,NA,NA,NA,NA,447.059,NA,NA,NA,NA,NA,NA,NA,NA,NA,NA,NA,NA,NA,NA,NA,361.873,NA,410.93,210.949,459.887,NA,NA,NA,NA,NA,NA,NA,NA,NA,430.036,NA,NA,NA,NA,NA,NA,NA,NA,NA,NA,NA,NA,NA,NA,NA,NA,NA,NA,NA,NA,NA,NA,NA,106.968,136.851,393.114,176.335,395.541,150.451,NA,407.674,444.882,NA,NA,449.736,NA,NA,NA,NA,NA,NA,NA,169.055,392.305,NA,416.979,431.1,NA,397.915,NA,NA,NA,NA,NA,NA,NA,NA,NA,NA,NA,NA,NA,NA,NA,226.486,154.496,491.797,NA,151.26,401.203,173.1,217.588,156.113,119.714,NA,194.939,483.708,175.526,NA,NA,NA,NA,155.304,NA,NA,202.219,352.67,437.602,184.424,NA,117.287,165.011,114.052,162.584,211.117,394.732,164.202,110.007,108.39,402.012,173.1,224.059,148.833,NA,160.967,168.246,206.264,155.304,NA,NA,NA,206.321,NA,NA,NA,228.426,NA,NA,NA,182.579,187.659,226.486,443.265,441.647,394.732,165.296,401.393,NA,NA,131.038,103.536,133.465,237.81,380.172,264.503,NA,180.372,435.693,126.185,213.544,117.287,198.984,457.824,NA,NA,NA,140.745,111.625,430.323,NA,115.669,226.486,160.158,418.998,NA,NA,182.321,181.884,206.962,191.704,203.851,192.623,230.274,164.045,157.731,122.14,117.287,198.984,168.246,216.779,169.055,186.851,164.202,184.424,225.677,150.451,NA,NA,NA,NA,NA,NA,NA,NA,217.329,NA,NA,NA,NA,439.301,NA,NA,358.288,NA,NA,NA,NA,NA,NA,NA,NA,NA,NA,NA,NA,NA,NA,NA,197.966,NA,NA,394.323,NA,NA,NA,NA,NA,NA,379.811,412.966,321.366,NA,NA,NA,NA,361.772,199.212,NA,127.428,NA,NA,181.341,NA,NA,NA,NA,339.193,356.435,307.432,203.857,NA,NA,NA,NA,NA,367.376,134.535,397.425,160.155,140.743,334.036,453.739,186.834,350.212,346.168,NA,438.372,123.747,148.82,152.864,NA,147.202,179.554,461.018,217.568,391.461,372.858,148.011,109.997,177.937,188.451,398.74,393.887,232.935,NA,110.806,148.82,156.908,165.805,135.807,210.178,103.472,124.49,141.466,139.041,511.702,113.981,113.173,178.651,84.879,95.388,158.442,118.023,190.777,443.798,176.335,413.811,392.656,NA,202.303,329.981,NA,393.194,140.484,388.35,205.882,216.378,182.468,342.329,322.952,395.616,NA,368.973,180.853,NA,213.148,400.224,343.167,NA,NA,NA,NA,NA,145.346,NA,176.838,NA,316.405,NA,NA,NA,385.8,366.326,NA,203.485,121.122,149.384,135.657,373.807,184.106,NA,NA,340.47,332.61,NA,NA,NA,NA,NA,NA,NA,NA,NA,369.705,360.431,NA,NA,421.866,347.037,NA,NA,409.162,NA,142.238,NA,96.981,199.619,120.418,155.169,NA,NA,145.471,157.594,186.688,243.26,351.279,NA,160.678,140.622,96.981,82.434,128.499,143.047,93.748,213.578,174.633,178.824,NA,NA,NA,NA,141.372,157.052,141.372,117.185,122.842,240.015,423.313,NA,NA,462.289,NA,NA,NA,247.253,139.952,335.461,255.116,141.372,371.703,311.699,NA,325.211,332.044,380.394,164.939,369.705,140.956,378.753,NA,NA,NA,NA,NA,NA,NA,NA,NA,NA,NA,NA,NA,NA,NA,NA,NA,NA,NA,NA,NA,NA,NA,NA,NA,NA,NA,NA,NA,NA,NA,NA,NA,443.275,NA,NA,NA,NA,NA,NA,NA,NA,NA,NA,206.081,361.247,NA,422.667,NA,NA,NA,445.735,355.59,NA,NA,404.08,NA,NA,NA,NA,NA,NA,466.358,401.655,184.26,410.545,NA,NA,185.069,NA,214.162,189.172,NA,509.141,392.975,NA,NA,NA,NA,NA,NA,NA,NA,221.624,NA,NA,NA,NA,NA,NA,NA,NA,NA,NA,NA,NA,NA,NA,176.987,NA,NA,NA,NA,NA,NA,NA,NA,NA,NA,NA,NA,NA,NA,525.659,NA,NA,NA,109.91,237.599,NA,237.648,149.51,535.168,145.469,NA,185.278,NA,149.577,195.675,224.546,NA,NA,NA,507.37,210.742,NA,NA,NA,NA,NA,186.066,NA,NA,NA,NA,NA,NA,NA,176.236,NA,NA,NA,NA,NA,219.127,477.435,NA,169.832,NA,NA,NA,NA,NA,NA,264.69,NA,NA,NA,165.553,NA,NA,NA,NA,NA,NA,NA,111.124,NA,NA,NA,NA,NA,NA,132.734,NA,NA,NA,NA,113.175,NA,151.17,NA,NA,NA,NA,NA,NA,NA,209.466
2005,NA,NA,455.422,NA,NA,NA,NA,NA,NA,NA,NA,NA,NA,NA,NA,NA,NA,NA,NA,NA,412.938,NA,NA,NA,NA,NA,NA,NA,NA,198.81,NA,NA,NA,NA,NA,NA,NA,NA,NA,NA,NA,NA,425.01,535.864,NA,234.901,497.534,219.353,181.018,237.775,NA,NA,NA,NA,NA,NA,NA,NA,NA,238.393,NA,NA,NA,NA,NA,NA,NA,NA,NA,NA,NA,NA,NA,NA,NA,NA,NA,NA,NA,NA,NA,NA,459.134,110.435,104.342,223.25,181.997,215.97,173.1,465.104,194.939,228.103,489.371,449.736,156.922,431.94,NA,NA,400.537,NA,NA,NA,132.656,229.721,464.295,194.669,207.174,404.451,158.672,463.582,NA,420.579,NA,NA,NA,NA,NA,NA,NA,NA,NA,NA,NA,NA,148.974,139.127,250.752,443.56,124.567,215.161,156.922,156.113,139.127,135.082,439.22,151.26,173.909,135.891,342.964,NA,427.149,NA,131.847,433.558,449.736,122.14,156.922,192.513,165.011,451.64,131.038,135.082,88.976,126.185,172.291,216.779,152.069,101.919,122.949,214.352,143.171,163.393,135.891,420.616,125.376,121.332,150.451,173.1,415.763,NA,461.73,143.356,463.512,NA,NA,182.256,434.55,NA,NA,119.004,151.26,170.673,175.526,206.264,191.704,143.171,175.541,442.027,478.046,97.874,104.345,118.905,160.967,194.13,186.851,NA,150,180.845,104.345,156.113,121.332,146.407,220.015,452.162,NA,NA,145.598,142.362,177.953,NA,116.478,181.188,131.847,194.939,385.834,NA,122.202,139.695,170.487,140.766,131.061,172.7,146.886,134.257,160.967,112.434,122.14,143.171,105.154,133.465,130.229,109.198,122.949,105.963,140.745,118.905,337.302,410.101,385.025,424.66,372.083,NA,390.989,405.313,188.123,394.378,489.729,NA,NA,171.949,432.526,418.395,151.154,368.824,NA,NA,NA,NA,NA,NA,371.409,402.189,373.716,397.98,400.693,372.011,405.571,NA,142.071,362.682,414.815,161.323,315.598,368.481,356.922,NA,NA,NA,150.523,212.262,191.496,432.875,332.885,403.971,362.65,169.926,175.315,373.212,100.765,376.8,359.027,137.629,NA,325.408,358.642,324.339,135.647,190.695,184.671,158.914,340.838,NA,NA,NA,430.324,169.179,119.517,185.197,135.889,121.33,191.686,181.981,146.393,177.128,164.187,355.065,187.642,131.026,122.129,118.894,382.564,144.776,135.07,181.981,217.568,192.495,188.451,117.277,119.703,124.556,166.614,180.363,159.334,199.774,NA,93.012,139.114,139.114,181.172,127.723,177.843,135.807,90.538,159.25,122.873,225.537,109.939,119.64,139.849,104.28,108.322,126.915,91.346,121.256,242.513,137.017,185.1,201.49,462.952,152.036,179.827,416.721,185.697,118.685,228.489,140.484,165.513,180.046,258.362,192.964,247.058,NA,198.616,182.468,NA,184.083,252.353,191.97,317.441,435.096,NA,NA,368.339,140.502,NA,156.651,NA,174.483,383.328,384.245,365.973,198.876,212.513,NA,222.057,111.432,148.576,130.812,207.948,138.887,368.335,366.8,238.393,220.138,NA,NA,NA,NA,NA,NA,NA,NA,NA,173.077,237.652,387.195,398.684,179.48,169.786,374.351,388.165,174.565,NA,133.349,NA,115.569,159.21,103.446,135.773,341.049,NA,160.018,163.251,151.936,176.182,252.895,NA,106.789,88.487,75.16,81.625,107.487,109.911,80.009,165.508,169.786,111.949,NA,NA,334.9,341.091,126.911,131.73,127.558,104.254,116.377,167.204,238.393,437.651,418.621,247.348,363.71,378.505,386.1,129.388,133.15,194.022,204.581,145.552,248.06,223.056,390.942,165.863,212.086,201.687,140.706,204.639,174.633,213.192,NA,NA,NA,NA,NA,NA,NA,NA,NA,NA,NA,NA,NA,NA,NA,NA,NA,NA,NA,NA,NA,NA,NA,NA,NA,NA,NA,NA,NA,NA,NA,NA,406.417,234.561,NA,NA,408.379,NA,392.885,434.79,NA,NA,419.204,324.916,199.615,234.366,404.888,202.04,414.586,NA,NA,189.358,245.681,NA,373.37,211.738,NA,NA,NA,510.708,NA,NA,194.019,175.371,165.673,195.575,438.023,448.529,147.893,480.047,179.411,122.094,460.651,237.599,216.037,367.563,NA,NA,426.736,NA,NA,NA,NA,136.548,378.498,NA,387.917,417.819,NA,326.496,NA,NA,NA,NA,NA,NA,NA,NA,144.661,525.304,NA,NA,NA,NA,NA,NA,NA,NA,481.663,NA,NA,NA,NA,237.797,NA,319.223,NA,107.485,201.232,NA,185.849,123.648,251.773,145.792,NA,155.301,NA,139.041,148.842,204.066,NA,NA,NA,248.934,144.025,NA,NA,NA,NA,NA,133.52,402.226,NA,NA,417.71,NA,NA,NA,146.755,453.055,NA,NA,NA,NA,179.726,232.109,443.298,121.356,NA,NA,NA,NA,NA,423.512,215.391,NA,NA,NA,145.511,455.857,414.756,NA,NA,447.734,387.085,426.088,104.28,NA,NA,NA,NA,NA,NA,106.904,NA,NA,454.177,NA,113.984,NA,160.871,NA,369.425,NA,NA,NA,374.453,NA,160.722
2006,431.564,400.046,185.281,410.224,410.138,NA,NA,NA,NA,NA,NA,NA,NA,359.353,410.453,NA,NA,504.603,NA,408.357,209.015,360.006,NA,397.177,408.99,NA,NA,NA,NA,175.17,366.511,407.088,485.993,374.916,NA,NA,NA,NA,NA,NA,NA,472.775,187.921,198.851,457.443,247.775,237.203,166.662,162.013,158.517,366.071,373.395,NA,NA,NA,NA,NA,NA,NA,145.794,399.747,NA,NA,463.142,NA,NA,NA,NA,NA,NA,NA,NA,455.603,NA,NA,NA,NA,NA,NA,NA,NA,NA,218.726,146.494,116.605,167.438,180.38,175.526,133.465,215.161,165.82,120.523,240.236,199.793,103.536,201.41,389.07,423.765,197.366,445.103,NA,NA,136.7,156.113,208.69,147.881,113.289,222.381,139.277,179.009,432.071,249.323,444.691,370.745,NA,383.718,NA,NA,NA,NA,NA,NA,NA,NA,110.055,129.42,155.304,223.625,126.185,176.335,160.158,122.14,108.39,102.727,219.206,129.42,109.198,99.492,194.13,428.587,172.564,430,122.949,183.615,156.922,118.905,131.038,133.465,123.758,233.386,129.42,109.198,96.256,101.919,114.861,146.407,123.758,100.301,109.198,145.598,111.625,160.158,126.994,207.073,117.287,131.038,155.304,154.496,211.926,454.791,175.155,121.429,230.734,506.649,480.626,143.356,215.41,486.181,447.791,109.225,128.611,128.611,156.113,121.332,150.451,109.225,131.397,202.591,233.07,99.492,68.755,119.714,121.332,149.642,155.304,493.52,129.433,147.726,109.198,124.567,106.772,162.584,148.833,219.206,447.824,439.649,126.185,114.861,129.42,489.838,108.39,131.847,114.052,122.14,192.513,397.768,121.429,118.185,131.397,114.052,125.272,122.779,143.91,131.24,114.052,114.052,84.932,133.465,106.772,118.905,124.567,99.492,103.536,85.741,117.287,94.639,157.731,183.615,172.291,217.588,215.97,378.554,240.543,183.046,134.257,248.277,184.998,391.298,397.442,138.041,199.353,157.806,102.178,173.669,419.723,433.716,446.665,434.53,470.372,460.733,174.777,197.072,184.671,174.777,193.21,211.428,177.12,463.511,136.663,172.335,181.195,121.714,218.441,161.323,163.714,386.42,450.916,375.226,131.122,157.182,123.729,209.526,165.645,189.828,175.315,137.265,150.523,191.496,118.08,182.748,196.923,136.663,399.044,198.353,192.935,197.505,112.566,144.23,150.757,148.989,204.75,378.328,377.432,364.052,204.347,134.863,111.647,149.994,97.064,126.183,135.879,128.6,116.468,138.305,154.481,236.171,156.908,109.188,89.777,84.924,209.48,124.556,119.703,135.879,161.761,162.57,151.246,109.188,115.659,118.894,110.806,146.393,150.437,145.585,349.403,76.028,121.321,119.703,124.556,134.19,181.076,109.939,90.538,130.148,108.322,182.693,114.789,84.071,149.549,84.879,126.915,109.939,75.179,137.424,180.268,162.482,193.832,190.843,232.576,171.818,155.32,237.567,132.41,148.558,150.173,138.062,146.136,121.107,150.173,165.513,180.046,388.35,167.935,146.136,381.084,164.706,193.795,172.044,257.919,214.054,427.477,400.018,222.917,130.812,368.784,122.737,382.776,164.797,211.628,237.844,179.849,159.955,162.863,434.232,196.218,111.432,114.662,109.01,174.894,155.036,250.325,189.361,184.327,214.731,326.186,363.678,383.105,367.12,434.253,330.945,400.361,NA,354.013,161.845,166.64,247.111,216.041,116.377,140.706,210.529,240.015,136.119,365.258,99.405,359.549,122.842,155.169,122.034,116.377,210.125,NA,150.32,113.952,124.459,113.144,155.245,384.575,92.641,78.188,77.585,81.625,115.569,85.666,88.091,149.379,155.472,155.245,340.539,377.167,208.509,213.027,131.014,141.372,116.78,110.72,98.597,189.361,184.327,240.015,232.046,184.518,259.231,248.487,247.728,105.905,137.151,185.281,140.706,116.478,169.993,160.018,249.619,131.908,191.337,157.873,145.471,111.633,101.83,165.863,NA,NA,NA,NA,NA,NA,NA,NA,NA,NA,NA,NA,NA,NA,NA,NA,NA,NA,NA,NA,NA,NA,NA,NA,NA,NA,NA,NA,NA,NA,NA,NA,277.07,123.625,393.035,NA,206.009,534.926,190.657,228.709,372.562,470.349,184.643,169.783,140.62,183.452,181.028,197.999,286.897,NA,NA,155.847,153.55,398.423,223.052,173.754,310.333,463.577,455.828,238.044,376.599,501.791,145.792,179.411,145.469,171.33,195.575,203.656,93.747,193.958,213.354,126.166,311.141,198.807,169.99,188.611,371.096,NA,223.052,NA,NA,NA,448.129,131.728,232.8,441.282,198.807,223.052,436.406,220.628,NA,483.56,NA,NA,NA,370.137,499.443,450.431,138.195,213.354,392.766,NA,NA,NA,NA,NA,NA,NA,197.191,NA,NA,NA,NA,198.807,460.651,206.081,397.319,94.555,151.934,NA,150.552,122.84,208.731,149.263,368.577,104.249,398.087,139.003,142.236,152.483,372.133,320.993,396.246,155.301,140.833,NA,NA,NA,NA,384.562,143.152,183.351,412.12,NA,203.654,NA,NA,371.694,165.148,218.255,NA,360.529,NA,445.865,131.05,139.99,234.629,140.995,432.363,432.363,419.942,457.171,451.319,151.608,155.212,NA,NA,NA,130.96,240.081,224.431,415.266,407.691,209.921,203.073,250.581,104.28,397.405,NA,426.943,NA,NA,456.038,126.275,401.879,NA,223.801,NA,105.091,398.203,128.535,NA,194.075,NA,NA,NA,237.717,NA,146.799
2007,171.333,188.304,140.956,238.541,210.529,394.325,412.197,414.217,421.308,NA,NA,NA,NA,194.929,157.873,450.83,NA,249.337,NA,203.717,145.794,205.727,418.958,195.471,202.56,441.369,415.605,NA,NA,155.169,190.537,159.945,267.049,194.748,NA,NA,NA,NA,NA,NA,NA,210.183,133.454,182.047,206.393,197.953,189.092,157.926,177.371,115.446,235.154,245.019,367.298,NA,NA,NA,NA,NA,NA,131.73,218.539,385.762,NA,206.393,413.894,413.361,379.372,NA,NA,NA,NA,NA,185.099,395.906,397.895,369.004,NA,NA,NA,NA,NA,NA,169.764,117.195,103.751,155.304,134.274,126.185,145.598,136.7,114.861,113.243,148.024,138.318,116.478,125.376,198.984,199.056,165.296,178.687,443.595,501.66,122.949,142.362,134.274,99.252,100.301,166.558,119.889,126.185,204.478,158.573,207.073,210.532,489.942,211.994,436.71,425.38,441.134,486.672,455.943,448.897,415.168,453.26,123.629,148.833,110.816,136.506,115.669,140.745,122.949,122.14,101.11,93.021,170.673,124.567,101.11,84.932,143.171,213.833,143.5,171.125,109.198,136.7,119.714,NA,NA,NA,NA,NA,NA,NA,NA,NA,NA,NA,NA,NA,NA,NA,NA,NA,NA,NA,NA,NA,NA,NA,NA,NA,NA,NA,NA,NA,NA,NA,NA,NA,NA,NA,NA,NA,NA,NA,NA,NA,NA,NA,NA,NA,NA,NA,NA,NA,NA,NA,NA,NA,NA,NA,NA,NA,NA,NA,NA,NA,NA,NA,NA,NA,NA,NA,NA,NA,NA,NA,NA,NA,NA,NA,NA,NA,NA,NA,NA,NA,NA,NA,NA,NA,NA,NA,NA,NA,NA,NA,NA,NA,NA,NA,NA,NA,NA,NA,NA,NA,NA,NA,NA,NA,NA,NA,NA,NA,NA,NA,NA,NA,NA,NA,NA,NA,NA,NA,NA,NA,NA,NA,NA,NA,NA,NA,NA,NA,NA,NA,NA,NA,NA,NA,NA,NA,NA,NA,NA,NA,NA,NA,NA,NA,NA,NA,NA,NA,NA,NA,NA,NA,NA,NA,NA,196.683,213.534,209.877,NA,NA,NA,NA,NA,NA,NA,NA,NA,NA,NA,NA,NA,NA,NA,NA,NA,NA,NA,NA,NA,NA,NA,NA,NA,NA,NA,NA,NA,NA,NA,NA,NA,NA,NA,NA,NA,NA,NA,NA,NA,NA,NA,NA,NA,NA,NA,NA,NA,NA,NA,NA,NA,NA,NA,NA,NA,NA,NA,NA,NA,NA,127.566,135.64,185.697,147.751,185.697,223.644,134.833,134.833,NA,NA,NA,NA,NA,NA,NA,NA,NA,NA,NA,NA,NA,NA,NA,NA,NA,NA,NA,NA,NA,NA,NA,NA,NA,NA,NA,NA,NA,NA,231.183,200.928,198.87,205.098,209.353,203.89,207.321,444.13,198.81,136.55,151.022,187.364,166.64,121.323,145.552,143.6,170.339,150.398,156.377,92.132,200.283,107.487,121.226,122.034,106.679,181.839,465.508,135.773,119.61,150.32,105.871,169.993,211.253,107.119,83.002,82.434,50.915,101.022,99.405,76.776,119.959,111.949,126.447,228.523,184.518,199.047,188.303,132.353,101.945,116.377,91.324,101.83,130.564,NA,NA,NA,NA,NA,NA,NA,NA,NA,NA,NA,NA,NA,NA,NA,NA,NA,NA,NA,NA,97.464,NA,NA,NA,NA,NA,NA,NA,NA,NA,NA,NA,NA,NA,NA,NA,NA,NA,NA,NA,NA,NA,NA,NA,NA,NA,NA,NA,NA,NA,NA,NA,NA,NA,190.657,132.351,208.562,397.615,156.148,238.044,184.515,191.534,233.558,228.709,176.97,140.703,168.905,163.248,197.999,160.824,167.289,472.369,443.408,145.55,157.591,232.75,203.656,164.865,223.86,190.101,232.952,179.477,213.023,179.477,126.909,145.469,126.073,151.126,154.358,121.224,84.049,165.673,140.62,140.62,198.807,130.922,164.865,152.26,219.546,448.732,150.318,409.156,440.295,441.362,184.834,126.166,194.926,208.562,140.62,169.714,240.023,225.477,NA,213.849,408.724,452.229,NA,228.709,223.052,196.128,126.073,181.028,259.419,491.637,441.708,461.059,468.721,488.375,426.956,400.707,203.656,397.881,NA,499.654,400.002,162.639,162.44,132.538,235.012,66.269,156.783,510.708,112.471,107.485,189.668,145.181,219.914,122.371,161.761,123.222,113.327,113.142,249.102,242.34,159.582,150.413,129.669,356.485,386.635,463.182,NA,204.143,137.149,132.893,185.645,439.841,174.83,358.721,350.768,179.672,140.702,179.998,436.021,209.466,371.805,216.915,146.237,98.093,150.674,101.858,184.887,218.267,190.713,180.509,209.073,133.187,126.11,430.919,429.059,405.231,116.409,170.04,189.413,228.174,224.431,118.437,152.287,160.356,87.366,199.102,440.423,244.883,395.862,403.485,169.763,102.765,239.296,427.521,161.234,363.551,122.876,223.17,144.703,429.744,145.511,383.21,477.139,415.804,175.688,431.71,121.647
2008,139.814,147.896,106.789,182.79,163.579,209.913,227.956,216.856,211.253,419.855,452.418,401.768,461.576,136.55,122.768,193.05,470.956,166.004,429.352,189.112,150.398,200.283,231.792,148.748,152.263,208.565,253.823,433.711,398.979,155.85,158.838,119.959,190.845,144.172,423.93,397.895,451.842,392.503,361.215,417.163,392.222,189.719,149.76,140.156,148.85,152.512,163.005,153.952,152.679,152.679,191.722,172.075,227.223,412.58,379.014,361.215,367.367,393.583,408.942,141.372,156.577,192.385,396.292,154.832,182.42,235.875,224.932,421.898,441.215,NA,NA,NA,161.908,189.54,200.932,227.932,NA,420.608,NA,NA,NA,NA,NA,NA,NA,NA,NA,NA,NA,NA,NA,NA,NA,NA,NA,NA,NA,NA,NA,NA,NA,NA,NA,NA,NA,NA,NA,NA,NA,NA,NA,NA,NA,NA,NA,NA,NA,NA,NA,NA,NA,NA,NA,NA,NA,NA,NA,NA,NA,NA,NA,NA,NA,NA,NA,NA,NA,NA,NA,NA,NA,NA,NA,NA,NA,NA,NA,NA,NA,NA,NA,NA,NA,NA,NA,NA,NA,NA,NA,NA,NA,NA,NA,NA,NA,NA,NA,NA,NA,NA,NA,NA,NA,NA,NA,NA,NA,NA,NA,NA,NA,NA,NA,NA,NA,NA,NA,NA,NA,NA,NA,NA,NA,NA,NA,NA,NA,NA,NA,NA,NA,NA,NA,NA,NA,NA,NA,NA,NA,NA,NA,NA,NA,NA,NA,NA,NA,NA,NA,NA,NA,NA,NA,NA,NA,NA,NA,NA,NA,NA,NA,NA,NA,NA,NA,NA,NA,NA,NA,NA,NA,NA,NA,NA,NA,NA,NA,NA,NA,NA,NA,NA,NA,NA,NA,NA,NA,NA,NA,NA,NA,NA,NA,NA,NA,NA,NA,NA,NA,NA,NA,NA,NA,NA,NA,NA,NA,NA,NA,NA,NA,NA,NA,NA,NA,NA,NA,NA,NA,NA,NA,NA,NA,NA,NA,NA,NA,NA,NA,NA,NA,NA,NA,NA,NA,NA,NA,NA,NA,NA,NA,NA,NA,NA,NA,NA,NA,NA,NA,NA,NA,NA,NA,NA,NA,NA,NA,NA,NA,NA,NA,NA,NA,NA,NA,NA,NA,NA,NA,NA,NA,NA,NA,NA,NA,NA,NA,NA,NA,NA,NA,NA,NA,NA,NA,NA,NA,NA,NA,NA,NA,NA,NA,NA,NA,NA,NA,NA,NA,NA,NA,NA,NA,NA,NA,NA,NA,NA,NA,NA,NA,NA,NA,NA,NA,NA,NA,NA,NA,NA,NA,NA,NA,NA,NA,NA,NA,NA,NA,NA,NA,NA,NA,NA,NA,NA,NA,NA,NA,NA,NA,NA,NA,NA,NA,NA,NA,NA,NA,NA,NA,NA,NA,NA,NA,NA,NA,NA,NA,NA,NA,NA,NA,NA,NA,NA,NA,NA,NA,NA,NA,NA,NA,NA,NA,NA,NA,NA,NA,NA,NA,NA,NA,NA,NA,NA,NA,NA,NA,NA,NA,NA,NA,NA,NA,NA,NA,NA,NA,NA,NA,NA,NA,NA,NA,NA,NA,NA,NA,NA,440.69,NA,NA,NA,NA,NA,NA,NA,NA,NA,NA,NA,NA,NA,NA,NA,NA,NA,NA,NA,NA,NA,NA,NA,NA,NA,432.703,NA,NA,NA,NA,167.412,122.766,169.714,223.894,158.317,189.172,145.792,211.738,153.55,179.411,146.194,121.321,127.689,146.277,164.865,147.085,126.073,233.204,247.249,121.224,128.497,160.016,198.807,187.493,213.354,131.728,155.242,150.318,190.657,145.469,136.548,130.922,126.073,136.579,139.812,103.444,78.391,105.869,111.526,116.476,160.016,116.375,116.476,144.658,199.339,223.526,106.787,175.637,216.852,208.562,160.675,121.611,136.117,140.954,116.375,174.562,143.852,169.714,440.295,140.703,222.524,300.792,394.677,189.918,160.016,153.107,106.677,159.207,202.848,174.832,228.262,247.344,196.906,225.62,194.019,205.838,155.167,270.24,370.557,232.75,242.642,117.281,144.661,107.485,193.23,87.281,126.881,261.844,129.386,85.665,185.849,112.215,158.531,121.686,123.01,93.802,123.519,120,236.182,157.307,125.533,130.151,129.669,216.297,197.429,162.148,404.907,140.35,117.091,129.467,159.222,243.459,131.01,203.885,179.41,151.018,131.279,130.921,188.666,145.511,214.79,131.319,98.928,97.129,131.319,77.757,169.763,164.912,141.992,151.064,155.288,126.946,101.973,211.311,194.257,204.234,97.129,140.744,131.05,165.198,145.834,110.844,113.36,142.736,87.366,165.198,255.279,181.095,226.466,198.924,121.356,96.467,164.698,218.32,159.547,209.466,109.133,160.062,118.026,216.1,116.409,190.713,213.085,176.289,128.42,204.234,127.593
2009,134.965,136.581,NA,NA,NA,NA,NA,NA,NA,NA,NA,NA,NA,NA,NA,NA,NA,NA,NA,NA,NA,NA,NA,NA,NA,NA,NA,NA,NA,NA,NA,NA,NA,NA,NA,NA,NA,NA,NA,NA,NA,NA,NA,NA,NA,NA,NA,NA,NA,NA,NA,NA,NA,NA,NA,NA,NA,NA,NA,155.85,140.095,161.54,237.167,123.476,157.926,185.191,161.54,219.894,214.896,456.403,434.897,406.611,136.97,165.281,166.967,213.946,444.416,189.54,NA,NA,NA,NA,NA,NA,NA,NA,NA,NA,NA,NA,NA,NA,NA,NA,NA,NA,NA,NA,NA,NA,NA,NA,NA,NA,NA,NA,NA,NA,NA,NA,NA,NA,NA,NA,NA,NA,NA,NA,NA,NA,NA,NA,NA,NA,NA,NA,NA,NA,NA,NA,NA,NA,NA,NA,NA,NA,NA,NA,NA,NA,NA,NA,NA,NA,NA,NA,NA,NA,NA,NA,NA,NA,NA,NA,NA,NA,NA,NA,NA,NA,NA,NA,NA,NA,NA,NA,NA,NA,NA,NA,NA,NA,NA,NA,NA,NA,NA,NA,NA,NA,NA,NA,NA,NA,NA,NA,NA,NA,NA,NA,NA,NA,NA,NA,NA,NA,NA,NA,NA,NA,NA,NA,NA,NA,NA,NA,NA,NA,NA,NA,NA,NA,NA,NA,NA,NA,NA,NA,NA,NA,NA,NA,NA,NA,NA,NA,NA,NA,NA,NA,NA,NA,NA,NA,NA,NA,NA,NA,NA,NA,NA,NA,NA,NA,NA,NA,NA,NA,NA,NA,NA,NA,NA,NA,NA,NA,NA,NA,NA,NA,NA,NA,NA,NA,NA,NA,NA,NA,NA,NA,NA,NA,NA,NA,NA,NA,NA,NA,NA,NA,NA,NA,NA,NA,NA,NA,NA,NA,NA,NA,NA,NA,NA,NA,NA,NA,NA,NA,NA,NA,NA,NA,NA,NA,NA,NA,NA,NA,NA,NA,NA,NA,NA,NA,NA,NA,NA,NA,NA,NA,NA,NA,NA,NA,NA,NA,NA,NA,NA,NA,NA,NA,NA,NA,NA,NA,NA,NA,NA,NA,NA,NA,NA,NA,NA,NA,NA,NA,NA,NA,NA,NA,NA,NA,NA,NA,NA,NA,NA,NA,NA,NA,NA,NA,NA,NA,NA,NA,NA,NA,NA,NA,NA,NA,NA,NA,NA,NA,NA,NA,NA,NA,NA,NA,NA,NA,NA,NA,NA,NA,NA,NA,NA,NA,NA,NA,NA,NA,NA,NA,NA,NA,NA,NA,NA,NA,NA,NA,NA,NA,NA,NA,NA,NA,NA,NA,NA,NA,NA,NA,NA,NA,NA,NA,NA,NA,NA,NA,NA,NA,NA,NA,NA,NA,NA,NA,NA,NA,NA,NA,NA,NA,NA,NA,NA,NA,NA,NA,NA,NA,NA,NA,NA,NA,NA,NA,NA,NA,NA,NA,NA,NA,NA,NA,NA,NA,NA,NA,NA,NA,NA,NA,NA,NA,NA,NA,NA,NA,NA,400.132,211.132,442.862,NA,NA,NA,NA,NA,NA,NA,NA,NA,NA,NA,NA,404.597,400.337,NA,NA,NA,NA,NA,NA,NA,NA,NA,NA,234.481,418.811,NA,NA,NA,119.957,82.575,141.951,155.167,130.111,145.55,135.771,178.603,142.236,174.562,131.728,114.131,101.02,140.62,128.497,107.485,128.497,184.834,166.002,107.117,103.444,126.073,140.62,135.771,145.469,126.445,126.166,116.476,162.639,135.771,160.675,106.677,88.089,127.689,117.183,103.444,64.653,101.828,92.13,101.943,155.167,101.828,96.979,135.25,145.55,161.187,97.1,116.476,142.695,164.865,140.703,92.13,122.766,97.463,155.167,126.881,168.097,146.277,242.448,116.476,186.543,208.505,223.263,209.313,126.073,122.094,94.555,118.799,163.248,145.469,190.101,185.278,204.635,175.168,174.63,163.576,122.032,199.751,271.715,193.958,194.201,NA,NA,NA,NA,NA,NA,NA,NA,NA,NA,NA,NA,NA,NA,NA,NA,NA,NA,NA,NA,NA,NA,NA,NA,NA,NA,NA,NA,NA,NA,NA,NA,NA,NA,NA,NA,NA,NA,NA,NA,NA,NA,NA,NA,NA,NA,NA,NA,NA,NA,NA,NA,NA,NA,NA,NA,NA,NA,NA,NA,NA,NA,NA,NA,NA,NA,NA,NA,NA,NA,NA,NA,NA,NA,NA,NA,NA,NA,NA,NA,NA,NA,NA,NA,NA,NA
2010,NA,NA,NA,NA,NA,NA,NA,NA,NA,NA,NA,NA,NA,NA,NA,NA,NA,NA,NA,NA,NA,NA,NA,NA,NA,NA,NA,NA,NA,NA,NA,NA,NA,NA,NA,NA,NA,NA,NA,NA,NA,NA,NA,NA,NA,NA,NA,NA,NA,NA,NA,NA,NA,NA,NA,NA,NA,NA,NA,NA,NA,NA,NA,NA,NA,NA,NA,NA,NA,NA,NA,NA,NA,NA,NA,NA,227.932,136.037,441.811,410.91,456.998,408.942,NA,NA,NA,NA,NA,NA,NA,NA,NA,NA,NA,NA,NA,NA,NA,NA,NA,NA,NA,NA,NA,NA,NA,NA,NA,NA,NA,NA,NA,NA,NA,NA,NA,NA,NA,NA,NA,NA,NA,NA,NA,NA,NA,NA,NA,NA,NA,NA,NA,NA,NA,NA,NA,NA,NA,NA,NA,NA,NA,NA,NA,NA,NA,NA,NA,NA,NA,NA,NA,NA,NA,NA,NA,NA,NA,NA,NA,NA,NA,NA,NA,NA,NA,NA,NA,NA,NA,NA,NA,NA,NA,NA,NA,NA,NA,NA,NA,NA,NA,NA,NA,NA,NA,NA,NA,NA,NA,NA,NA,NA,NA,NA,NA,NA,NA,NA,NA,NA,NA,NA,NA,NA,NA,NA,NA,NA,NA,NA,NA,NA,NA,NA,NA,NA,NA,NA,NA,NA,NA,NA,NA,NA,NA,NA,NA,NA,NA,NA,NA,NA,NA,NA,NA,NA,NA,NA,NA,NA,NA,NA,NA,NA,NA,NA,NA,NA,NA,NA,NA,NA,NA,NA,NA,NA,NA,NA,NA,NA,NA,NA,NA,NA,NA,NA,NA,NA,NA,NA,NA,NA,NA,NA,NA,NA,NA,NA,NA,NA,NA,NA,NA,NA,NA,NA,NA,NA,NA,NA,NA,NA,NA,NA,NA,NA,NA,NA,NA,NA,NA,NA,NA,NA,NA,NA,NA,NA,NA,NA,NA,NA,NA,NA,NA,NA,NA,NA,NA,NA,NA,NA,NA,NA,NA,NA,NA,NA,NA,NA,NA,NA,NA,NA,NA,NA,NA,NA,NA,NA,NA,NA,NA,NA,NA,NA,NA,NA,NA,NA,NA,NA,NA,NA,NA,NA,NA,NA,NA,NA,NA,NA,NA,NA,NA,NA,NA,NA,NA,NA,NA,NA,NA,NA,NA,NA,NA,NA,NA,NA,NA,NA,NA,NA,NA,NA,NA,NA,NA,NA,NA,NA,NA,NA,NA,NA,NA,NA,NA,NA,NA,NA,NA,NA,NA,NA,NA,NA,NA,NA,NA,NA,NA,NA,NA,NA,NA,NA,NA,NA,NA,NA,NA,NA,NA,NA,NA,NA,NA,NA,NA,NA,NA,NA,NA,NA,NA,NA,NA,NA,NA,NA,NA,NA,NA,NA,NA,NA,NA,NA,NA,NA,NA,NA,NA,NA,NA,NA,NA,NA,NA,NA,NA,NA,NA,NA,NA,NA,NA,NA,NA,NA,NA,NA,NA,NA,NA,NA,NA,307.002,162.476,231.788,454.309,NA,434.599,407.428,NA,NA,408.497,420.816,440.797,435.894,489.472,NA,247.349,179.312,422.32,NA,420.548,NA,NA,NA,NA,NA,NA,NA,181.654,206.465,421.513,426.911,NA,NA,NA,NA,NA,NA,NA,NA,NA,NA,NA,NA,NA,NA,NA,NA,NA,NA,NA,NA,NA,NA,NA,NA,NA,NA,NA,NA,NA,NA,NA,NA,NA,NA,NA,NA,NA,NA,NA,NA,NA,NA,NA,NA,NA,NA,NA,NA,NA,NA,NA,NA,NA,NA,NA,NA,NA,NA,NA,NA,NA,NA,NA,NA,NA,NA,NA,NA,NA,NA,NA,NA,NA,NA,NA,NA,NA,NA,NA,NA,NA,NA,NA,NA,NA,NA,NA,NA,NA,NA,NA,NA,NA,NA,NA,NA,NA,NA,NA,NA,NA,NA,NA,NA,NA,NA,NA,NA,NA,NA,NA,NA,NA,NA,NA,NA,NA,NA,NA,NA,NA,NA,NA,NA,NA,NA,NA,NA,NA,NA,NA,NA,NA,NA,NA,NA,NA,NA,NA,NA,NA,NA,NA,NA,NA,NA,NA,NA,NA,NA,NA,NA,NA,NA,NA,NA,NA,NA,NA,NA,NA,NA,NA,NA,NA,NA,NA,NA
2011,NA,NA,NA,NA,NA,NA,NA,NA,NA,NA,NA,NA,NA,NA,NA,NA,NA,NA,NA,NA,NA,NA,NA,NA,NA,NA,NA,NA,NA,NA,NA,NA,NA,NA,NA,NA,NA,NA,NA,NA,NA,NA,NA,NA,NA,NA,NA,NA,NA,NA,NA,NA,NA,NA,NA,NA,NA,NA,NA,NA,NA,NA,NA,NA,NA,NA,NA,NA,NA,NA,NA,NA,NA,NA,NA,NA,NA,NA,NA,NA,NA,NA,NA,NA,NA,NA,NA,NA,NA,NA,NA,NA,NA,NA,NA,NA,NA,NA,NA,NA,NA,NA,NA,NA,NA,NA,NA,NA,NA,NA,NA,NA,NA,NA,NA,NA,NA,NA,NA,NA,NA,NA,NA,NA,NA,NA,NA,NA,NA,NA,NA,NA,NA,NA,NA,NA,NA,NA,NA,NA,NA,NA,NA,NA,NA,NA,NA,NA,NA,NA,NA,NA,NA,NA,NA,NA,NA,NA,NA,NA,NA,NA,NA,NA,NA,NA,NA,NA,NA,NA,NA,NA,NA,NA,NA,NA,NA,NA,NA,NA,NA,NA,NA,NA,NA,NA,NA,NA,NA,NA,NA,NA,NA,NA,NA,NA,NA,NA,NA,NA,NA,NA,NA,NA,NA,NA,NA,NA,NA,NA,NA,NA,NA,NA,NA,NA,NA,NA,NA,NA,NA,NA,NA,NA,NA,NA,NA,NA,NA,NA,NA,NA,NA,NA,NA,NA,NA,NA,NA,NA,NA,NA,NA,NA,NA,NA,NA,NA,NA,NA,NA,NA,NA,NA,NA,NA,NA,NA,NA,NA,NA,NA,NA,NA,NA,NA,NA,NA,NA,NA,NA,NA,NA,NA,NA,NA,NA,NA,NA,NA,NA,NA,NA,NA,NA,NA,NA,NA,NA,NA,NA,NA,NA,NA,NA,NA,NA,NA,NA,NA,NA,NA,NA,NA,NA,NA,NA,NA,NA,NA,NA,NA,NA,NA,NA,NA,NA,NA,NA,NA,NA,NA,NA,NA,NA,NA,NA,NA,NA,NA,NA,NA,NA,NA,NA,NA,NA,NA,NA,NA,NA,NA,NA,NA,NA,NA,NA,NA,NA,NA,NA,NA,NA,NA,NA,NA,NA,NA,NA,NA,NA,NA,NA,NA,NA,NA,NA,NA,NA,NA,NA,NA,NA,NA,NA,NA,NA,NA,NA,NA,NA,NA,NA,NA,NA,NA,NA,NA,NA,NA,NA,NA,NA,NA,NA,NA,NA,NA,NA,NA,NA,NA,NA,NA,NA,NA,NA,NA,NA,NA,NA,NA,NA,NA,NA,NA,NA,NA,NA,NA,NA,NA,NA,NA,NA,NA,NA,NA,NA,NA,NA,NA,NA,NA,NA,NA,NA,NA,NA,NA,NA,NA,NA,NA,NA,NA,NA,NA,NA,NA,NA,NA,NA,NA,NA,NA,NA,NA,NA,NA,NA,NA,NA,NA,NA,NA,NA,NA,NA,NA,NA,NA,NA,NA,NA,NA,NA,NA,NA,193.971,154.017,161.097,232.873,428.229,195.359,194.019,NA,NA,219.424,232.873,221.023,208.446,209.289,426.829,181.654,165.058,203.601,465.872,181.654,403.892,431.584,408.928,452.618,418.811,NA,NA,156.287,154.102,236.674,213.235,468.119,NA,NA,NA,NA,NA,NA,NA,NA,NA,NA,NA,NA,NA,NA,NA,NA,NA,NA,NA,NA,NA,NA,NA,NA,NA,NA,NA,NA,NA,NA,NA,NA,NA,NA,NA,NA,NA,NA,NA,NA,NA,NA,NA,NA,NA,NA,NA,NA,NA,NA,NA,NA,NA,NA,NA,NA,NA,NA,NA,NA,NA,NA,NA,NA,NA,NA,NA,NA,NA,NA,NA,NA,NA,NA,NA,NA,NA,NA,NA,NA,NA,NA,NA,NA,NA,NA,NA,NA,NA,NA,NA,NA,NA,NA,NA,NA,NA,NA,NA,NA,NA,NA,NA,NA,NA,NA,NA,NA,NA,NA,NA,NA,NA,NA,NA,NA,NA,NA,NA,NA,NA,NA,NA,NA,NA,NA,NA,NA,NA,NA,NA,NA,NA,NA,NA,NA,NA,NA,NA,NA,NA,NA,NA,NA,NA,NA,NA,NA,NA,NA,NA,NA,NA,NA,NA,NA,NA,NA,NA,NA,NA,NA,NA,NA,NA,NA,NA
2012,NA,NA,NA,NA,NA,NA,NA,NA,NA,NA,NA,NA,NA,NA,NA,NA,NA,NA,NA,NA,NA,NA,NA,NA,NA,NA,NA,NA,NA,NA,NA,NA,NA,NA,NA,NA,NA,NA,NA,NA,NA,NA,NA,NA,NA,NA,NA,NA,NA,NA,NA,NA,NA,NA,NA,NA,NA,NA,NA,NA,NA,NA,NA,NA,NA,NA,NA,NA,NA,NA,NA,NA,NA,NA,NA,NA,NA,NA,NA,NA,NA,NA,NA,NA,NA,NA,NA,NA,NA,NA,NA,NA,NA,NA,NA,NA,NA,NA,NA,NA,NA,NA,NA,NA,NA,NA,NA,NA,NA,NA,NA,NA,NA,NA,NA,NA,NA,NA,NA,NA,NA,NA,NA,NA,NA,NA,NA,NA,NA,NA,NA,NA,NA,NA,NA,NA,NA,NA,NA,NA,NA,NA,NA,NA,NA,NA,NA,NA,NA,NA,NA,NA,NA,NA,NA,NA,NA,NA,NA,NA,NA,NA,NA,NA,NA,NA,NA,NA,NA,NA,NA,NA,NA,NA,NA,NA,NA,NA,NA,NA,NA,NA,NA,NA,NA,NA,NA,NA,NA,NA,NA,NA,NA,NA,NA,NA,NA,NA,NA,NA,NA,NA,NA,NA,NA,NA,NA,NA,NA,NA,NA,NA,NA,NA,NA,NA,NA,NA,NA,NA,NA,NA,NA,NA,NA,NA,NA,NA,NA,NA,NA,NA,NA,NA,NA,NA,NA,NA,NA,NA,NA,NA,NA,NA,NA,NA,NA,NA,NA,NA,NA,NA,NA,NA,NA,NA,NA,NA,NA,NA,NA,NA,NA,NA,NA,NA,NA,NA,NA,NA,NA,NA,NA,NA,NA,NA,NA,NA,NA,NA,NA,NA,NA,NA,NA,NA,NA,NA,NA,NA,NA,NA,NA,NA,NA,NA,NA,NA,NA,NA,NA,NA,NA,NA,NA,NA,NA,NA,NA,NA,NA,NA,NA,NA,NA,NA,NA,NA,NA,NA,NA,NA,NA,NA,NA,NA,NA,NA,NA,NA,NA,NA,NA,NA,NA,NA,NA,NA,NA,NA,NA,NA,NA,NA,NA,NA,NA,NA,NA,NA,NA,NA,NA,NA,NA,NA,NA,NA,NA,NA,NA,NA,NA,NA,NA,NA,NA,NA,NA,NA,NA,NA,NA,NA,NA,NA,NA,NA,NA,NA,NA,NA,NA,NA,NA,NA,NA,NA,NA,NA,NA,NA,NA,NA,NA,NA,NA,NA,NA,NA,NA,NA,NA,NA,NA,NA,NA,NA,NA,NA,NA,NA,NA,NA,NA,NA,NA,NA,NA,NA,NA,NA,NA,NA,NA,NA,NA,NA,NA,NA,NA,NA,NA,NA,NA,NA,NA,NA,NA,NA,NA,NA,NA,NA,NA,NA,NA,NA,NA,NA,NA,NA,NA,NA,NA,NA,NA,NA,NA,NA,NA,NA,NA,NA,NA,NA,NA,NA,NA,NA,NA,NA,NA,NA,NA,NA,NA,NA,NA,148.267,151.789,167.108,171.341,247.586,150.396,161.752,475.032,429.263,189.525,172.093,156.437,189.066,184.413,244.051,138.776,150.936,155.156,179.377,165.909,213.849,212.905,229.623,220.012,190.551,500.947,507.286,147.393,148.35,171.341,193.911,222.524,NA,NA,NA,NA,NA,NA,NA,NA,NA,NA,NA,NA,NA,NA,NA,NA,NA,NA,NA,NA,NA,NA,NA,NA,NA,NA,NA,NA,NA,NA,NA,NA,NA,NA,NA,NA,NA,NA,NA,NA,NA,NA,NA,NA,NA,NA,NA,NA,NA,NA,NA,NA,NA,NA,NA,NA,NA,NA,NA,NA,NA,NA,NA,NA,NA,NA,NA,NA,NA,NA,NA,NA,NA,NA,NA,NA,NA,NA,NA,NA,NA,NA,NA,NA,NA,NA,NA,NA,NA,NA,NA,NA,NA,NA,NA,NA,NA,NA,NA,NA,NA,NA,NA,NA,NA,NA,NA,NA,NA,NA,NA,NA,NA,NA,NA,NA,NA,NA,NA,NA,NA,NA,NA,NA,NA,NA,NA,NA,NA,NA,NA,NA,NA,NA,NA,NA,NA,NA,NA,NA,NA,NA,NA,NA,NA,NA,NA,NA,NA,NA,NA,NA,NA,NA,NA,NA,NA,NA,NA,NA,NA,NA,NA,NA,NA,NA,NA
