date,region,site,id,species,length,oto_rad,oto_wt,age,SSTmean,SSTlo
05-Mar-19,Chagos,Peros Banhos,NU01,Naso_unicornis,305,544.953,0.01035,7,28.66,27.81
06-Mar-19,Chagos,Peros Banhos,NU02,Naso_unicornis,426,740.536,0.01827,9,28.64,27.82
06-Mar-19,Chagos,Peros Banhos,NU03,Naso_unicornis,375,596.341,0.01125,7,28.66,27.81
06-Mar-19,Chagos,Peros Banhos,NU04,Naso_unicornis,395,614.087,0.01416,7,28.66,27.81
06-Mar-19,Chagos,Peros Banhos,NU05,Naso_unicornis,394,615.84,0.01311,6,28.67,27.78
06-Mar-19,Chagos,Peros Banhos,NU06,Naso_unicornis,397,863.776,0.01887,12,28.61,27.81
06-Mar-19,Chagos,Peros Banhos,NU07,Naso_unicornis,368,617.201,0.01191,6,28.67,27.78
06-Mar-19,Chagos,Peros Banhos,NU08,Naso_unicornis,415,1092.091,0.02588,18,28.58,27.77
06-Mar-19,Chagos,Peros Banhos,NU09,Naso_unicornis,404,730.943,0.01878,9,28.64,27.82
06-Mar-19,Chagos,Peros Banhos,NU10,Naso_unicornis,384,631.762,0.01379,7,28.66,27.81
06-Mar-19,Chagos,Peros Banhos,NU11,Naso_unicornis,340,477.857,0.01368,5,28.69,27.79
07-Mar-19,Chagos,Peros Banhos,NU12,Naso_unicornis,473,783.215,0.01834,9,28.64,27.82
07-Mar-19,Chagos,Peros Banhos,NU13,Naso_unicornis,498,961.63,0.02618,13,28.61,27.8
07-Mar-19,Chagos,Peros Banhos,NU14,Naso_unicornis,472,895.152,0.02565,12,28.61,27.81
07-Mar-19,Chagos,Peros Banhos,NU15,Naso_unicornis,508,1429.752,0.04244,26,28.5,27.68
07-Mar-19,Chagos,Peros Banhos,NU16,Naso_unicornis,325,479.639,0.01075,4,28.71,27.87
07-Mar-19,Chagos,Peros Banhos,NU17,Naso_unicornis,370,669.605,0.01518,6,28.67,27.78
07-Mar-19,Chagos,Peros Banhos,NU18,Naso_unicornis,415,644.282,0.0128,8,28.63,27.82
07-Mar-19,Chagos,Peros Banhos,NU19,Naso_unicornis,426,595.351,0.01529,8,28.63,27.82
07-Mar-19,Chagos,Peros Banhos,NU20,Naso_unicornis,345,568.989,0.01367,6,28.67,27.78
07-Mar-19,Chagos,Peros Banhos,NU21,Naso_unicornis,384,752.34,0.01425,10,28.63,27.82
07-Mar-19,Chagos,Peros Banhos,NU22,Naso_unicornis,431,1018.52,0.02883,17,28.59,27.77
07-Mar-19,Chagos,Peros Banhos,NU23,Naso_unicornis,359,721.225,0.01948,9,28.64,27.82
07-Mar-19,Chagos,Peros Banhos,NU24,Naso_unicornis,357,577.7,0.013,7,28.66,27.81
07-Mar-19,Chagos,Peros Banhos,NU25,Naso_unicornis,314,525.212,0.01147,4,28.71,27.87
07-Mar-19,Chagos,Peros Banhos,NU26,Naso_unicornis,335,537.816,0.01289,4,28.71,27.87
07-Mar-19,Chagos,Peros Banhos,NU27,Naso_unicornis,390,765.271,0.01959,8,28.63,27.82
07-Mar-19,Chagos,Peros Banhos,NU28,Naso_unicornis,310,592.701,0.01405,6,28.67,27.78
10-Mar-19,Chagos,Salomon,NU29,Naso_unicornis,478,1169.979,0.03333,19,28.56,27.76
10-Mar-19,Chagos,Salomon,NU30,Naso_unicornis,359,618.517,0.01084,6,28.67,27.78
10-Mar-19,Chagos,Salomon,NU31,Naso_unicornis,432,567.843,0.01418,6,28.67,27.78
10-Mar-19,Chagos,Salomon,NU32,Naso_unicornis,492,966.62,0.03197,15,28.58,27.78
10-Mar-19,Chagos,Salomon,NU33,Naso_unicornis,481,755.532,0.02718,10,28.63,27.82
10-Mar-19,Chagos,Salomon,NU34,Naso_unicornis,477,799.019,0.02462,14,28.59,27.8
10-Mar-19,Chagos,Salomon,NU35,Naso_unicornis,450,1099.532,0.03089,21,28.54,27.73
10-Mar-19,Chagos,Salomon,NU36,Naso_unicornis,385,618.82,0.01647,10,28.63,27.82
10-Mar-19,Chagos,Salomon,NU37,Naso_unicornis,411,568.872,0.01964,8,28.63,27.82
10-Mar-19,Chagos,Salomon,NU38,Naso_unicornis,356,702.761,0.01441,8,28.63,27.82
10-Mar-19,Chagos,Salomon,NU39,Naso_unicornis,358,806.273,0.02086,11,28.62,27.83
10-Mar-19,Chagos,Salomon,NU40,Naso_unicornis,348,635.524,0.01752,10,28.63,27.82
10-Mar-19,Chagos,Salomon,NU41,Naso_unicornis,381,947.749,0.02759,17,28.59,27.77
10-Mar-19,Chagos,Salomon,NU42,Naso_unicornis,235,370.7,0.00673,2,28.53,27.78
12-Mar-19,Chagos,Salomon,NU43,Naso_unicornis,544,1263.47,0.03529,24,28.51,27.69
16-Mar-19,Chagos,EagleIsland,NU44,Naso_unicornis,464,1063.555,0.03192,16,28.58,27.78
16-Mar-19,Chagos,EagleIsland,NU45,Naso_unicornis,447,1195.079,0.03531,22,28.54,27.72
16-Mar-19,Chagos,EagleIsland,NU46,Naso_unicornis,409,555.016,0.01423,5,28.69,27.79
16-Mar-19,Chagos,EagleIsland,NU47,Naso_unicornis,459,836.255,0.03604,11,28.62,27.83
16-Mar-19,Chagos,EagleIsland,NU48,Naso_unicornis,386,536.919,0.01317,6,28.67,27.78
17-Mar-19,Chagos,Egmont,NU49,Naso_unicornis,441,622.775,0.01868,7,28.66,27.81
17-Mar-19,Chagos,Egmont,NU50,Naso_unicornis,448,599.519,0.01732,7,28.66,27.81
18-Mar-19,Chagos,Egmont,NU51,Naso_unicornis,520,985.781,0.03009,20,28.54,27.74
18-Mar-19,Chagos,Egmont,NU52,Naso_unicornis,431,581.44,0.01195,7,28.66,27.81
18-Mar-19,Chagos,Egmont,NU53,Naso_unicornis,499,984.907,0.02489,15,28.58,27.78
18-Mar-19,Chagos,Egmont,NU54,Naso_unicornis,511,958.3,0.03986,18,28.58,27.77
18-Mar-19,Chagos,Egmont,NU55,Naso_unicornis,401,529.367,0.01061,6,28.67,27.78
18-Mar-19,Chagos,Egmont,NU56,Naso_unicornis,519,736.052,0.02026,9,28.64,27.82
18-Mar-19,Chagos,Egmont,NU57,Naso_unicornis,465,791.818,0.02063,10,28.63,27.82
18-Mar-19,Chagos,Egmont,NU58,Naso_unicornis,475,1003.333,0.03216,18,28.58,27.77
18-Mar-19,Chagos,Egmont,NU59,Naso_unicornis,421,498.933,0.01161,4,28.71,27.87
18-Mar-19,Chagos,Egmont,NU60,Naso_unicornis,448,560.834,0.01567,5,28.69,27.79
18-Mar-19,Chagos,Egmont,NU61,Naso_unicornis,420,618.163,0.01558,6,28.67,27.78
NA,Guam,Guam,GECC126,Naso_unicornis,499,887.664,0.0265,13,28.84,27.65
NA,Guam,Guam,GECC127,Naso_unicornis,507,758.005,0.0203,10,28.86,27.63
NA,Guam,Guam,GECC128,Naso_unicornis,500,624.358,0.0155,7,28.85,27.64
15-Jun-08,Guam,East Agana,NU045,Naso_unicornis,310,483.43,0.0091,4,28.83,27.61
15-Jun-08,Guam,East Agana,NU046,Naso_unicornis,407,589.343,0.0153,5,28.85,27.55
15-Jun-08,Guam,East Agana,NU047,Naso_unicornis,205,336.237,0.0046,2,28.87,27.63
15-Jun-08,Guam,East Agana,NU048,Naso_unicornis,386,492.025,0.0129,5,28.85,27.55
15-Jun-08,Guam,East Agana,NU049,Naso_unicornis,292,531.867,0.0079,5,28.85,27.55
15-Jun-08,Guam,East Agana,NU050,Naso_unicornis,412,526.105,0.0124,5,28.85,27.55
15-Jun-08,Guam,East Agana,NU051,Naso_unicornis,383,502.512,0.01,5,28.85,27.55
15-Jun-08,Guam,East Agana,NU052,Naso_unicornis,297,412.925,0.0068,3,28.85,27.55
15-Jun-08,Guam,East Agana,NU053,Naso_unicornis,268,369.736,0.0064,3,28.85,27.55
15-Jun-08,Guam,East Agana,NU054,Naso_unicornis,272,403.53,0.007,3,28.85,27.55
15-Jun-08,Guam,East Agana,NU056,Naso_unicornis,236,415.59,0.0053,3,28.85,27.55
15-Jun-08,Guam,East Agana,NU057,Naso_unicornis,256,338.38,0.0053,2,28.87,27.63
15-Jun-08,Guam,East Agana,NU058,Naso_unicornis,229,373.83,0.0045,2,28.87,27.63
15-Jun-08,Guam,East Agana,NU059,Naso_unicornis,237,374,0.0037,2,28.87,27.63
15-Jun-08,Guam,East Agana,NU060,Naso_unicornis,261,361.18,0.0074,3,28.85,27.55
15-Jun-08,Guam,East Agana,NU061,Naso_unicornis,259,409.19,0.0071,3,28.85,27.55
15-Jun-08,Guam,East Agana,NU062,Naso_unicornis,242,286.12,0.006,2,28.87,27.63
15-Jun-08,Guam,East Agana,NU063,Naso_unicornis,232,353.09,0.0068,2,28.87,27.63
NA,Guam,NA,NU067,Naso_unicornis,229,359.2,0.0052,2,28.87,27.63
NA,Guam,NA,NU068,Naso_unicornis,237,364.16,0.0063,2,28.87,27.63
NA,Guam,NA,NU069,Naso_unicornis,236,407.67,0.006,3,28.85,27.55
NA,Guam,NA,NU070,Naso_unicornis,233,347.21,0.0052,2,28.87,27.63
NA,Guam,NA,NU071,Naso_unicornis,227,356.37,0.0049,2,28.87,27.63
NA,Guam,NA,NU072,Naso_unicornis,207,334.23,0.0053,2,28.87,27.63
NA,Guam,NA,NU073,Naso_unicornis,235,346.61,0.0052,2,28.87,27.63
NA,Guam,NA,NU074,Naso_unicornis,226,336.9,0.0053,2,28.87,27.63
NA,Guam,NA,NU075,Naso_unicornis,193,339.14,0.005,2,28.87,27.63
NA,Guam,NA,NU076,Naso_unicornis,242,385.04,0.0059,2,28.87,27.63
NA,Guam,NA,NU077,Naso_unicornis,210,285.69,0.0044,1,28.93,27.46
02-Aug-08,Guam,PagoBay,NU084,Naso_unicornis,416,574.44,0.0119,5,28.85,27.55
05-Aug-08,Guam,Inarajan,NU086,Naso_unicornis,324,429.26,0.009,3,28.85,27.55
05-Aug-08,Guam,Piti,NU101,Naso_unicornis,205,357.1,0.0054,2,28.87,27.63
12-Aug-08,Guam,CocosLagoon,NU104,Naso_unicornis,257,376.74,0.006,3,28.85,27.55
30-Jul-08,Guam,Piti,NU107,Naso_unicornis,235,351.14,0.005,2,28.87,27.63
23-Aug-08,Guam,Inarajan,NU108,Naso_unicornis,440,675.412,0.0167,9,28.86,27.65
23-Aug-08,Guam,Inarajan,NU109,Naso_unicornis,413,822.161,0.0192,11,28.86,27.65
23-Aug-08,Guam,Inarajan,NU110,Naso_unicornis,323,492.64,0.0099,5,28.85,27.55
23-Aug-08,Guam,Inarajan,NU111,Naso_unicornis,317,512,0.008,4,28.83,27.61
NA,Guam,NA,NU112,Naso_unicornis,485,1081.156,0.0293,18,28.71,27.5
27-Aug-08,Guam,Malojloj,NU113,Naso_unicornis,441,656.979,0.0149,8,28.86,27.65
27-Aug-08,Guam,Ylig,NU114,Naso_unicornis,353,452.96,0.0092,4,28.83,27.61
27-Aug-08,Guam,Inarajan,NU115,Naso_unicornis,205,262.77,0.0051,1,28.93,27.46
NA,Guam,NA,NU118,Naso_unicornis,175,304.11,0.0044,1,28.93,27.46
30-Aug-08,Guam,Achang,NU119,Naso_unicornis,271,357.47,0.007,2,28.87,27.63
30-Aug-08,Guam,CocosLagoon,NU120,Naso_unicornis,220,329.75,0.0053,2,28.87,27.63
30-Aug-08,Guam,CocosLagoon,NU121,Naso_unicornis,201,259.82,0.0043,1,28.93,27.46
30-Aug-08,Guam,CocosLagoon,NU122,Naso_unicornis,181,262.65,0.0037,1,28.93,27.46
10-Sep-08,Guam,Achang,NU127,Naso_unicornis,275,387.35,0.0082,3,28.85,27.55
10-Sep-08,Guam,Achang,NU128,Naso_unicornis,259,373.7,0.0066,3,28.85,27.55
10-Sep-08,Guam,Achang,NU129,Naso_unicornis,223,331.35,0.0058,2,28.87,27.63
16-Sep-08,Guam,CocosLagoon,NU130,Naso_unicornis,280,443.49,0.007,4,28.83,27.61
16-Sep-08,Guam,CocosLagoon,NU131,Naso_unicornis,281,404.57,0.0089,3,28.85,27.55
16-Sep-08,Guam,CocosLagoon,NU132,Naso_unicornis,211,359.63,0.0044,2,28.87,27.63
16-Sep-08,Guam,CocosLagoon,NU133,Naso_unicornis,200,334.55,0.0049,2,28.87,27.63
26-Sep-08,Guam,KiloWharf,NU134,Naso_unicornis,465,734.183,0.0186,9,28.86,27.69
26-Sep-08,Guam,KiloWharf,NU135,Naso_unicornis,302,384.72,0.008,3,28.85,27.55
26-Sep-08,Guam,KiloWharf,NU136,Naso_unicornis,288,405.32,0.0092,4,28.83,27.61
26-Sep-08,Guam,KiloWharf,NU137,Naso_unicornis,264,398.59,0.0057,3,28.85,27.55
01-Oct-08,Guam,Inarajan,NU138,Naso_unicornis,430,628.954,0.0154,7,28.86,27.6
01-Oct-08,Guam,Inarajan,NU139,Naso_unicornis,264,416.85,0.0075,5,28.85,27.55
01-Oct-08,Guam,Inarajan,NU140,Naso_unicornis,280,436.34,0.0064,3,28.85,27.55
01-Oct-08,Guam,Inarajan,NU141,Naso_unicornis,233,364.08,0.0063,3,28.85,27.55
01-Oct-08,Guam,Inarajan,NU142,Naso_unicornis,280,410.79,0.0071,3,28.85,27.55
04-Oct-08,Guam,CocosLagoon,NU144,Naso_unicornis,273,436.52,0.0072,3,28.85,27.55
04-Oct-08,Guam,CocosLagoon,NU145,Naso_unicornis,256,395.86,0.0052,3,28.85,27.55
06-Nov-08,Guam,GFF,NU146,Naso_unicornis,334,421.27,0.0086,4,28.83,27.61
06-Nov-08,Guam,GFF,NU147,Naso_unicornis,301,471.21,0.0081,4,28.83,27.61
06-Nov-08,Guam,GFF,NU148,Naso_unicornis,338,444.92,0.009,4,28.83,27.61
06-Nov-08,Guam,GFF,NU149,Naso_unicornis,356,622.49,0.0127,5,28.85,27.55
06-Nov-08,Guam,GFF,NU153,Naso_unicornis,217,326.99,0.0071,3,28.85,27.55
06-Nov-08,Guam,GFF,NU154,Naso_unicornis,210,335.24,0.0053,2,28.87,27.63
16-Oct-08,Guam,GFF,NU155,Naso_unicornis,254,349.09,0.0063,2,28.87,27.63
16-Oct-08,Guam,GFF,NU156,Naso_unicornis,262,421.67,0.0062,3,28.85,27.55
16-Oct-08,Guam,GFF,NU157,Naso_unicornis,244,369.58,0.0061,2,28.87,27.63
16-Oct-08,Guam,GFF,NU158,Naso_unicornis,232,384.33,0.0068,3,28.85,27.55
16-Oct-08,Guam,GFF,NU160,Naso_unicornis,244,415.25,0.0076,4,28.83,27.61
16-Oct-08,Guam,GFF,NU162,Naso_unicornis,236,334.68,0.0049,2,28.87,27.63
30-Oct-08,Guam,HappyMart,NU166,Naso_unicornis,431,639.567,0.0135,6,28.84,27.6
30-Oct-08,Guam,HappyMart,NU167,Naso_unicornis,440,1001.365,0.0236,18,28.71,27.5
24-Nov-08,Guam,GFF,NU169,Naso_unicornis,281,437.62,0.0088,3,28.85,27.55
24-Nov-08,Guam,GFF,NU170,Naso_unicornis,233,369.73,0.0056,3,28.85,27.55
24-Nov-08,Guam,GFF,NU171,Naso_unicornis,254,447.9,0.0069,3,28.85,27.55
24-Nov-08,Guam,GFF,NU172,Naso_unicornis,256,380.43,0.0066,3,28.85,27.55
24-Nov-08,Guam,GFF,NU173,Naso_unicornis,235,362.76,0.0062,2,28.87,27.63
24-Nov-08,Guam,GFF,NU177,Naso_unicornis,260,416.88,0.0074,3,28.85,27.55
20-Dec-08,Guam,Piti,NU178,Naso_unicornis,295,403.44,0.0076,3,28.85,27.55
20-Dec-08,Guam,Piti,NU179,Naso_unicornis,290,424.03,0.0066,3,28.85,27.55
20-Dec-08,Guam,Piti,NU180,Naso_unicornis,230,444.46,0.0074,4,28.83,27.61
18-Jan-09,Guam,GFF,NU181,Naso_unicornis,285,462.94,0.0071,4,28.89,27.64
18-Jan-09,Guam,GFF,NU182,Naso_unicornis,304,510.84,0.0076,4,28.89,27.64
18-Jan-09,Guam,GFF,NU183,Naso_unicornis,282,416.19,0.0064,3,28.92,27.72
18-Jan-09,Guam,GFF,NU184,Naso_unicornis,255,374.2,0.0067,3,28.92,27.72
18-Jan-09,Guam,GFF,NU186,Naso_unicornis,260,417.96,0.0067,3,28.92,27.72
18-Jan-09,Guam,GFF,NU187,Naso_unicornis,266,383.46,0.0078,3,28.92,27.72
11-Feb-09,Guam,GFF,NU190,Naso_unicornis,253,371.4,0.0074,2,28.97,27.69
11-Feb-09,Guam,GFF,NU191,Naso_unicornis,228,374.78,0.0054,2,28.97,27.69
11-Feb-09,Guam,GFF,NU192,Naso_unicornis,241,359.42,0.0054,2,28.97,27.69
11-Feb-09,Guam,GFF,NU193,Naso_unicornis,211,331.43,0.0042,2,28.97,27.69
11-Feb-09,Guam,GFF,NU194,Naso_unicornis,243,381.94,0.0054,2,28.97,27.69
11-Feb-09,Guam,GFF,NU195,Naso_unicornis,241,389.73,0.0066,3,28.92,27.72
11-Feb-09,Guam,GFF,NU196,Naso_unicornis,241,340.02,0.0065,2,28.97,27.69
11-Feb-09,Guam,GFF,NU197,Naso_unicornis,236,341.2,0.0055,2,28.97,27.69
11-Feb-09,Guam,GFF,NU198,Naso_unicornis,238,395.78,0.007,3,28.92,27.72
11-Feb-09,Guam,GFF,NU200,Naso_unicornis,249,343.34,0.0069,3,28.92,27.72
11-Feb-09,Guam,GFF,NU201,Naso_unicornis,244,376.37,0.0069,3,28.92,27.72
11-Feb-09,Guam,GFF,NU202,Naso_unicornis,225,386.32,0.0057,2,28.97,27.69
15-Mar-09,Guam,GFF,NU211,Naso_unicornis,275,410.57,0.0065,3,28.92,27.72
15-Mar-09,Guam,GFF,NU212,Naso_unicornis,302,449.53,0.0111,4,28.89,27.64
15-Mar-09,Guam,GFF,NU213,Naso_unicornis,267,396.72,0.0081,3,28.92,27.72
15-Mar-09,Guam,GFF,NU215,Naso_unicornis,234,399.93,0.0065,2,28.97,27.69
15-Mar-09,Guam,GFF,NU216,Naso_unicornis,238,402.83,0.0064,3,28.92,27.72
15-Mar-09,Guam,GFF,NU217,Naso_unicornis,226,331.11,0.0049,2,28.97,27.69
15-Mar-09,Guam,GFF,NU218,Naso_unicornis,230,423.21,0.0057,3,28.92,27.72
15-Mar-09,Guam,GFF,NU219,Naso_unicornis,214,368.78,0.0056,3,28.92,27.72
15-Mar-09,Guam,GFF,NU220,Naso_unicornis,236,411.59,0.0065,3,28.92,27.72
15-Mar-09,Guam,GFF,NU221,Naso_unicornis,200,264.6,0.0047,1,29.02,27.91
15-Mar-09,Guam,GFF,NU222,Naso_unicornis,189,286.27,0.0045,1,29.02,27.91
15-Mar-09,Guam,GFF,NU223,Naso_unicornis,214,477,0.0075,3,28.92,27.72
27-Mar-09,Guam,GFF,NU227,Naso_unicornis,326,545.79,0.0093,4,28.89,27.64
27-Mar-09,Guam,GFF,NU228,Naso_unicornis,270,469.23,0.0079,4,28.89,27.64
27-Mar-09,Guam,GFF,NU230,Naso_unicornis,252,493.56,0.0091,5,28.87,27.67
23-Apr-09,Guam,GFF,NU231,Naso_unicornis,275,382.66,0.0066,2,28.97,27.69
23-Apr-09,Guam,GFF,NU233,Naso_unicornis,255,486.25,0.0072,5,28.87,27.67
23-Apr-09,Guam,GFF,NU234,Naso_unicornis,210,325.06,0.0046,2,28.97,27.69
23-Apr-09,Guam,GFF,NU235,Naso_unicornis,227,331.77,0.0048,2,28.97,27.69
29-Apr-09,Guam,GFF,NU236,Naso_unicornis,297,441.45,0.0085,3,28.92,27.72
29-Apr-09,Guam,GFF,NU237,Naso_unicornis,260,445.81,0.0086,3,28.92,27.72
29-Apr-09,Guam,GFF,NU238,Naso_unicornis,291,486.05,0.0066,4,28.89,27.64
29-Apr-09,Guam,GFF,NU239,Naso_unicornis,252,347.04,0.0059,3,28.92,27.72
29-Apr-09,Guam,GFF,NU240,Naso_unicornis,231,372.04,0.0069,2,28.97,27.69
29-Apr-09,Guam,GFF,NU241,Naso_unicornis,230,390.04,0.0063,2,28.97,27.69
29-Apr-09,Guam,GFF,NU243,Naso_unicornis,188,275.29,0.0046,1,29.02,27.91
29-Apr-09,Guam,GFF,NU244,Naso_unicornis,208,287.96,0.0046,1,29.02,27.91
29-Apr-09,Guam,GFF,NU245,Naso_unicornis,197,266.03,0.004,1,29.02,27.91
29-Apr-09,Guam,GFF,NU246,Naso_unicornis,189,260.55,0.0044,1,29.02,27.91
29-Apr-09,Guam,GFF,NU247,Naso_unicornis,201,317.22,0.0049,2,28.97,27.69
29-Apr-09,Guam,GFF,NU248,Naso_unicornis,194,331.68,0.0041,2,28.97,27.69
29-Apr-09,Guam,GFF,NU250,Naso_unicornis,200,313.18,0.0043,2,28.97,27.69
16-May-09,Guam,GFF,NU251,Naso_unicornis,270,386.66,0.0074,3,28.92,27.72
16-May-09,Guam,GFF,NU252,Naso_unicornis,237,411.49,0.0073,3,28.92,27.72
16-May-09,Guam,GFF,NU253,Naso_unicornis,244,370.24,0.0062,3,28.92,27.72
16-May-09,Guam,GFF,NU254,Naso_unicornis,247,430.15,0.0066,3,28.92,27.72
16-May-09,Guam,GFF,NU255,Naso_unicornis,244,487.13,0.0084,4,28.89,27.64
16-May-09,Guam,GFF,NU256,Naso_unicornis,281,529.33,0.0101,4,28.89,27.64
16-May-09,Guam,GFF,NU258,Naso_unicornis,213,314.42,0.0049,1,29.02,27.91
16-May-09,Guam,GFF,NU259,Naso_unicornis,216,371.2,0.0052,2,28.97,27.69
16-May-09,Guam,GFF,NU260,Naso_unicornis,222,365.956,0.0064,2,28.97,27.69
20-May-09,Guam,GFF,NU262,Naso_unicornis,420,506.07,0.0121,5,28.87,27.67
20-May-09,Guam,GFF,NU263,Naso_unicornis,271,441.89,0.0087,3,28.92,27.72
20-May-09,Guam,GFF,NU264,Naso_unicornis,255,442.89,0.0072,4,28.89,27.64
20-May-09,Guam,GFF,NU265,Naso_unicornis,256,481.69,0.008,4,28.89,27.64
20-May-09,Guam,GFF,NU266,Naso_unicornis,207,294.06,0.0063,1,29.02,27.91
20-May-09,Guam,GFF,NU267,Naso_unicornis,220,266.07,0.0044,1,29.02,27.91
20-May-09,Guam,GFF,NU269,Naso_unicornis,196,296.32,0.0037,1,29.02,27.91
20-May-09,Guam,GFF,NU270,Naso_unicornis,191,269.33,0.0039,1,29.02,27.91
20-May-09,Guam,GFF,NU271,Naso_unicornis,167,259.64,0.0032,1,29.02,27.91
20-May-09,Guam,GFF,NU272,Naso_unicornis,169,254.81,0.0037,1,29.02,27.91
NA,Guam,GFF,NU274,Naso_unicornis,450,622.65,0.0141,9,28.87,27.68
NA,Guam,GFF,NU275,Naso_unicornis,425,555.19,0.0122,6,28.89,27.61
NA,Guam,GFF,NU276,Naso_unicornis,428,498.67,0.0137,5,28.87,27.67
NA,Guam,GFF,NU277,Naso_unicornis,395,511.9,0.0122,6,28.89,27.61
21-Jun-14,MTMNM,Uracas,SE_14_04_0039,Naso_unicornis,438,1215.159,0.0321,22,27.91,25.54
21-Jun-14,MTMNM,Uracas,SE_14_04_0040,Naso_unicornis,370,961.547,0.0244,17,27.96,25.61
21-Jun-14,MTMNM,Uracas,SE_14_04_0041,Naso_unicornis,419,926.618,0.0257,16,27.98,25.64
21-Jun-14,MTMNM,Uracas,SE_14_04_0042,Naso_unicornis,462,1084.822,0.0287,20,27.94,25.57
21-Jun-14,MTMNM,Uracas,SE_14_04_0043,Naso_unicornis,485,1080.709,0.0313,20,27.94,25.57
22-Jun-14,MTMNM,Uracas,SE_14_04_0190,Naso_unicornis,397,1212.138,0.0334,23,27.9,25.52
24-Jun-14,MTMNM,Maug,SE_14_04_0384,Naso_unicornis,461,969.765,0.0244,16,28.09,25.87
24-Jun-14,MTMNM,Maug,SE_14_04_0385,Naso_unicornis,424,1359.997,0.0348,27,28,25.76
24-Jun-14,MTMNM,Maug,SE_14_04_0386,Naso_unicornis,447,1051.95,0.0321,13,28.07,25.84
24-Jun-14,MTMNM,Maug,SE_14_04_0387,Naso_unicornis,363,681.94,0.0176,7,28.07,25.82
24-Jun-14,MTMNM,Maug,SE_14_04_0388,Naso_unicornis,340,705.604,0.0129,8,28.05,25.83
24-Jun-14,MTMNM,Maug,SE_14_04_0389,Naso_unicornis,329,618.532,0.0139,7,28.07,25.82
24-Jun-14,MTMNM,Maug,SE_14_04_0390,Naso_unicornis,308,557.464,0.0113,4,27.98,25.72
24-Jun-14,MTMNM,Maug,SE_14_04_0391,Naso_unicornis,340,708.97,0.0145,11,28.06,25.82
24-Jun-14,MTMNM,Maug,SE_14_04_0392,Naso_unicornis,248,342.77,0.007,2,28.04,25.88
24-Jun-14,MTMNM,Maug,SE_14_04_0393,Naso_unicornis,469,1086.877,0.0306,19,28.06,25.82
24-Jun-14,MTMNM,Maug,SE_14_04_0394,Naso_unicornis,445,975.928,0.0267,21,28.04,25.79
24-Jun-14,MTMNM,Maug,SE_14_04_0402,Naso_unicornis,389,992.367,0.0246,18,28.06,25.84
24-Jun-14,MTMNM,Maug,SE_14_04_0403,Naso_unicornis,456,1368.06,0.0429,32,27.96,25.74
24-Jun-14,MTMNM,Maug,SE_14_04_0462,Naso_unicornis,389,756.471,0.0177,11,28.06,25.82
24-Jun-14,MTMNM,Maug,SE_14_04_0463,Naso_unicornis,387,772.881,NA,11,28.06,25.82
24-Jun-14,MTMNM,Maug,SE_14_04_0464,Naso_unicornis,343,776.78,0.0178,13,28.07,25.84
24-Jun-14,MTMNM,Maug,SE_14_04_0465,Naso_unicornis,426,820.93,0.0207,13,28.07,25.84
24-Jun-14,MTMNM,Maug,SE_14_04_0466,Naso_unicornis,340,925.33,0.0208,14,28.07,25.83
25-Jun-14,MTMNM,Maug,SE_14_04_0535,Naso_unicornis,476,1323.39,0.0406,24,27.99,25.73
25-Jun-14,MTMNM,Maug,SE_14_04_0536,Naso_unicornis,308,861.03,0.0188,15,28.08,25.86
25-Jun-14,MTMNM,Maug,SE_14_04_0537,Naso_unicornis,241,379.41,0.0052,2,28.04,25.88
25-Jun-14,MTMNM,Maug,SE_14_04_0538,Naso_unicornis,224,376.35,0.0039,2,28.04,25.88
25-Jun-14,MTMNM,Maug,SE_14_04_0539,Naso_unicornis,165,281.02,0.0031,1,28.19,25.84
25-Jun-14,MTMNM,Maug,SE_14_04_0553,Naso_unicornis,452,734.306,0.017,13,28.07,25.84
25-Jun-14,MTMNM,Maug,SE_14_04_0554,Naso_unicornis,383,922.508,0.018,18,28.06,25.84
25-Jun-14,MTMNM,Maug,SE_14_04_0556,Naso_unicornis,365,912.235,0.0134,7,28.07,25.82
26-Jun-14,MTMNM,Maug,SE_14_04_0711,Naso_unicornis,362,1154.68,0.0208,18,28.06,25.84
26-Jun-14,MTMNM,Maug,SE_14_04_0712,Naso_unicornis,357,430.38,0.0248,20,28.05,25.81
26-Jun-14,MTMNM,Maug,SE_14_04_0713,Naso_unicornis,270,620.83,0.0067,3,27.95,25.71
26-Jun-14,MTMNM,Maug,SE_14_04_0714,Naso_unicornis,306,1063.95,0.0167,8,28.05,25.83
26-Jun-14,MTMNM,Maug,SE_14_04_0715,Naso_unicornis,363,623.53,0.0268,22,28.02,25.77
26-Jun-14,MTMNM,Maug,SE_14_04_0716,Naso_unicornis,322,635.07,0.0122,7,28.07,25.82
27-Jun-14,MTMNM,Maug,SE_14_04_0787,Naso_unicornis,370,856.762,0.0141,6,28.07,25.86
27-Jun-14,MTMNM,Maug,SE_14_04_0788,Naso_unicornis,382,792.983,0.0194,14,28.07,25.83
27-Jun-14,MTMNM,Maug,SE_14_04_0790,Naso_unicornis,359,792.98,0.0202,9,28.05,25.83
27-Jun-14,MTMNM,Maug,SE_14_04_0791,Naso_unicornis,368,994.42,0.0258,15,28.19,26.09
28-Jun-14,MTMNM,Asuncion,SE_14_04_0866,Naso_unicornis,387,779.399,0.0177,8,28.17,26.06
28-Jun-14,MTMNM,Asuncion,SE_14_04_0867,Naso_unicornis,418,787.68,0.0197,10,28.16,26.06
28-Jun-14,MTMNM,Asuncion,SE_14_04_0899,Naso_unicornis,392,640.173,0.0149,9,28.17,26.05
28-Jun-14,MTMNM,Asuncion,SE_14_04_0900,Naso_unicornis,363,920.455,0.0248,15,28.19,26.09
30-Jun-14,MTMNM,Asuncion,SE_14_04_1104,Naso_unicornis,430,708.12,0.0188,8,28.17,26.06
30-Jun-14,MTMNM,Asuncion,SE_14_04_1105,Naso_unicornis,443,878.79,0.0191,13,28.17,26.06
16-Jun-18,MTMNM,Uracas,SE_18_02_0194,Naso_unicornis,419,477.17,0.0119,3,28.07,25.55
16-Jun-18,MTMNM,Uracas,SE_18_02_0195,Naso_unicornis,468,1269.208,0.0414,32,27.9,25.53
16-Jun-18,MTMNM,Uracas,SE_18_02_0214,Naso_unicornis,431,752.51,0.017,9,27.98,25.54
17-Jun-18,MTMNM,Maug,SE_18_02_0293,Naso_unicornis,366,1192.15,0.0326,28,28.01,25.74
17-Jun-18,MTMNM,Maug,SE_18_02_0297,Naso_unicornis,478,1435.517,0.0476,33,28,25.75
17-Jun-18,MTMNM,Maug,SE_18_02_0300,Naso_unicornis,490,1360.694,0.0365,28,28.01,25.74
19-Jun-18,MTMNM,Asuncion,SE_18_02_0452,Naso_unicornis,419,834.69,0.0213,12,28.21,26.03
20-Jun-18,MTMNM,Asuncion,SE_18_02_0530,Naso_unicornis,499,1550.515,0.0461,37,28.09,25.97
20-Jun-18,MTMNM,Asuncion,SE_18_02_0531,Naso_unicornis,484,1414.457,0.0413,32,28.12,25.98
20-Jun-18,MTMNM,Asuncion,SE_18_02_0533,Naso_unicornis,413,702.53,0.0174,7,28.2,25.97
20-Jun-18,MTMNM,Asuncion,SE_18_02_0534,Naso_unicornis,410,1727.268,0.0467,35,28.1,25.98
16-Aug-13,NMI,Sarigan,CMGBS_148,Naso_unicornis,492,1438.508,0.0476,32,28.52,27.01
16-Aug-13,NMI,Sarigan,CMGBS_150,Naso_unicornis,485,712.07,0.0197,8,28.65,27.12
23-Jun-13,NMI,Alamagan,CMPCI_1160,Naso_unicornis,323,969.43,0.0216,14,28.52,26.86
23-Jun-13,NMI,Alamagan,CMPCI_1165,Naso_unicornis,478,1256.417,0.0382,25,28.43,26.74
16-Aug-13,NMI,Sarigan,CMPCI_1332,Naso_unicornis,482,750.61,0.022,9,28.63,27.12
16-Aug-13,NMI,Sarigan,CMPCI_1335,Naso_unicornis,463,778.35,0.0219,9,28.63,27.12
16-Aug-13,NMI,Sarigan,CMPCI_1339,Naso_unicornis,390,500.52,0.0119,4,28.62,27.13
16-Aug-13,NMI,Sarigan,CMTRF_545,Naso_unicornis,396,547.11,0.0143,5,28.68,27.22
08-Jul-14,NMI,Pagan,SE_14_04_1249,Naso_unicornis,305,486.89,0.0093,5,28.34,26.44
08-Jul-14,NMI,Pagan,SE_14_04_1250,Naso_unicornis,342,515.29,0.0103,3,28.32,26.43
08-Jul-14,NMI,Pagan,SE_14_04_1251,Naso_unicornis,342,597.77,0.0111,6,28.39,26.54
08-Jul-14,NMI,Pagan,SE_14_04_1252,Naso_unicornis,365,965.64,0.021,17,28.36,26.48
08-Jul-14,NMI,Pagan,SE_14_04_1253,Naso_unicornis,262,448.04,0.0073,3,28.32,26.43
10-Jul-14,NMI,Pagan,SE_14_04_1562,Naso_unicornis,339,852.58,0.0172,10,28.35,26.46
11-Jul-14,NMI,Pagan,SE_14_04_1630,Naso_unicornis,309,426.91,0.0105,3,28.32,26.43
12-Jul-14,NMI,Guguan,SE_14_04_1761,Naso_unicornis,291,524.31,0.0112,5,28.51,26.82
12-Jul-14,NMI,Guguan,SE_14_04_1762,Naso_unicornis,286,640.12,0.0123,8,28.53,26.85
13-Jul-14,NMI,Guguan,SE_14_04_1892,Naso_unicornis,394,694.7,0.0166,7,28.56,26.85
13-Jul-14,NMI,Guguan,SE_14_04_1893,Naso_unicornis,353,613.42,0.0132,6,28.56,26.91
13-Jul-14,NMI,Guguan,SE_14_04_1894,Naso_unicornis,310,596.17,0.0108,5,28.51,26.82
13-Jul-14,NMI,Guguan,SE_14_04_1895,Naso_unicornis,347,801.45,0.0174,13,28.52,26.81
13-Jul-14,NMI,Guguan,SE_14_04_1896,Naso_unicornis,302,1075.1,0.0229,19,28.51,26.81
13-Jul-14,NMI,Guguan,SE_14_04_1898,Naso_unicornis,399,761.849,0.0253,10,28.51,26.82
13-Jul-14,NMI,Guguan,SE_14_04_1899,Naso_unicornis,310,625.08,0.0148,6,28.56,26.91
13-Jul-14,NMI,Guguan,SE_14_04_1900,Naso_unicornis,388,533.94,0.0136,4,28.5,26.78
14-Jul-14,NMI,Sarigan,SE_14_04_2034,Naso_unicornis,328,559.07,0.0149,5,28.65,27.13
14-Jul-14,NMI,Sarigan,SE_14_04_2035,Naso_unicornis,311,440.206,0.0089,3,28.68,27.18
14-Jul-14,NMI,Sarigan,SE_14_04_2036,Naso_unicornis,363,778.529,0.018,10,28.65,27.12
14-Jul-14,NMI,Sarigan,SE_14_04_2037,Naso_unicornis,385,758.045,0.0202,9,28.66,27.12
14-Jul-14,NMI,Sarigan,SE_14_04_2039,Naso_unicornis,351,760.796,0.0132,8,28.67,27.16
14-Jul-14,NMI,Sarigan,SE_14_04_2040,Naso_unicornis,250,399.05,0.0084,3,28.68,27.18
14-Jul-14,NMI,Sarigan,SE_14_04_2041,Naso_unicornis,297,594.1,0.0103,6,28.7,27.21
14-Jul-14,NMI,Sarigan,SE_14_04_2042,Naso_unicornis,265,660.33,0.0145,8,28.67,27.16
14-Jul-14,NMI,Sarigan,SE_14_04_2043,Naso_unicornis,432,596.57,0.0132,6,28.7,27.21
14-Jul-14,NMI,Sarigan,SE_14_04_2044,Naso_unicornis,298,971.44,0.0215,17,28.65,27.13
14-Jul-14,NMI,Sarigan,SE_14_04_2045,Naso_unicornis,386,754.95,0.0165,10,28.65,27.12
15-Jul-14,NMI,Sarigan,SE_14_04_2174,Naso_unicornis,361,501.78,0.0117,4,28.65,27.1
15-Jul-14,NMI,Sarigan,SE_14_04_2175,Naso_unicornis,289,469.36,0.0099,4,28.65,27.1
16-Jul-14,NMI,Sarigan,SE_14_04_2263,Naso_unicornis,409,543.47,0.0153,4,28.65,27.1
16-Jul-14,NMI,Sarigan,SE_14_04_2264,Naso_unicornis,340,591.28,0.0123,8,28.67,27.16
16-Jul-14,NMI,Sarigan,SE_14_04_2265,Naso_unicornis,281,523.58,NA,5,28.65,27.13
16-Jul-14,NMI,Sarigan,SE_14_04_2266,Naso_unicornis,439,934.22,0.0246,13,28.65,27.11
16-Jul-14,NMI,Sarigan,SE_14_04_2267,Naso_unicornis,294,567.035,0.0111,6,28.7,27.21
17-Jul-14,NMI,Anatahan,SE_14_04_2355,Naso_unicornis,335,605.23,0.0157,7,28.75,27.28
17-Jul-14,NMI,Anatahan,SE_14_04_2356,Naso_unicornis,328,678.74,0.0125,7,28.75,27.28
17-Jul-14,NMI,Anatahan,SE_14_04_2357,Naso_unicornis,273,392.21,0.0092,3,28.74,27.33
17-Jul-14,NMI,Anatahan,SE_14_04_2358,Naso_unicornis,300,565.23,0.0129,5,28.71,27.26
17-Jul-14,NMI,Anatahan,SE_14_04_2359,Naso_unicornis,362,447.22,0.0111,3,28.74,27.33
17-Jul-14,NMI,Anatahan,SE_14_04_2360,Naso_unicornis,318,370.51,0.0094,2,28.76,27.3
17-Jul-14,NMI,Anatahan,SE_14_04_2361,Naso_unicornis,358,487.37,0.0106,4,28.71,27.25
17-Jul-14,NMI,Anatahan,SE_14_04_2362,Naso_unicornis,331,610.89,0.013,7,28.75,27.28
18-Jul-14,NMI,Anatahan,SE_14_04_2466,Naso_unicornis,370,555.77,0.0128,4,28.71,27.25
18-Jul-14,NMI,Anatahan,SE_14_04_2467,Naso_unicornis,277,366.35,0.0074,2,28.76,27.3
18-Jul-14,NMI,Anatahan,SE_14_04_2468,Naso_unicornis,347,515.789,0.0112,4,28.71,27.25
18-Jul-14,NMI,Anatahan,SE_14_04_2469,Naso_unicornis,380,731.045,0.0187,9,28.72,27.25
18-Jul-14,NMI,Anatahan,SE_14_04_2470,Naso_unicornis,310,585.95,0.0099,5,28.71,27.26
18-Jul-14,NMI,Anatahan,SE_14_04_2471,Naso_unicornis,279,419.17,0.0088,3,28.74,27.33
22-Jun-18,NMI,Pagan,SE_18_02_0633,Naso_unicornis,305,1216.019,0.0302,25,28.36,26.41
22-Jun-18,NMI,Pagan,SE_18_02_0635,Naso_unicornis,314,1001.586,0.0231,15,28.38,26.41
22-Jun-18,NMI,Pagan,SE_18_02_0638,Naso_unicornis,327,812.45,0.02,11,28.41,26.42
24-Jun-18,NMI,Anatahan,SE_18_02_0898,Naso_unicornis,495,612.39,0.018,6,28.75,27.17
24-Jun-18,NMI,Anatahan,SE_18_02_0899,Naso_unicornis,491,642.64,0.0193,6,28.75,27.17
18-Jun-09,Oahu,Oahu,NUNI20090618_83,Naso_unicornis,498,1505.769,NA,52,25.38,23.87
19-Jun-09,Oahu,Oahu,NUNI20090619_101,Naso_unicornis,516,1402.256,0.0471,41,25.33,23.84
19-Jun-09,Oahu,Oahu,NUNI20090619_105,Naso_unicornis,521,1303.584,NA,38,25.3,23.82
19-Jun-09,Oahu,Oahu,NUNI20090619_112,Naso_unicornis,528,1335.721,NA,49,25.38,23.88
24-Jun-09,Oahu,Oahu,NUNI20090624_123,Naso_unicornis,342,806.58,0.0173,11,25.32,23.85
24-Jun-09,Oahu,Oahu,NUNI20090624_133,Naso_unicornis,321,533,0.0099,6,25.52,23.99
06-Jul-11,Oahu,Oahu,NUNI20110706_02,Naso_unicornis,384,842.836,0.02255,16,25.38,23.83
15-Jul-11,Oahu,Oahu,NUNI20110715_03,Naso_unicornis,529,975.158,0.02655,17,25.36,23.82
15-Jul-11,Oahu,Oahu,NUNI20110715_04,Naso_unicornis,544,957.436,0.028,14,25.35,23.82
24-Jul-11,Oahu,Oahu,NUNI20110724_05,Naso_unicornis,556,1204.202,0.03565,35,25.32,23.81
24-Jul-11,Oahu,Oahu,NUNI20110724_08,Naso_unicornis,521,721.6,0.02175,7,25.43,23.85
03-Aug-11,Oahu,Oahu,NUNI20110803_06,Naso_unicornis,366,703.85,0.0159,10,25.43,23.88
03-Aug-11,Oahu,Oahu,NUNI20110803_09,Naso_unicornis,383,594.93,0.01515,8,25.46,23.86
31-Aug-11,Oahu,Oahu,NUNI20110831_04,Naso_unicornis,596,1805.463,0.0538,50,25.37,23.86
31-Aug-11,Oahu,Oahu,NUNI20110831_06,Naso_unicornis,523,896.657,0.02195,13,25.32,23.79
11-Sep-11,Oahu,Oahu,NUNI20110911_01,Naso_unicornis,530,803.869,0.02345,11,25.4,23.85
11-Sep-11,Oahu,Oahu,NUNI20110911_10,Naso_unicornis,514,786.38,0.0151,8,25.46,23.86
13-Sep-11,Oahu,Oahu,NUNI20110913_01,Naso_unicornis,372,643.27,0.01395,7,25.43,23.85
30-Sep-11,Oahu,Oahu,NUNI20110930_05,Naso_unicornis,408,695.176,0.01845,12,25.36,23.84
19-Oct-11,Oahu,Oahu,NUNI20111019_04,Naso_unicornis,349,644.33,0.01445,7,25.43,23.85
28-Oct-11,Oahu,Oahu,NUNI20111028_11,Naso_unicornis,509,654.37,0.0166,7,25.43,23.85
28-Oct-11,Oahu,Oahu,NUNI20111028_12,Naso_unicornis,510,729.09,0.0155,8,25.46,23.86
04-Nov-11,Oahu,Oahu,NUNI20111104_01,Naso_unicornis,391,652.29,0.0174,9,25.45,23.85
08-Nov-11,Oahu,Oahu,NUNI20111108_01,Naso_unicornis,374,639.31,0.0147,9,25.45,23.85
25-Jan-12,Oahu,Oahu,NUNI20120125_05,Naso_unicornis,524,739.95,0.0185,10,25.43,23.88
03-Feb-12,Oahu,Oahu,NUNI20120203_03,Naso_unicornis,531,785.79,0.0234,10,25.45,23.92
11-May-12,Oahu,Oahu,NUNI20120511_10,Naso_unicornis,512,1386.231,0.0512,43,25.31,23.83
11-May-12,Oahu,Oahu,NUNI20120511_16,Naso_unicornis,548,1359.073,0.0399,35,25.33,23.84
11-May-12,Oahu,Oahu,NUNI20120511_27,Naso_unicornis,518,1457.563,0.0462,44,25.33,23.84
23-May-12,Oahu,Oahu,NUNI20120523_15,Naso_unicornis,561,1656.034,0.05155,46,25.35,23.85
23-May-12,Oahu,Oahu,NUNI20120523_19,Naso_unicornis,516,1626.467,0.0482,47,25.36,23.84
12-Jun-12,Oahu,Oahu,NUNI20120612_16,Naso_unicornis,513,696.56,0.01515,8,25.43,23.94
22-Jun-12,Oahu,Oahu,NUNI20120622_11,Naso_unicornis,397,800.443,0.01745,14,25.33,23.84
02-Feb-10,Pohnpei,Pohnpei,PP1002NU02,Naso_unicornis,255,414.0548208,0.0066,3,29.21,28.64
02-Feb-10,Pohnpei,Pohnpei,PP1002NU04,Naso_unicornis,256,425.2020462,0.0067,3,29.21,28.64
02-Feb-10,Pohnpei,Pohnpei,PP1002NU05,Naso_unicornis,378,418.8749269,0.0113,4,29.19,28.65
06-Feb-10,Pohnpei,Pohnpei,PP1002NU06,Naso_unicornis,249,382.8000662,0.0064,2,29.19,28.68
06-Feb-10,Pohnpei,Pohnpei,PP1002NU07,Naso_unicornis,353,545.53,0.0092,4,29.19,28.65
06-Feb-10,Pohnpei,Pohnpei,PP1002NU08,Naso_unicornis,388,459.6273699,0.0096,3,29.21,28.64
06-Feb-10,Pohnpei,Pohnpei,PP1002NU10,Naso_unicornis,345,485.7419241,0.0083,4,29.19,28.65
06-Feb-10,Pohnpei,Pohnpei,PP1002NU11,Naso_unicornis,285,403.059465,0.0066,3,29.21,28.64
12-Feb-10,Pohnpei,Pohnpei,PP1002NU12,Naso_unicornis,345,448.5362194,0.0101,4,29.19,28.65
12-Feb-10,Pohnpei,Pohnpei,PP1002NU13,Naso_unicornis,325,433.4637501,NA,3,29.21,28.64
12-Feb-10,Pohnpei,Pohnpei,PP1002NU15,Naso_unicornis,266,383.4262361,0.0057,2,29.19,28.68
20-Feb-10,Pohnpei,Pohnpei,PP1002NU17,Naso_unicornis,329,446.1787366,0.0092,3,29.21,28.64
20-Feb-10,Pohnpei,Pohnpei,PP1002NU18,Naso_unicornis,325,399.4940351,0.0074,3,29.21,28.64
20-Feb-10,Pohnpei,Pohnpei,PP1002NU19,Naso_unicornis,313,385.3584841,0.0086,3,29.21,28.64
20-Feb-10,Pohnpei,Pohnpei,PP1002NU20,Naso_unicornis,267,389.8561594,0.007,2,29.19,28.68
20-Feb-10,Pohnpei,Pohnpei,PP1002NU21,Naso_unicornis,226,297.3839551,0.0047,1,29.35,28.79
26-Feb-10,Pohnpei,Pohnpei,PP1002NU22,Naso_unicornis,446,584.1954526,0.0125,5,29.2,28.65
26-Feb-10,Pohnpei,Pohnpei,PP1002NU23,Naso_unicornis,427,722.8383384,0.0151,7,29.23,28.67
26-Feb-10,Pohnpei,Pohnpei,PP1002NU24,Naso_unicornis,469,742.3267071,0.0151,7,29.23,28.67
26-Feb-10,Pohnpei,Pohnpei,PP1002NU25,Naso_unicornis,454,667.2050154,0.0167,6,29.21,28.69
26-Feb-10,Pohnpei,Pohnpei,PP1002NU26,Naso_unicornis,345,457.7605426,0.0095,4,29.19,28.65
08-Mar-10,Pohnpei,Pohnpei,PP1003NU02,Naso_unicornis,298,386.9379275,0.0079,3,29.21,28.64
09-Mar-10,Pohnpei,Pohnpei,PP1003NU04,Naso_unicornis,399,535.7443913,0.0122,4,29.19,28.65
11-Mar-10,Pohnpei,Pohnpei,PP1003NU05,Naso_unicornis,320,445.0665842,0.0076,4,29.19,28.65
11-Mar-10,Pohnpei,Pohnpei,PP1003NU06,Naso_unicornis,336,499.8377554,0.01,4,29.19,28.65
11-Mar-10,Pohnpei,Pohnpei,PP1003NU07,Naso_unicornis,341,442.6483535,0.0087,3,29.21,28.64
13-Mar-10,Pohnpei,Pohnpei,PP1003NU08,Naso_unicornis,364,472.5806748,0.0095,4,29.19,28.65
13-Mar-10,Pohnpei,Pohnpei,PP1003NU09,Naso_unicornis,319,425.7277485,0.0084,3,29.21,28.64
13-Mar-10,Pohnpei,Pohnpei,PP1003NU11,Naso_unicornis,245,343.4892158,0.0065,2,29.19,28.68
13-Mar-10,Pohnpei,Pohnpei,PP1003NU12,Naso_unicornis,242,383.9075458,0.0062,2,29.19,28.68
13-Mar-10,Pohnpei,Pohnpei,PP1003NU13,Naso_unicornis,372,518.9335997,0.0091,4,29.19,28.65
13-Mar-10,Pohnpei,Pohnpei,PP1003NU14OTC,Naso_unicornis,321,459.62,NA,3,29.21,28.64
20-Mar-10,Pohnpei,Pohnpei,PP1003NU15,Naso_unicornis,215,337.7415372,0.0054,2,29.19,28.68
20-Mar-10,Pohnpei,Pohnpei,PP1003NU16,Naso_unicornis,218,325.5288885,0.0054,2,29.19,28.68
20-Mar-10,Pohnpei,Pohnpei,PP1003NU17,Naso_unicornis,255,386.6084874,0.0063,2,29.19,28.68
20-Mar-10,Pohnpei,Pohnpei,PP1003NU18,Naso_unicornis,223,280.493724,0.0053,2,29.19,28.68
20-Mar-10,Pohnpei,Pohnpei,PP1003NU19,Naso_unicornis,228,292.3348764,0.0043,1,29.35,28.79
20-Mar-10,Pohnpei,Pohnpei,PP1003NU20,Naso_unicornis,308,490.5877312,0.008,4,29.19,28.65
20-Mar-10,Pohnpei,Pohnpei,PP1003NU21,Naso_unicornis,320,340.3864039,0.006,2,29.19,28.68
20-Mar-10,Pohnpei,Pohnpei,PP1003NU22,Naso_unicornis,248,347.9308162,0.0062,2,29.19,28.68
20-Mar-10,Pohnpei,Pohnpei,PP1003NU23,Naso_unicornis,265,355.5126117,0.0068,2,29.19,28.68
20-Mar-10,Pohnpei,Pohnpei,PP1003NU26,Naso_unicornis,290,408.886583,NA,3,29.21,28.64
20-Mar-10,Pohnpei,Pohnpei,PP1003NU27,Naso_unicornis,475,801.6259276,0.0233,8,29.21,28.67
20-Mar-10,Pohnpei,Pohnpei,PP1003NU28,Naso_unicornis,412,561.6089449,0.0134,6,29.21,28.69
20-Mar-10,Pohnpei,Pohnpei,PP1003NU30,Naso_unicornis,305,430.01047,0.0077,3,29.21,28.64
23-Mar-10,Pohnpei,Pohnpei,PP1003NU33,Naso_unicornis,432,629.73,0.156,7,29.23,28.67
01-Apr-10,Pohnpei,Pohnpei,PP1004NU01,Naso_unicornis,222,301.9820979,0.0053,1,29.35,28.79
01-Apr-10,Pohnpei,Pohnpei,PP1004NU02,Naso_unicornis,240,352.944848,NA,2,29.19,28.68
01-Apr-10,Pohnpei,Pohnpei,PP1004NU03,Naso_unicornis,320,422.3655902,0.0077,3,29.21,28.64
01-Apr-10,Pohnpei,Pohnpei,PP1004NU04,Naso_unicornis,292,397.3141229,0.007,3,29.21,28.64
01-Apr-10,Pohnpei,Pohnpei,PP1004NU06,Naso_unicornis,340,439.3329243,0.0094,3,29.21,28.64
06-Apr-10,Pohnpei,Pohnpei,PP1004NU07,Naso_unicornis,406,679.139626,0.0213,7,29.23,28.67
06-Apr-10,Pohnpei,Pohnpei,PP1004NU08,Naso_unicornis,445,656.3965759,0.0154,6,29.21,28.69
06-Apr-10,Pohnpei,Pohnpei,PP1004NU09,Naso_unicornis,494,981.2245279,0.0294,16,29.16,28.59
13-Apr-10,Pohnpei,Pohnpei,PP1004NU10,Naso_unicornis,460,713.8102774,0.0171,8,29.21,28.67
13-Apr-10,Pohnpei,Pohnpei,PP1004NU11,Naso_unicornis,440,779.0744667,0.0146,7,29.23,28.67
13-Apr-10,Pohnpei,Pohnpei,PP1004NU13,Naso_unicornis,336,394.3491618,0.0081,3,29.21,28.64
13-Apr-10,Pohnpei,Pohnpei,PP1004NU15,Naso_unicornis,264,375.4542526,0.0077,2,29.19,28.68
22-Apr-10,Pohnpei,Pohnpei,PP1004NU16,Naso_unicornis,385,454.695114,0.0116,3,29.21,28.64
22-Apr-10,Pohnpei,Pohnpei,PP1004NU17,Naso_unicornis,385,486.8634224,0.0092,4,29.19,28.65
22-Apr-10,Pohnpei,Pohnpei,PP1004NU18,Naso_unicornis,360,476.697508,0.0123,4,29.19,28.65
22-Apr-10,Pohnpei,Pohnpei,PP1004NU19,Naso_unicornis,300,420.9660539,0.009,3,29.21,28.64
22-Apr-10,Pohnpei,Pohnpei,PP1004NU21,Naso_unicornis,257,302.624623,0.0052,1,29.35,28.79
22-Apr-10,Pohnpei,Pohnpei,PP1004NU22,Naso_unicornis,266,422.7511052,0.0048,2,29.19,28.68
27-Apr-10,Pohnpei,Pohnpei,PP1004NU27,Naso_unicornis,332,511.8821794,0.0098,4,29.19,28.65
27-Apr-10,Pohnpei,Pohnpei,PP1004NU28,Naso_unicornis,320,345.5499688,0.0074,2,29.19,28.68
27-Apr-10,Pohnpei,Pohnpei,PP1004NU29,Naso_unicornis,285,444.1600397,0.0079,2,29.19,28.68
27-Apr-10,Pohnpei,Pohnpei,PP1004NU31,Naso_unicornis,251,365.7486198,0.007,2,29.19,28.68
06-May-10,Pohnpei,Pohnpei,PP1005NU01,Naso_unicornis,394,503.2606615,0.0093,4,29.19,28.65
06-May-10,Pohnpei,Pohnpei,PP1005NU03,Naso_unicornis,372,515.4499457,0.0118,5,29.2,28.65
06-May-10,Pohnpei,Pohnpei,PP1005NU05,Naso_unicornis,366,523.1509004,0.012,5,29.2,28.65
06-May-10,Pohnpei,Pohnpei,PP1005NU07,Naso_unicornis,295,422.5244691,0.0077,4,29.19,28.65
06-May-10,Pohnpei,Pohnpei,PP1005NU09,Naso_unicornis,290,401.9309574,0.012,4,29.19,28.65
06-May-10,Pohnpei,Pohnpei,PP1005NU10,Naso_unicornis,276,434.4987995,0.0081,3,29.21,28.64
06-May-10,Pohnpei,Pohnpei,PP1005NU11,Naso_unicornis,254,315.4097031,0.0027,1,29.35,28.79
06-May-10,Pohnpei,Pohnpei,PP1005NU12,Naso_unicornis,223,337.7719111,0.006,3,29.21,28.64
15-May-10,Pohnpei,Pohnpei,PP1005NU14,Naso_unicornis,355,491.9802582,0.0101,5,29.2,28.65
15-May-10,Pohnpei,Pohnpei,PP1005NU15,Naso_unicornis,365,497.2185897,0.0093,5,29.2,28.65
15-May-10,Pohnpei,Pohnpei,PP1005NU17,Naso_unicornis,347,442.7114378,0.0087,4,29.19,28.65
15-May-10,Pohnpei,Pohnpei,PP1005NU19,Naso_unicornis,278,372.5593852,0.0076,2,29.19,28.68
15-May-10,Pohnpei,Pohnpei,PP1005NU20,Naso_unicornis,258,357.0242979,0.0071,2,29.19,28.68
15-May-10,Pohnpei,Pohnpei,PP1005NU22,Naso_unicornis,359,566.9267158,0.0107,4,29.19,28.65
15-May-10,Pohnpei,Pohnpei,PP1005NU23,Naso_unicornis,285,423.3632564,0.0071,2,29.19,28.68
26-May-10,Pohnpei,Pohnpei,PP1005NU25,Naso_unicornis,480,862.4945037,0.0255,13,29.13,28.57
03-Jun-10,Pohnpei,Pohnpei,PP1006NU01,Naso_unicornis,280,433.6039374,0.008,3,29.21,28.64
03-Jun-10,Pohnpei,Pohnpei,PP1006NU02,Naso_unicornis,275,340.746218,0.007,3,29.21,28.64
03-Jun-10,Pohnpei,Pohnpei,PP1006NU05,Naso_unicornis,207,319.9844814,0.0052,1,29.35,28.79
03-Jun-10,Pohnpei,Pohnpei,PP1006NU06,Naso_unicornis,220,359.6644917,0.005,1,29.35,28.79
03-Jun-10,Pohnpei,Pohnpei,PP1006NU07,Naso_unicornis,281,518.3962151,0.0067,4,29.19,28.65
12-Jun-10,Pohnpei,Pohnpei,PP1006NU13,Naso_unicornis,325,366.7369401,0.0055,2,29.19,28.68
29-Jun-10,Pohnpei,Pohnpei,PP1006NU33,Naso_unicornis,350,556.68,0.0157,4,29.19,28.65
06-Jul-10,Pohnpei,Pohnpei,PP1007NU01,Naso_unicornis,485,810.5997635,0.024,10,29.19,28.63
06-Jul-10,Pohnpei,Pohnpei,PP1007NU02,Naso_unicornis,441,791.1385357,0.0211,8,29.21,28.67
21-Aug-10,Pohnpei,Pohnpei,PP1008NU15,Naso_unicornis,312,507.3109942,0.0082,4,29.19,28.65
28-Aug-10,Pohnpei,Pohnpei,PP1008NU19,Naso_unicornis,468,549.5073272,0.016,6,29.21,28.69
29-Aug-10,Pohnpei,Pohnpei,PP1008NU26,Naso_unicornis,480,600.9763794,0.0157,6,29.21,28.69
08-Sep-10,Pohnpei,Pohnpei,PP1009NU07,Naso_unicornis,496,703.1051162,0.0232,9,29.2,28.64
08-Sep-10,Pohnpei,Pohnpei,PP1009NU09,Naso_unicornis,426,813.3163257,0.0197,12,29.14,28.56
15-Sep-10,Pohnpei,Pohnpei,PP1009NU15,Naso_unicornis,470,736.8436988,0.0254,14,29.15,28.61
15-Sep-10,Pohnpei,Pohnpei,PP1009NU16,Naso_unicornis,450,596.954747,0.0146,6,29.21,28.69
15-Sep-10,Pohnpei,Pohnpei,PP1009NU17,Naso_unicornis,437,565.5910559,0.0142,5,29.2,28.65
17-Sep-10,Pohnpei,Pohnpei,PP1009NU29,Naso_unicornis,482,751.9808316,0.02,7,29.23,28.67
NA,Pohnpei,Pohnpei,PP1009NU30,Naso_unicornis,322,502.0013124,0.0086,3,29.21,28.64
30-Sep-10,Pohnpei,Pohnpei,PP1009NU31,Naso_unicornis,266,374.6832226,0.007,2,29.19,28.68
30-Sep-10,Pohnpei,Pohnpei,PP1009NU32,Naso_unicornis,350,470.1741264,0.0094,4,29.19,28.65
30-Sep-10,Pohnpei,Pohnpei,PP1009NU33,Naso_unicornis,380,521.2560357,0.0104,5,29.2,28.65
30-Sep-10,Pohnpei,Pohnpei,PP1009NU35,Naso_unicornis,388,515.7630307,0.011,3,29.21,28.64
30-Sep-10,Pohnpei,Pohnpei,PP1009NU36,Naso_unicornis,423,665.5601513,0.0169,6,29.21,28.69
08-Oct-10,Pohnpei,Pohnpei,PP1010NU01,Naso_unicornis,235,308.1082822,0.0049,1,29.35,28.79
08-Oct-10,Pohnpei,Pohnpei,PP1010NU02,Naso_unicornis,310,426.0828897,0.0078,3,29.21,28.64
08-Oct-10,Pohnpei,Pohnpei,PP1010NU03,Naso_unicornis,312,445.5735948,0.0096,3,29.21,28.64
08-Oct-10,Pohnpei,Pohnpei,PP1010NU04,Naso_unicornis,322,391.7206503,0.0084,2,29.19,28.68
08-Oct-10,Pohnpei,Pohnpei,PP1010NU05,Naso_unicornis,337,449.8843538,0.009,3,29.21,28.64
08-Oct-10,Pohnpei,Pohnpei,PP1010NU06,Naso_unicornis,329,368.524328,0.009,2,29.19,28.68
08-Oct-10,Pohnpei,Pohnpei,PP1010NU07,Naso_unicornis,352,370.9402221,0.0075,2,29.19,28.68
08-Oct-10,Pohnpei,Pohnpei,PP1010NU08,Naso_unicornis,401,479.7699459,0.0112,3,29.21,28.64
22-Oct-10,Pohnpei,Pohnpei,PP1010NU09,Naso_unicornis,460,630.2586571,0.0192,6,29.21,28.69
22-Oct-10,Pohnpei,Pohnpei,PP1010NU10,Naso_unicornis,445,555.1159373,0.0152,5,29.2,28.65
22-Oct-10,Pohnpei,Pohnpei,PP1010NU11,Naso_unicornis,440,585.7328398,0.0138,5,29.2,28.65
22-Oct-10,Pohnpei,Pohnpei,PP1010NU12,Naso_unicornis,260,414.8305238,0.008,3,29.21,28.64
22-Oct-10,Pohnpei,Pohnpei,PP1010NU13,Naso_unicornis,263,355.9331735,0.0069,2,29.19,28.68
NA,Pohnpei,Pohnpei,PP1010NU14,Naso_unicornis,234,404.3047953,0.0061,2,29.19,28.68
28-Oct-10,Pohnpei,Pohnpei,PP1010NU15,Naso_unicornis,268,369.9519018,0.0055,2,29.19,28.68
28-Oct-10,Pohnpei,Pohnpei,PP1010NU16,Naso_unicornis,291,426.8585926,0.008,3,29.21,28.64
28-Oct-10,Pohnpei,Pohnpei,PP1010NU17,Naso_unicornis,290,395.3328093,0.0079,3,29.21,28.64
28-Oct-10,Pohnpei,Pohnpei,PP1010NU18,Naso_unicornis,305,406.9309704,0.0076,2,29.19,28.68
28-Oct-10,Pohnpei,Pohnpei,PP1010NU19,Naso_unicornis,295,402.7674081,0.0068,3,29.21,28.64
28-Oct-10,Pohnpei,Pohnpei,PP1010NU20,Naso_unicornis,312,463.4217723,0.0101,3,29.21,28.64
28-Oct-10,Pohnpei,Pohnpei,PP1010NU21,Naso_unicornis,313,478.5105968,0.0082,3,29.21,28.64
28-Oct-10,Pohnpei,Pohnpei,PP1010NU22,Naso_unicornis,346,482.9031317,0.0111,4,29.19,28.65
28-Oct-10,Pohnpei,Pohnpei,PP1010NU23,Naso_unicornis,345,486.3143555,0.0094,4,29.19,28.65
05-Nov-10,Pohnpei,Pohnpei,PP1011NU01,Naso_unicornis,227,375.1318219,0.0054,2,29.19,28.68
05-Nov-10,Pohnpei,Pohnpei,PP1011NU02,Naso_unicornis,261,368.057037,0.0057,2,29.19,28.68
05-Nov-10,Pohnpei,Pohnpei,PP1011NU03,Naso_unicornis,271,413.166968,0.0089,2,29.19,28.68
05-Nov-10,Pohnpei,Pohnpei,PP1011NU05,Naso_unicornis,301,413.3165011,0.0084,2,29.19,28.68
05-Nov-10,Pohnpei,Pohnpei,PP1011NU06,Naso_unicornis,330,482.4288314,0.0126,4,29.19,28.65
05-Nov-10,Pohnpei,Pohnpei,PP1011NU08,Naso_unicornis,368,450.1179992,0.0117,4,29.19,28.65
05-Nov-10,Pohnpei,Pohnpei,PP1011NU09,Naso_unicornis,378,519.7980879,0.0095,5,29.2,28.65
05-Nov-10,Pohnpei,Pohnpei,PP1011NU10,Naso_unicornis,376,586.4244304,0.0123,4,29.19,28.65
05-Nov-10,Pohnpei,Pohnpei,PP1011NU11,Naso_unicornis,402,527.0971724,0.0113,4,29.19,28.65
05-Nov-10,Pohnpei,Pohnpei,PP1011NU12,Naso_unicornis,445,551.3332171,0.015,5,29.2,28.65
NA,Pohnpei,Pohnpei,PP1011NU13,Naso_unicornis,260,284.7086883,0.0069,1,29.35,28.79
NA,Pohnpei,Pohnpei,PP1011NU14,Naso_unicornis,287,320.6410252,0.0083,1,29.35,28.79
NA,Pohnpei,Pohnpei,PP1011NU15,Naso_unicornis,293,390.3514878,0.0069,2,29.19,28.68
10-Nov-10,Pohnpei,Pohnpei,PP1011NU16,Naso_unicornis,314,353.7976539,0.0081,2,29.19,28.68
10-Nov-10,Pohnpei,Pohnpei,PP1011NU17,Naso_unicornis,322,442.6086338,0.0093,3,29.21,28.64
10-Nov-10,Pohnpei,Pohnpei,PP1011NU18,Naso_unicornis,357,462.8984065,0.0085,3,29.21,28.64
10-Nov-10,Pohnpei,Pohnpei,PP1011NU19,Naso_unicornis,348,463.2371924,0.0096,3,29.21,28.64
10-Nov-10,Pohnpei,Pohnpei,PP1011NU20,Naso_unicornis,370,421.8305421,0.0107,3,29.21,28.64
10-Nov-10,Pohnpei,Pohnpei,PP1011NU21,Naso_unicornis,383,503.262998,0.0136,5,29.2,28.65
10-Nov-10,Pohnpei,Pohnpei,PP1011NU22,Naso_unicornis,458,769.7660312,0.0185,10,29.19,28.63
NA,Pohnpei,Pohnpei,PP1011NU23,Naso_unicornis,228,364.7252526,0.0059,2,29.19,28.68
NA,Pohnpei,Pohnpei,PP1011NU24,Naso_unicornis,234,424.0408282,0.0068,2,29.19,28.68
19-Nov-10,Pohnpei,Pohnpei,PP1011NU25,Naso_unicornis,234,381.6925867,0.006,2,29.19,28.68
19-Nov-10,Pohnpei,Pohnpei,PP1011NU26,Naso_unicornis,424,513.3634917,0.0123,5,29.2,28.65
19-Nov-10,Pohnpei,Pohnpei,PP1011NU27,Naso_unicornis,437,728.4715307,0.0206,10,29.19,28.63
19-Nov-10,Pohnpei,Pohnpei,PP1011NU28,Naso_unicornis,433,541.2864619,0.0152,5,29.2,28.65
19-Nov-10,Pohnpei,Pohnpei,PP1011NU29,Naso_unicornis,445,786.9763566,0.0234,10,29.19,28.63
19-Nov-10,Pohnpei,Pohnpei,PP1011NU30,Naso_unicornis,431,802.5698553,0.0117,6,29.21,28.69
26-Nov-10,Pohnpei,Pohnpei,PP1011NU31,Naso_unicornis,455,720.6958094,0.0184,6,29.21,28.69
26-Nov-10,Pohnpei,Pohnpei,PP1011NU32,Naso_unicornis,389,654.9503104,0.0124,6,29.21,28.69
26-Nov-10,Pohnpei,Pohnpei,PP1011NU34,Naso_unicornis,325,488.6367915,0.0082,3,29.21,28.64
26-Nov-10,Pohnpei,Pohnpei,PP1011NU35,Naso_unicornis,306,437.4030127,0.0086,3,29.21,28.64
26-Nov-10,Pohnpei,Pohnpei,PP1011NU36,Naso_unicornis,296,436.9614228,0.0092,3,29.21,28.64
26-Nov-10,Pohnpei,Pohnpei,PP1011NU37,Naso_unicornis,284,350.8186742,0.0071,2,29.19,28.68
26-Nov-10,Pohnpei,Pohnpei,PP1011NU38,Naso_unicornis,265,470.6507632,0.0069,3,29.21,28.64
26-Nov-10,Pohnpei,Pohnpei,PP1011NU39,Naso_unicornis,229,397.0337483,0.0065,3,29.21,28.64
26-Nov-10,Pohnpei,Pohnpei,PP1011NU40,Naso_unicornis,220,356.5873809,0.0052,2,29.19,28.68
01-Dec-10,Pohnpei,Pohnpei,PP1012NU01,Naso_unicornis,227,374.4635958,0.0059,2,29.19,28.68
01-Dec-10,Pohnpei,Pohnpei,PP1012NU02,Naso_unicornis,252,387.4355924,0.0066,2,29.19,28.68
01-Dec-10,Pohnpei,Pohnpei,PP1012NU03,Naso_unicornis,260,323.5078551,0.0065,1,29.35,28.79
01-Dec-10,Pohnpei,Pohnpei,PP1012NU04,Naso_unicornis,275,387.0454044,0.0076,3,29.21,28.64
01-Dec-10,Pohnpei,Pohnpei,PP1012NU05,Naso_unicornis,285,408.4286379,0.0076,2,29.19,28.68
01-Dec-10,Pohnpei,Pohnpei,PP1012NU06,Naso_unicornis,360,485.7279054,0.0085,3,29.21,28.64
01-Dec-10,Pohnpei,Pohnpei,PP1012NU07,Naso_unicornis,358,549.61125,0.0119,5,29.2,28.65
01-Dec-10,Pohnpei,Pohnpei,PP1012NU08,Naso_unicornis,406,483.6788346,0.0113,4,29.19,28.65
01-Dec-10,Pohnpei,Pohnpei,PP1012NU09,Naso_unicornis,262,395.860848,0.0066,2,29.19,28.68
01-Dec-10,Pohnpei,Pohnpei,PP1012NU10,Naso_unicornis,255,296.7741404,0.0057,1,29.35,28.79
10-Dec-10,Pohnpei,Pohnpei,PP1012NU11,Naso_unicornis,275,402.8889038,0.0077,2,29.19,28.68
10-Dec-10,Pohnpei,Pohnpei,PP1012NU12,Naso_unicornis,265,333.6831154,0.0063,1,29.35,28.79
10-Dec-10,Pohnpei,Pohnpei,PP1012NU14,Naso_unicornis,265,345.8466986,0.006,2,29.19,28.68
10-Dec-10,Pohnpei,Pohnpei,PP1012NU15,Naso_unicornis,287,466.636734,0.0074,3,29.21,28.64
10-Dec-10,Pohnpei,Pohnpei,PP1012NU16,Naso_unicornis,286,425.1296161,0.0082,3,29.21,28.64
10-Dec-10,Pohnpei,Pohnpei,PP1012NU17,Naso_unicornis,298,464.8353274,0.0086,3,29.21,28.64
10-Dec-10,Pohnpei,Pohnpei,PP1012NU18,Naso_unicornis,285,444.2394792,0.0078,3,29.21,28.64
10-Dec-10,Pohnpei,Pohnpei,PP1012NU19,Naso_unicornis,300,468.3259908,0.0078,3,29.21,28.64
10-Dec-10,Pohnpei,Pohnpei,PP1012NU20,Naso_unicornis,315,492.3190441,0.0102,3,29.21,28.64
16-Dec-10,Pohnpei,Pohnpei,PP1012NU21,Naso_unicornis,243,384.7393236,0.0065,2,29.19,28.68
16-Dec-10,Pohnpei,Pohnpei,PP1012NU22,Naso_unicornis,260,392.4940168,0.0077,2,29.19,28.68
16-Dec-10,Pohnpei,Pohnpei,PP1012NU23,Naso_unicornis,267,394.7673872,0.0069,2,29.19,28.68
16-Dec-10,Pohnpei,Pohnpei,PP1012NU24,Naso_unicornis,245,307.0685598,0.005,1,29.35,28.79
16-Dec-10,Pohnpei,Pohnpei,PP1012NU25,Naso_unicornis,294,434.7978657,0.008,3,29.21,28.64
16-Dec-10,Pohnpei,Pohnpei,PP1012NU26,Naso_unicornis,290,482.7886454,0.0092,3,29.21,28.64
16-Dec-10,Pohnpei,Pohnpei,PP1012NU28,Naso_unicornis,334,416.9543611,0.0093,3,29.21,28.64
16-Dec-10,Pohnpei,Pohnpei,PP1012NU29,Naso_unicornis,359,490.211562,0.01,4,29.19,28.65
16-Dec-10,Pohnpei,Pohnpei,PP1012NU30,Naso_unicornis,444,615.3076834,0.0144,5,29.2,28.65
16-Dec-10,Pohnpei,Pohnpei,PP1012NU31,Naso_unicornis,463,643.8825245,0.0166,7,29.23,28.67
07-Jan-11,Pohnpei,Pohnpei,PP1101NU01,Naso_unicornis,334,449.7511758,0.009,3,29.21,28.64
07-Jan-11,Pohnpei,Pohnpei,PP1101NU02,Naso_unicornis,318,463.8493435,0.0069,3,29.21,28.64
08-Jan-11,Pohnpei,Pohnpei,PP1101NU04,Naso_unicornis,377,481.2442488,0.0109,4,29.19,28.65
08-Jan-11,Pohnpei,Pohnpei,PP1101NU05,Naso_unicornis,388,559.3309016,0.0116,4,29.19,28.65
08-Jan-11,Pohnpei,Pohnpei,PP1101NU06,Naso_unicornis,385,481.0339679,0.0096,3,29.21,28.64
08-Jan-11,Pohnpei,Pohnpei,PP1101NU07,Naso_unicornis,377,491.2582937,0.0118,5,29.2,28.65
08-Jan-11,Pohnpei,Pohnpei,PP1101NU08,Naso_unicornis,448,734.3009852,0.0144,9,29.2,28.64
11-Jan-11,Pohnpei,Pohnpei,PP1101NU10,Naso_unicornis,414,587.6604149,0.0114,6,29.21,28.69
11-Jan-11,Pohnpei,Pohnpei,PP1101NU11,Naso_unicornis,446,612.4805732,0.0127,5,29.2,28.65
11-Jan-11,Pohnpei,Pohnpei,PP1101NU12,Naso_unicornis,332,464.5035509,0.0087,3,29.21,28.64
15-Jan-11,Pohnpei,Pohnpei,PP1101NU13,Naso_unicornis,418,551.5224699,0.0111,4,29.19,28.65
15-Jan-11,Pohnpei,Pohnpei,PP1101NU14,Naso_unicornis,358,450.9334219,0.0081,3,29.21,28.64
15-Jan-11,Pohnpei,Pohnpei,PP1101NU15,Naso_unicornis,350,430.914678,0.0082,3,29.21,28.64
NA,Pohnpei,Pohnpei,PP1101NU16,Naso_unicornis,414,556.7935118,0.0114,5,29.2,28.65
NA,Pohnpei,Pohnpei,PP1101NU17,Naso_unicornis,433,532.0808303,0.0121,5,29.2,28.65
24-Jan-11,Pohnpei,Pohnpei,PP1101NU18,Naso_unicornis,388,554.9290209,0.012,6,29.21,28.69
24-Jan-11,Pohnpei,Pohnpei,PP1101NU19,Naso_unicornis,392,533.8378443,0.0104,4,29.19,28.65
24-Jan-11,Pohnpei,Pohnpei,PP1101NU20,Naso_unicornis,267,388.178585,0.007,2,29.19,28.68
24-Jan-11,Pohnpei,Pohnpei,PP1101NU21,Naso_unicornis,330,423.2954992,0.0091,3,29.21,28.64
24-Jan-11,Pohnpei,Pohnpei,PP1101NU22,Naso_unicornis,242,413.4823894,0.0069,2,29.19,28.68
25-Jan-11,Heron,Lagoon,hNU001,Naso_unicornis,405,614.9561544,0.0118,7,25.05,21.99
25-Jan-11,Heron,Lagoon,hNU002,Naso_unicornis,369,575.8191533,0.0102,6,25.03,22.02
25-Jan-11,Heron,Lagoon,hNU003,Naso_unicornis,383,672.4048481,0.0144,9,25.09,22.02
25-Jan-11,Heron,Lagoon,hNU005,Naso_unicornis,270,389.8283267,0.007,2,25.27,22.29
28-Jan-11,Heron,Leeward,hNU006,Naso_unicornis,364,560.9992923,0.0103,6,25.03,22.02
28-Jan-11,Heron,Leeward,hNU007,Naso_unicornis,323,541.0076664,0.0088,5,24.99,21.99
28-Jan-11,Heron,Leeward,hNU008,Naso_unicornis,329,541.8057394,0.0074,6,25.03,22.02
28-Jan-11,Heron,Leeward,hNU009,Naso_unicornis,308,502.2833172,0.0099,5,24.99,21.99
28-Jan-11,Heron,Leeward,hNU010,Naso_unicornis,318,557.5661118,0.0098,5,24.99,21.99
28-Jan-11,Heron,Leeward,hNU011,Naso_unicornis,304,569.22929,0.0104,6,25.03,22.02
28-Jan-11,Heron,Leeward,hNU012,Naso_unicornis,292,424.742453,0.0077,4,25.03,22.11
28-Jan-11,Heron,Leeward,hNU013,Naso_unicornis,287,386.3008856,0.0068,3,25.11,22.16
28-Jan-11,Heron,Leeward,hNU014,Naso_unicornis,278,437.8719072,0.0081,4,25.03,22.11
28-Jan-11,Heron,Leeward,hNU015,Naso_unicornis,273,517.5200195,0.0089,4,25.03,22.11
28-Jan-11,Heron,Leeward,hNU016,Naso_unicornis,260,456.0935285,0.006,3,25.11,22.16
28-Jan-11,Heron,Leeward,hNU017,Naso_unicornis,247,340.339417,0.0057,2,25.27,22.29
28-Jan-11,Heron,Leeward,hNU018,Naso_unicornis,231,346.3846635,0.0058,2,25.27,22.29
01-Feb-11,Heron,Leeward,hNU019,Naso_unicornis,438,712.3566797,0.0124,9,25.09,22.02
01-Feb-11,Heron,Leeward,hNU020,Naso_unicornis,430,662.7378999,0.0169,10,25.09,22.01
04-Feb-11,Heron,Windward,hNU021,Naso_unicornis,406,696.3973128,0.0166,10,25.09,22.01
04-Feb-11,Heron,Windward,hNU022,Naso_unicornis,383,647.7693166,0.015,9,25.09,22.02
04-Feb-11,Heron,Windward,hNU023,Naso_unicornis,370,619.763445,0.0123,8,25.07,22
04-Feb-11,Heron,Windward,hNU024,Naso_unicornis,358,653.0123006,0.0137,9,25.09,22.02
04-Feb-11,Heron,Windward,hNU025,Naso_unicornis,309,514.2146145,0.0093,5,24.99,21.99
04-Feb-11,Heron,Windward,hNU026,Naso_unicornis,291,499.8618671,0.0086,5,24.99,21.99
04-Feb-11,Heron,Windward,hNU027,Naso_unicornis,272,479.9624071,0.0075,4,25.03,22.11
04-Feb-11,Heron,Windward,hNU028,Naso_unicornis,253,374.679601,0.0055,2,25.27,22.29
04-Feb-11,Heron,Windward,hNU029,Naso_unicornis,237,374.3528309,0.0057,2,25.27,22.29
04-Feb-11,Heron,Windward,hNU030,Naso_unicornis,237,384.89745,0.0048,2,25.27,22.29
04-Feb-11,Heron,Windward,hNU031,Naso_unicornis,174,257.1659583,0.0031,1,25.48,22.41
04-Feb-11,Heron,Lagoon,hNU032,Naso_unicornis,421,558.7412272,0.0145,6,25.03,22.02
04-Feb-11,Heron,Lagoon,hNU033,Naso_unicornis,390,656.4350078,0.0131,9,25.09,22.02
04-Feb-11,Heron,Lagoon,hNU034,Naso_unicornis,384,518.3180926,0.0105,5,24.99,21.99
04-Feb-11,Heron,Lagoon,hNU035,Naso_unicornis,280,422.5346602,0.0061,3,25.11,22.16
04-Feb-11,Heron,Lagoon,hNU036,Naso_unicornis,211,327.5220701,0.005,2,25.27,22.29
07-Feb-11,Heron,Leeward,hNU037,Naso_unicornis,468,758.3516632,0.018,10,25.09,22.01
07-Feb-11,Heron,Leeward,hNU038,Naso_unicornis,395,568.7202828,0.0112,7,25.05,21.99
07-Feb-11,Heron,Leeward,hNU039,Naso_unicornis,384,587.5598347,0.0117,7,25.05,21.99
07-Feb-11,Heron,Leeward,hNU040,Naso_unicornis,403,576.0097692,0.0125,7,25.05,21.99
07-Feb-11,Heron,Leeward,hNU041,Naso_unicornis,327,490.0650488,0.0098,5,24.99,21.99
07-Feb-11,Heron,Leeward,hNU042,Naso_unicornis,274,426.7805766,0.0071,3,25.11,22.16
07-Feb-11,Heron,Leeward,hNU043,Naso_unicornis,279,418.4961172,0.0073,4,25.03,22.11
07-Feb-11,Heron,Leeward,hNU044,Naso_unicornis,234,415.3959908,0.0055,3,25.11,22.16
07-Feb-11,Heron,Leeward,hNU045,Naso_unicornis,219,347.0528664,0.006,2,25.27,22.29
07-Feb-11,Heron,Leeward,hNU046,Naso_unicornis,218,355.6452438,0.0048,2,25.27,22.29
