region,Chagos,Chagos,Chagos,Chagos,Chagos,Chagos,Chagos,Chagos,Chagos,Chagos,Chagos,Chagos,Chagos,Chagos,Chagos,Chagos,Chagos,Chagos,Chagos,Chagos,Chagos,Chagos,Chagos,Chagos,Chagos,Chagos,Chagos,Chagos,Chagos,Chagos,Chagos,Chagos,Chagos,Chagos,Chagos,Chagos,Chagos,Chagos,Chagos,Chagos,Chagos,Chagos,Chagos,Chagos,Chagos,Chagos,Chagos,Chagos,Chagos,Chagos,Chagos,Chagos,Chagos,Chagos,Chagos,Chagos,Chagos,Chagos,Chagos,Chagos,Chagos,Chagos,Chagos,Chagos,Chagos,Chagos,CoralBay,CoralBay,CoralBay,CoralBay,CoralBay,CoralBay,CoralBay,CoralBay,CoralBay,CoralBay,CoralBay,CoralBay,CoralBay,CoralBay,CoralBay,CoralBay,CoralBay,CoralBay,CoralBay,CoralBay,Guam,Guam,Guam,Guam,Guam,Guam,Guam,Guam,Guam,Guam,Guam,Guam,Guam,Guam,Guam,Guam,Guam,Guam,Guam,Guam,Guam,Guam,Guam,Guam,Guam,Guam,Guam,Guam,Guam,Guam,Guam,Guam,Guam,Guam,Guam,Guam,Guam,Guam,Guam,Guam,Guam,Guam,Guam,Guam,Guam,Guam,Guam,Guam,Guam,Guam,Guam,Guam,MTMNM,MTMNM,MTMNM,MTMNM,MTMNM,MTMNM,MTMNM,MTMNM,MTMNM,MTMNM,MTMNM,MTMNM,MTMNM,MTMNM,MTMNM,MTMNM,MTMNM,MTMNM,MTMNM,MTMNM,MTMNM,MTMNM,MTMNM,MTMNM,MTMNM,MTMNM,MTMNM,MTMNM,MTMNM,MTMNM,MTMNM,MTMNM,MTMNM,MTMNM,MTMNM,MTMNM,MTMNM,MTMNM,MTMNM,MTMNM,MTMNM,MTMNM,MTMNM,MTMNM,MTMNM,MTMNM,MTMNM,MTMNM,MTMNM,MTMNM,MTMNM,MTMNM,MTMNM,MTMNM,MTMNM,MTMNM,MTMNM,MTMNM,MTMNM,MTMNM,MTMNM,MTMNM,MTMNM,MTMNM,MTMNM,MTMNM,MTMNM,MTMNM,MTMNM,MTMNM,MTMNM,MTMNM,MTMNM,MTMNM,MTMNM,MTMNM,MTMNM,MTMNM,MTMNM,MTMNM,MTMNM,MTMNM,MTMNM,MTMNM,MTMNM,MTMNM,MTMNM,MTMNM,MTMNM,MTMNM,MTMNM,MTMNM,MTMNM,MTMNM,MTMNM,MTMNM,MTMNM,MTMNM,MTMNM,MTMNM,MTMNM,MTMNM,MTMNM,MTMNM,MTMNM,MTMNM,MTMNM,MTMNM,MTMNM,MTMNM,MTMNM,MTMNM,MTMNM,MTMNM,MTMNM,MTMNM,MTMNM,MTMNM,MTMNM,MTMNM,MTMNM,MTMNM,MTMNM,MTMNM,MTMNM,MTMNM,MTMNM,MTMNM,MTMNM,MTMNM,MTMNM,MTMNM,MTMNM,MTMNM,MTMNM,MTMNM,MTMNM,MTMNM,MTMNM,MTMNM,NMI,NMI,NMI,NMI,NMI,NMI,NMI,NMI,NMI,NMI,NMI,NMI,NMI,NMI,NMI,NMI,NMI,NMI,NMI,NMI,NMI,NMI,NMI,NMI,NMI,NMI,NMI,NMI,NMI,NMI,NMI,NMI,NMI,NMI,NMI,NMI,NMI,NMI,NMI,NMI,NMI,NMI,NMI,NMI,NMI,NMI,NMI,NMI,NMI,NMI,NMI,NMI,NMI,NMI,NMI,NMI,NMI,NMI,NMI,NMI,NMI,NMI,NMI,NMI,NMI,NMI,NMI,NMI,NMI,NMI,NMI,NMI,NMI,NMI,NMI,NMI,NMI,NMI,NMI,NMI,NMI,NMI,NMI,NMI,NMI,NMI,NMI,NMI,NMI,NMI,NMI,NMI,NMI,NMI,NMI,NMI,NMI,NMI,NMI,NMI,NMI,NMI,NMI,NMI,NMI,NMI,NMI,NMI,NMI,NMI,NMI,NMI,NMI,NMI,NMI,NMI,NMI,NMI,NMI,NMI,NMI,NMI,NMI,NMI,NMI,NMI,NMI,NMI,NMI,NMI,NMI,NMI,NMI,NMI,NMI,NMI,NMI,NMI,NMI,NMI,NMI,NMI,NMI,NMI,NMI,NMI,NMI,NMI,NMI,NMI,NMI,NMI,NMI,NMI,NMI,NMI,NMI,NMI,Oahu,Oahu,Oahu,Oahu,Oahu,Oahu,Oahu,Oahu,Oahu,Oahu,Oahu,Oahu,Oahu,Oahu,Oahu,Oahu,Oahu,Oahu,Oahu,Oahu,Oahu,Oahu,Oahu,Oahu,Oahu,Oahu,Oahu,Oahu,Oahu,Saipan,Saipan,Saipan,Saipan,Saipan,Saipan,Saipan,Saipan,Saipan,NMI,Saipan,Saipan,Saipan,Saipan,Saipan,NMI,SeyAm,SeyAm,SeyAm,SeyAm,SeyAm,SeyAm,SeyAm,SeyAm,SeyAm,SeyAm,SeyAm,SeyAm,SeyAm,SeyAm,SeyAm,SeyAm,SeyAm,SeyAm,SeyAm,SeyAm,SeyAm,SeyAm,SeyAm,SeyAm,SeyAm,SeyAm,SeyAm,SeyAm,SeyAm,SeyGran,SeyGran,SeyGran,SeyGran,SeyGran,SeyGran,SeyGran,SeyGran,SeyGran,SeyGran,SeyGran,SeyGran,SeyGran,SeyGran,SeyGran,SeyGran,SeyGran,SeyGran,SeyGran,SeyGran,SeyGran,SeyGran,SeyGran,SeyGran,SeyGran,SeyGran,SeyGran,SeyGran,SeyGran,SeyGran,SeyGran,Yap,Yap,Yap,Yap,Yap,Yap,Yap,Yap,Yap,Yap,Yap,Yap
id,BIOT001,BIOT002,BIOT003,BIOT004,BIOT005,BIOT006,BIOT007,BIOT008,BIOT009,BIOT010,SR02,SR03,SR04,SR05,SR06,SR07,SR08,SR09,SR10,SR11,SR12,SR13,SR14,SR15,SR16,SR17,SR18,SR19,SR20,SR21,SR22,SR23,SR24,SR25,SR26,SR27,SR28,SR29,SR30,SR31,SR32,SR33,SR34,SR35,SR36,SR37,SR38,SR39,SR40,SR41,SR42,SR43,SR44,SR45,SR46,SR47,SR48,SR49,SR50,SR51,SR52,SR53,SR54,SR55,SR56,SR58,MN_CB_01,MN_CB_02,MN_CB_03,MN_CB_04,MN_CB_05,MN_CB_06,MN_CB_07,MN_CB_08,MN_CB_09,MN_CB_10,MN_CB_11,MN_CB_12,MN_CB_13,MN_CB_14,MN_CB_15,MN_CB_16,MN_CB_17,MN_CB_18,MN_CB_19,MN_CB_20,GU1008SR01,GU1106SR01,GU1107SR01,GU1107SR02,GU1108SR01,GU1108SR02,GU1108SR03,GU1108SR04,GU1108SR05,GU1108SR06,GU1108SR07,GU1108SR08,GU1108SR09,GU1108SR10,GU1108SR11,GU1108SR12,GU1108SR13,GU1108SR14,GU1108SR15,GU1108SR17,GU1109SR18,GU1110SR01,GU1111SR01,GU1111SR02,GU1202SR01,GUSR01,GUSR02,GUSR03,GUSR04,GUSR05,GUSR06,GUSR07,GUSR08,GUSR09,GUSR10,GUSR12,GUSR13,GUSR14,GUSR15,GUSR15,GUSR16,GUSR17,GUSR18,GUSR19,GUSR20,GUSR22,GUSR23,GUSR24,GUSR25,GUSR26,GUSR27,GUSR28,SE_14_04_0023,SE_14_04_0024,SE_14_04_0025,SE_14_04_0026,SE_14_04_0027,SE_14_04_0028,SE_14_04_0029,SE_14_04_0030,SE_14_04_0031,SE_14_04_0032,SE_14_04_0033,SE_14_04_0034,SE_14_04_0035,SE_14_04_0036,SE_14_04_0037,SE_14_04_0038,SE_14_04_0140,SE_14_04_0141,SE_14_04_0143,SE_14_04_0144,SE_14_04_0145,SE_14_04_0191,SE_14_04_0192,SE_14_04_0193,SE_14_04_0194,SE_14_04_0195,SE_14_04_0196,SE_14_04_0197,SE_14_04_0263,SE_14_04_0265,SE_14_04_0266,SE_14_04_0267,SE_14_04_0268,SE_14_04_0269,SE_14_04_0270,SE_14_04_0271,SE_14_04_0272,SE_14_04_0273,SE_14_04_0274,SE_14_04_0275,SE_14_04_0276,SE_14_04_0396,SE_14_04_0397,SE_14_04_0398,SE_14_04_0399,SE_14_04_0410,SE_14_04_0412,SE_14_04_0413,SE_14_04_0414,SE_14_04_0415,SE_14_04_0416,SE_14_04_0417,SE_14_04_0418,SE_14_04_0419,SE_14_04_0420,SE_14_04_0421,SE_14_04_0422,SE_14_04_0423,SE_14_04_0424,SE_14_04_0425,SE_14_04_0426,SE_14_04_0427,SE_14_04_0428,SE_14_04_0429,SE_14_04_0514,SE_14_04_0515,SE_14_04_0516,SE_14_04_0517,SE_14_04_0518,SE_14_04_0519,SE_14_04_0520,SE_14_04_0521,SE_14_04_0522,SE_14_04_0523,SE_14_04_0524,SE_14_04_0525,SE_14_04_0526,SE_14_04_0527,SE_14_04_0722,SE_14_04_0723,SE_14_04_0724,SE_14_04_0725,SE_14_04_0726,SE_14_04_0727,SE_14_04_0777,SE_14_04_0778,SE_14_04_0779,SE_14_04_0780,SE_14_04_0781,SE_14_04_0782,SE_14_04_0783,SE_14_04_0784,SE_14_04_0785,SE_14_04_0786,SE_14_04_0858,SE_14_04_0859,SE_14_04_0860,SE_14_04_0861,SE_14_04_0862,SE_14_04_0863,SE_14_04_0864,SE_14_04_0865,SE_14_04_0881,SE_14_04_0882,SE_14_04_0883,SE_14_04_0884,SE_14_04_0885,SE_14_04_0886,SE_14_04_0887,SE_14_04_0888,SE_14_04_0889,SE_14_04_0891,SE_14_04_0974,SE_14_04_0975,SE_14_04_0976,SE_14_04_0977,SE_14_04_0978,SE_14_04_0979,SE_14_04_0980,SE_14_04_0981,SE_14_04_0982,SE_14_04_0983,SE_14_04_0984,SE_14_04_0985,SE_14_04_0986,SE_14_04_0987,SE_14_04_0988,SE_14_04_0989,SE_14_04_1087,SE_14_04_1088,SE_14_04_1089,SE_14_04_1090,SE_14_04_1091,SE_14_04_1092,SE_14_04_1093,SE_14_04_1094,SE_14_04_1095,SE_14_04_1096,SE_14_04_1097,SE_14_04_1098,SE_14_04_1234,SE_14_04_1235,SE_14_04_1236,SE_14_04_1237,SE_14_04_1238,SE_14_04_1239,SE_14_04_1240,SE_14_04_1241,SE_14_04_1242,SE_14_04_1243,SE_14_04_1244,SE_14_04_1245,SE_14_04_1246,SE_14_04_1247,SE_14_04_1248,SE_14_04_1408,SE_14_04_1409,SE_14_04_1410,SE_14_04_1411,SE_14_04_1412,SE_14_04_1413,SE_14_04_1414,SE_14_04_1415,SE_14_04_1416,SE_14_04_1417,SE_14_04_1418,SE_14_04_1526,SE_14_04_1527,SE_14_04_1528,SE_14_04_1529,SE_14_04_1530,SE_14_04_1532,SE_14_04_1533,SE_14_04_1534,SE_14_04_1535,SE_14_04_1536,SE_14_04_1537,SE_14_04_1538,SE_14_04_1539,SE_14_04_1540,SE_14_04_1541,SE_14_04_1542,SE_14_04_1543,SE_14_04_1544,SE_14_04_1545,SE_14_04_1546,SE_14_04_1547,SE_14_04_1548,SE_14_04_1549,SE_14_04_1550,SE_14_04_1623,SE_14_04_1624,SE_14_04_1625,SE_14_04_1626,SE_14_04_1627,SE_14_04_1699,SE_14_04_1701,SE_14_04_1702,SE_14_04_1703,SE_14_04_1704,SE_14_04_1705,SE_14_04_1707,SE_14_04_1708,SE_14_04_1709,SE_14_04_1710,SE_14_04_1711,SE_14_04_1712,SE_14_04_1713,SE_14_04_1714,SE_14_04_1715,SE_14_04_1716,SE_14_04_1717,SE_14_04_1718,SE_14_04_1719,SE_14_04_1720,SE_14_04_1721,SE_14_04_1722,SE_14_04_1723,SE_14_04_1724,SE_14_04_1725,SE_14_04_1727,SE_14_04_1728,SE_14_04_1729,SE_14_04_1730,SE_14_04_1858,SE_14_04_1859,SE_14_04_1860,SE_14_04_1861,SE_14_04_1862,SE_14_04_1863,SE_14_04_1864,SE_14_04_1865,SE_14_04_1866,SE_14_04_1867,SE_14_04_1868,SE_14_04_1869,SE_14_04_1870,SE_14_04_1871,SE_14_04_1873,SE_14_04_1874,SE_14_04_1875,SE_14_04_1876,SE_14_04_2046,SE_14_04_2047,SE_14_04_2048,SE_14_04_2049,SE_14_04_2051,SE_14_04_2052,SE_14_04_2053,SE_14_04_2054,SE_14_04_2055,SE_14_04_2056,SE_14_04_2057,SE_14_04_2058,SE_14_04_2060,SE_14_04_2061,SE_14_04_2062,SE_14_04_2063,SE_14_04_2064,SE_14_04_2065,SE_14_04_2066,SE_14_04_2067,SE_14_04_2068,SE_14_04_2069,SE_14_04_2070,SE_14_04_2071,SE_14_04_2072,SE_14_04_2073,SE_14_04_2074,SE_14_04_2156,SE_14_04_2157,SE_14_04_2158,SE_14_04_2159,SE_14_04_2160,SE_14_04_2161,SE_14_04_2162,SE_14_04_2163,SE_14_04_2164,SE_14_04_2165,SE_14_04_2166,SE_14_04_2167,SE_14_04_2168,SE_14_04_2169,SE_14_04_2170,SE_14_04_2171,SE_14_04_2172,SE_14_04_2257,SE_14_04_2258,SE_14_04_2259,SE_14_04_2260,SE_14_04_2261,SE_14_04_2328,SE_14_04_2329,SE_14_04_2330,SE_14_04_2331,SE_14_04_2474,SE_14_04_2475,SE_14_04_2476,SRUB20030514_006,SRUB20050514_002,SRUB20050514_015,SRUB20060216_003,SRUB20060314_004,SRUB20060329_001,SRUB20060329_002,SRUB20060401_003,SRUB20060403_002,SRUB20060410_001,SRUB20060410_002,SRUB20060418_001,SRUB20060418_002,SRUB20060420_002,SRUB20060420_003,SRUB20060425_003,SRUB20060428_004,SRUB20060502_001,SRUB20060519_001,SRUB20060522_001,SRUB20060601_003,SRUB20060609_003,SRUB20060613_001,SRUB20061001_003,SRUB20061207_002,SRUB20061208_002,SRUB20070118_002,SRUB20070209_001,SRUB20070307_001,CMCT_0120,CMCT_0153,CMCT_0180,CMCT_0182,CMCT_0347,CMCT_0404,CMCT_0428,DCEI_0572,DCFB_0489,DCFB_0752,DCFB_0796,DCJI_0776,DCMCT_0466,DCMCT_0570,DCTD_0583,DCTD_0751,183Srubro,184Srubro,185Srubro,186Srubro,195Srubro,196Srubro,197Srubro,200Srubro,216Srubro,223Srubro,224Srubro,225Srubro,226Srubro,227Srubro,228Srubro,231Srubro,232Srubro,233Srubro,245Srubro,246Srubro,sey126,sey127,sey129,sey130,sey148,sey149,sey164,sey165,sey166,S1343,S1349,S1352,S1358,S1452,S1457,S1466,S1516,S1517,S1518,S1711,S1768,S1769,S1770,S1952,S1953,S1954,S1955,S1998,S1999,S2000,S2001,S2002,sey180,sey181,sey183,sey184,sey185,sey214,sey215,sey216,YPSR01,YPSR02,YPSR03,YPSR04,YPSR05,YPSR06,YPSR07,YPSR08,YPSR09,YPSR10,YPSR11,YPSR12
length,460,374,457,422,411,319,322,317,329,403,455,444,416,418,549,425,468,519,329,460,441,439,452,437,400,460,467,451,437,450,445,430,456,433,435,495,512,440,406,409,470,480,497,470,549,519,450,509,394,396,273,437,393,425,445,396,456,404,373,407,288,420,418,446,502,459,527,544,498,531,455,445,447,460,419,441,519,515,476,518,422,495,494,389,463,457,213,289,370,244,329,308,340,311,316,277,261,360,312,283,372,352,357,308,328,315,355,276,435,323,312,217,272,253,299,320,241,373,392,375,378,327,292,284,370,359,350,371,320,325,270,321,351,300,271,350,314,276,270,334,276,246,384,397,415,414,299,346,325,267,401,302,373,357,199,356,284,307,329,384,349,302,219,250,267,258,219,205,302,244,298,172,273,408,313,394,341,313,379,425,435,286,282,349,421,405,396,415,185,438,405,426,411,427,368,367,388,277,329,349,285,303,350,282,285,293,223,292,210,177,368,202,310,211,323,463,320,311,260,252,344,401,225,453,300,333,330,354,332,330,345,415,432,434,445,427,402,342,350,353,477,477,430,448,480,286,297,365,316,307,408,445,417,438,439,445,457,440,395,420,324,334,332,273,286,374,355,318,318,306,174,228,342,236,363,339,313,306,462,315,442,396,324,430,325,351,310,350,383,350,336,346,312,414,448,380,392,292,305,280,181,180,192,208,467,487,434,450,461,366,345,305,368,315,326,364,337,307,328,335,336,332,320,286,311,205,182,185,295,289,323,258,388,450,406,441,381,461,393,341,399,331,444,326,460,421,348,455,340,473,503,402,313,423,279,343,310,316,329,307,366,280,494,332,326,339,310,356,293,286,367,264,182,247,216,280,231,217,227,305,378,339,319,345,322,283,295,328,243,371,309,330,286,245,272,184,172,260,230,338,403,389,325,317,350,385,303,287,305,188,254,341,212,221,310,397,409,396,435,363,345,331,302,288,348,293,170,246,308,307,310,193,200,312,369,367,495,392,456,430,494,493,520,467,390,558,535,477,453,435,560,530,388,555,494,528,420,438,594,648,525,496,478,435,447,401,417,425,417,320,455,389,384,464,411,368,472,436,399,345,372,576,568,394,380,558,529,446,225,540,522,504,473,447,439,390,428,346,238,449,336,602,472,558,544,247,212,621,579,611,320,240,325,222,292,346,194,388,470,484,400,380,284,380,401,465,395,228,248,198,202,250,270,338,305,291,269,220,351,378,382,398,280,459,381,328,333,398,379,342,372,375,385
1984,NA,NA,NA,NA,NA,NA,NA,NA,NA,NA,NA,NA,NA,NA,NA,NA,NA,NA,NA,NA,NA,NA,NA,NA,NA,NA,NA,NA,NA,NA,NA,NA,NA,NA,NA,NA,NA,NA,NA,NA,NA,NA,NA,NA,NA,NA,NA,NA,NA,NA,NA,NA,NA,NA,NA,NA,NA,NA,NA,NA,NA,NA,NA,NA,NA,NA,NA,NA,NA,NA,NA,NA,NA,NA,NA,NA,NA,NA,NA,NA,NA,NA,NA,NA,NA,NA,NA,NA,NA,NA,NA,NA,NA,NA,NA,NA,NA,NA,NA,NA,NA,NA,NA,NA,NA,NA,NA,NA,NA,NA,NA,NA,NA,NA,NA,NA,NA,NA,NA,NA,NA,NA,NA,NA,NA,NA,NA,NA,NA,NA,NA,NA,NA,NA,NA,NA,NA,NA,NA,NA,NA,NA,NA,NA,NA,NA,NA,NA,NA,NA,NA,NA,NA,NA,NA,NA,NA,NA,NA,NA,NA,NA,NA,NA,NA,NA,NA,NA,NA,NA,NA,NA,NA,NA,NA,NA,NA,NA,NA,NA,NA,NA,NA,NA,NA,NA,NA,NA,NA,NA,NA,NA,NA,NA,NA,NA,NA,NA,NA,NA,NA,NA,NA,NA,NA,NA,NA,NA,NA,NA,NA,NA,NA,NA,NA,NA,NA,NA,NA,NA,NA,NA,NA,NA,NA,NA,NA,NA,NA,NA,NA,NA,NA,NA,NA,NA,NA,NA,NA,NA,NA,NA,NA,NA,NA,NA,NA,NA,NA,NA,NA,NA,NA,NA,NA,NA,NA,NA,NA,NA,NA,NA,NA,NA,NA,NA,NA,NA,NA,NA,NA,NA,NA,NA,NA,NA,NA,NA,NA,NA,NA,NA,NA,NA,NA,NA,NA,NA,NA,NA,NA,NA,NA,NA,NA,NA,NA,NA,NA,NA,NA,NA,NA,NA,NA,NA,NA,NA,NA,NA,NA,NA,NA,NA,NA,NA,NA,NA,NA,NA,NA,NA,NA,NA,NA,NA,NA,NA,NA,NA,NA,NA,NA,NA,NA,NA,NA,NA,NA,NA,NA,NA,NA,NA,NA,NA,NA,NA,NA,NA,NA,NA,NA,NA,NA,NA,NA,NA,NA,NA,NA,NA,NA,NA,NA,NA,NA,NA,NA,NA,NA,NA,NA,NA,NA,NA,NA,NA,NA,NA,NA,NA,NA,NA,NA,NA,NA,NA,NA,NA,NA,NA,NA,NA,NA,NA,NA,NA,NA,NA,NA,NA,NA,NA,NA,NA,NA,NA,NA,NA,NA,NA,NA,NA,NA,NA,NA,NA,NA,NA,NA,NA,NA,NA,NA,NA,NA,NA,NA,NA,NA,NA,NA,NA,NA,NA,NA,NA,NA,NA,NA,NA,NA,NA,NA,NA,NA,NA,NA,NA,NA,NA,NA,NA,NA,NA,NA,NA,NA,NA,NA,NA,NA,NA,NA,NA,NA,NA,NA,NA,NA,NA,NA,NA,NA,NA,NA,NA,NA,NA,NA,NA,NA,NA,NA,NA,NA,NA,NA,NA,NA,NA,NA,NA,NA,NA,NA,NA,NA,NA,NA,NA,NA,NA,NA,NA,NA,NA,NA,NA,NA,NA,NA,NA,NA,NA,NA,NA,NA,NA,NA,NA,NA,NA,NA,NA,NA,NA,NA,NA,NA,NA,NA,NA,NA,NA,NA,NA,NA,NA,NA,NA,NA,NA,NA,NA,NA,NA,NA,NA,NA,NA,NA
1985,NA,NA,NA,NA,NA,NA,NA,NA,NA,NA,NA,NA,NA,NA,NA,NA,NA,NA,NA,NA,NA,NA,NA,NA,NA,NA,NA,NA,NA,NA,NA,NA,NA,NA,NA,NA,NA,NA,NA,NA,NA,NA,NA,NA,NA,NA,NA,NA,NA,NA,NA,NA,NA,NA,NA,NA,NA,NA,NA,NA,NA,NA,NA,NA,NA,NA,NA,NA,NA,NA,NA,NA,NA,NA,NA,NA,NA,NA,NA,NA,NA,NA,NA,NA,NA,NA,NA,NA,NA,NA,NA,NA,NA,NA,NA,NA,NA,NA,NA,NA,NA,NA,NA,NA,NA,NA,NA,NA,NA,NA,NA,NA,NA,NA,NA,NA,NA,NA,NA,NA,NA,NA,NA,NA,NA,NA,NA,NA,NA,NA,NA,NA,NA,NA,NA,NA,NA,NA,NA,NA,NA,NA,NA,NA,NA,NA,NA,NA,NA,NA,NA,NA,NA,NA,NA,NA,NA,NA,NA,NA,NA,NA,NA,NA,NA,NA,NA,NA,NA,NA,NA,NA,NA,NA,NA,NA,NA,NA,NA,NA,NA,NA,NA,NA,NA,NA,NA,NA,NA,NA,NA,NA,NA,NA,NA,NA,NA,NA,NA,NA,NA,NA,NA,NA,NA,NA,NA,NA,NA,NA,NA,NA,NA,NA,NA,NA,NA,NA,NA,NA,NA,NA,NA,NA,NA,NA,NA,NA,NA,NA,NA,NA,NA,NA,NA,NA,NA,NA,NA,NA,NA,NA,NA,NA,NA,NA,NA,NA,NA,NA,NA,NA,NA,NA,NA,NA,NA,NA,NA,NA,NA,NA,NA,NA,NA,NA,NA,NA,NA,NA,NA,NA,NA,NA,NA,NA,NA,NA,NA,NA,NA,NA,NA,NA,NA,NA,NA,NA,NA,NA,NA,NA,NA,NA,NA,NA,NA,NA,NA,NA,NA,NA,NA,NA,NA,NA,NA,NA,NA,NA,NA,NA,NA,NA,NA,NA,NA,NA,NA,NA,NA,NA,NA,NA,NA,NA,NA,NA,NA,NA,NA,NA,NA,NA,NA,NA,NA,NA,NA,NA,NA,NA,NA,NA,NA,NA,NA,NA,NA,NA,NA,NA,NA,NA,NA,NA,NA,NA,NA,NA,NA,NA,NA,NA,NA,NA,NA,NA,NA,NA,NA,NA,NA,NA,NA,NA,NA,NA,NA,NA,NA,NA,NA,NA,NA,NA,NA,NA,NA,NA,NA,NA,NA,NA,NA,NA,NA,NA,NA,NA,NA,NA,NA,NA,NA,NA,NA,NA,NA,NA,NA,NA,NA,NA,NA,NA,NA,NA,NA,NA,NA,NA,NA,NA,NA,NA,NA,NA,NA,NA,NA,NA,NA,NA,NA,NA,NA,NA,NA,NA,NA,NA,NA,NA,NA,NA,NA,NA,NA,NA,NA,NA,NA,NA,NA,NA,NA,NA,NA,NA,NA,NA,NA,NA,NA,NA,NA,NA,NA,NA,NA,NA,NA,NA,NA,NA,NA,NA,NA,NA,NA,291.474,NA,NA,NA,NA,NA,NA,NA,NA,NA,NA,NA,NA,NA,NA,NA,NA,NA,NA,NA,NA,NA,NA,NA,NA,NA,NA,NA,NA,NA,NA,NA,NA,NA,NA,NA,NA,NA,NA,NA,NA,NA,NA,NA,NA,NA,NA,NA,NA,NA,NA,NA,NA,NA,NA,NA,NA,NA,NA,NA,NA,NA,NA,NA,NA,NA,NA,NA,NA,NA,NA,NA
1986,NA,NA,NA,NA,NA,NA,NA,NA,NA,NA,NA,NA,NA,NA,NA,NA,NA,NA,NA,NA,NA,NA,NA,NA,NA,NA,NA,NA,NA,NA,NA,NA,NA,NA,NA,NA,NA,NA,NA,NA,NA,NA,NA,NA,NA,NA,NA,NA,NA,NA,NA,NA,NA,NA,NA,NA,NA,NA,NA,NA,NA,NA,NA,NA,NA,NA,NA,NA,NA,NA,NA,NA,NA,NA,NA,NA,NA,NA,NA,NA,NA,NA,NA,NA,NA,NA,NA,NA,NA,NA,NA,NA,NA,NA,NA,NA,NA,NA,NA,NA,NA,NA,NA,NA,NA,NA,NA,NA,NA,NA,NA,NA,NA,NA,NA,NA,NA,NA,NA,NA,NA,NA,NA,NA,NA,NA,NA,NA,NA,NA,NA,NA,NA,NA,NA,NA,NA,NA,NA,NA,NA,NA,NA,NA,NA,NA,NA,NA,NA,NA,NA,NA,NA,NA,NA,NA,NA,NA,NA,NA,NA,NA,NA,NA,NA,NA,NA,NA,NA,NA,NA,NA,NA,NA,NA,NA,NA,NA,NA,NA,NA,NA,NA,NA,NA,NA,NA,NA,NA,NA,NA,NA,NA,NA,NA,NA,NA,NA,NA,NA,NA,NA,NA,NA,NA,NA,NA,NA,NA,NA,NA,NA,NA,NA,NA,NA,NA,NA,NA,NA,NA,NA,NA,NA,NA,NA,NA,NA,NA,NA,NA,NA,NA,NA,NA,NA,NA,NA,NA,NA,NA,NA,NA,NA,NA,NA,NA,NA,NA,NA,NA,NA,NA,NA,NA,NA,NA,NA,NA,NA,NA,NA,NA,NA,NA,NA,NA,NA,NA,NA,NA,NA,NA,NA,NA,NA,NA,NA,NA,NA,NA,NA,NA,NA,NA,NA,NA,NA,NA,NA,NA,NA,NA,NA,NA,NA,NA,NA,NA,NA,NA,NA,NA,NA,NA,NA,NA,NA,NA,NA,NA,NA,NA,NA,NA,NA,NA,NA,NA,NA,NA,NA,NA,NA,NA,NA,NA,NA,NA,NA,NA,NA,NA,NA,NA,NA,NA,NA,NA,NA,NA,NA,NA,NA,NA,NA,NA,NA,NA,NA,NA,NA,NA,NA,NA,NA,NA,NA,NA,NA,NA,NA,NA,NA,NA,NA,NA,NA,NA,NA,NA,NA,NA,NA,NA,NA,NA,NA,NA,NA,NA,NA,NA,NA,NA,NA,NA,NA,NA,NA,NA,NA,NA,NA,NA,NA,NA,NA,NA,NA,NA,NA,NA,NA,NA,NA,NA,NA,NA,NA,NA,NA,NA,NA,NA,NA,NA,NA,NA,NA,NA,NA,NA,NA,NA,NA,NA,NA,NA,NA,NA,NA,NA,NA,NA,NA,NA,NA,NA,NA,NA,NA,NA,NA,NA,NA,NA,NA,NA,NA,NA,NA,NA,NA,NA,NA,NA,NA,NA,NA,NA,NA,NA,NA,NA,NA,NA,NA,NA,NA,NA,NA,NA,NA,NA,NA,NA,NA,NA,NA,NA,84.15,NA,NA,NA,NA,NA,NA,NA,NA,NA,NA,NA,NA,NA,NA,NA,NA,NA,NA,NA,NA,NA,NA,NA,NA,NA,NA,NA,NA,NA,NA,NA,NA,NA,NA,NA,NA,NA,NA,NA,NA,NA,NA,NA,NA,NA,NA,NA,NA,NA,NA,NA,NA,NA,NA,NA,NA,NA,NA,NA,NA,NA,NA,NA,NA,NA,NA,NA,NA,NA,NA,NA
1987,NA,NA,NA,NA,NA,NA,NA,NA,NA,NA,NA,NA,NA,NA,NA,NA,NA,NA,NA,NA,NA,NA,NA,NA,NA,NA,NA,NA,NA,NA,NA,NA,NA,NA,NA,NA,NA,NA,NA,NA,NA,NA,NA,NA,NA,NA,NA,NA,NA,NA,NA,NA,NA,NA,NA,NA,NA,NA,NA,NA,NA,NA,NA,NA,NA,NA,NA,NA,NA,NA,NA,NA,NA,NA,NA,NA,NA,NA,NA,NA,NA,NA,NA,NA,NA,NA,NA,NA,NA,NA,NA,NA,NA,NA,NA,NA,NA,NA,NA,NA,NA,NA,NA,NA,NA,NA,NA,NA,NA,NA,NA,NA,NA,NA,NA,NA,NA,NA,NA,NA,NA,NA,NA,NA,NA,NA,NA,NA,NA,NA,NA,NA,NA,NA,NA,NA,NA,NA,NA,NA,NA,NA,NA,NA,NA,NA,NA,NA,NA,NA,NA,NA,NA,NA,NA,NA,NA,NA,NA,NA,NA,NA,NA,NA,NA,NA,NA,NA,NA,NA,NA,NA,NA,NA,NA,NA,NA,NA,NA,NA,NA,NA,NA,NA,NA,NA,NA,NA,NA,NA,NA,NA,NA,NA,NA,NA,NA,NA,NA,NA,NA,NA,NA,NA,NA,NA,NA,NA,NA,NA,NA,NA,NA,NA,NA,NA,NA,NA,NA,NA,NA,NA,NA,NA,NA,NA,NA,NA,NA,NA,NA,NA,NA,NA,NA,NA,NA,NA,NA,NA,NA,NA,NA,NA,NA,NA,NA,NA,NA,NA,NA,NA,NA,NA,NA,NA,NA,NA,NA,NA,NA,NA,NA,NA,NA,NA,NA,NA,NA,NA,NA,NA,NA,NA,NA,NA,NA,NA,NA,NA,NA,NA,NA,NA,NA,NA,NA,NA,NA,NA,NA,NA,NA,NA,NA,NA,NA,NA,NA,NA,NA,NA,NA,NA,NA,NA,NA,NA,NA,NA,NA,NA,NA,NA,NA,NA,NA,NA,NA,NA,NA,NA,NA,NA,NA,NA,NA,NA,NA,NA,NA,NA,NA,NA,NA,NA,NA,NA,NA,NA,NA,NA,NA,NA,NA,NA,NA,NA,NA,NA,NA,NA,NA,NA,NA,NA,NA,NA,NA,NA,NA,NA,NA,NA,NA,NA,NA,NA,NA,NA,NA,NA,NA,NA,NA,NA,NA,NA,NA,NA,NA,NA,NA,NA,NA,NA,NA,NA,NA,NA,NA,NA,NA,NA,NA,NA,NA,NA,NA,NA,NA,NA,NA,NA,NA,NA,NA,NA,NA,NA,NA,NA,NA,NA,NA,NA,NA,NA,NA,NA,NA,NA,NA,NA,NA,NA,NA,NA,NA,NA,NA,NA,NA,NA,NA,NA,NA,NA,NA,NA,NA,NA,NA,NA,NA,NA,NA,NA,NA,NA,NA,NA,NA,NA,NA,NA,NA,NA,NA,213.188,NA,NA,NA,NA,NA,NA,NA,NA,NA,NA,NA,NA,NA,NA,NA,NA,NA,NA,NA,NA,NA,66.377,NA,NA,NA,NA,NA,NA,NA,NA,NA,NA,NA,NA,NA,NA,NA,NA,NA,NA,NA,209.152,NA,NA,NA,NA,NA,NA,NA,NA,NA,NA,NA,NA,NA,NA,NA,NA,NA,NA,NA,NA,NA,NA,NA,NA,NA,NA,NA,NA,NA,NA,NA,NA,NA,NA,NA,NA,NA,NA,NA,NA,NA,NA,NA,NA,NA,NA,NA,NA,NA,NA,NA
1988,NA,NA,NA,NA,NA,NA,NA,NA,NA,NA,NA,NA,NA,NA,NA,NA,NA,NA,NA,NA,NA,NA,NA,NA,NA,NA,NA,NA,NA,NA,NA,NA,NA,NA,NA,NA,NA,NA,NA,NA,NA,NA,NA,NA,NA,NA,NA,NA,NA,NA,NA,NA,NA,NA,NA,NA,NA,NA,NA,NA,NA,NA,NA,NA,NA,NA,NA,NA,NA,NA,NA,NA,NA,NA,NA,NA,NA,NA,NA,NA,NA,NA,NA,NA,NA,NA,NA,NA,NA,NA,NA,NA,NA,NA,NA,NA,NA,NA,NA,NA,NA,NA,NA,NA,NA,NA,NA,NA,NA,NA,NA,NA,NA,NA,NA,NA,NA,NA,NA,NA,NA,NA,NA,NA,NA,NA,NA,NA,NA,NA,NA,NA,NA,NA,NA,NA,NA,NA,NA,NA,NA,NA,NA,NA,NA,NA,NA,NA,NA,NA,NA,NA,NA,NA,NA,NA,NA,NA,NA,NA,NA,NA,NA,NA,NA,NA,NA,NA,NA,NA,NA,NA,NA,NA,NA,NA,NA,NA,NA,NA,NA,NA,NA,NA,NA,NA,NA,NA,NA,NA,NA,NA,NA,NA,NA,NA,NA,NA,NA,NA,NA,NA,NA,NA,NA,NA,NA,NA,NA,NA,NA,NA,NA,NA,NA,NA,NA,NA,NA,NA,NA,NA,NA,NA,NA,NA,NA,NA,NA,NA,NA,NA,NA,NA,NA,NA,NA,NA,NA,NA,NA,NA,NA,NA,NA,NA,NA,NA,NA,NA,NA,NA,NA,NA,NA,NA,NA,NA,NA,NA,NA,NA,NA,NA,NA,NA,NA,NA,NA,NA,NA,NA,NA,NA,NA,NA,NA,NA,NA,NA,NA,NA,NA,NA,NA,NA,NA,NA,NA,NA,NA,NA,NA,NA,NA,NA,NA,NA,NA,NA,NA,NA,NA,NA,NA,NA,NA,NA,NA,NA,NA,NA,NA,NA,NA,NA,NA,NA,NA,NA,NA,NA,NA,NA,NA,NA,NA,NA,NA,NA,NA,NA,NA,NA,NA,NA,NA,NA,NA,NA,NA,NA,NA,NA,NA,NA,NA,NA,NA,NA,NA,NA,NA,NA,NA,NA,NA,NA,NA,NA,NA,NA,NA,NA,NA,NA,NA,NA,NA,NA,NA,NA,NA,NA,NA,NA,NA,NA,NA,NA,NA,NA,NA,NA,NA,NA,NA,NA,NA,NA,NA,NA,NA,NA,NA,NA,NA,NA,NA,NA,NA,NA,NA,NA,NA,NA,NA,NA,NA,NA,NA,NA,NA,NA,NA,NA,NA,NA,NA,NA,NA,NA,NA,NA,NA,NA,NA,NA,NA,NA,NA,NA,NA,NA,NA,NA,NA,NA,NA,NA,NA,NA,NA,NA,NA,NA,NA,NA,NA,NA,NA,NA,NA,NA,NA,NA,NA,NA,NA,94.296,NA,NA,NA,NA,NA,NA,NA,NA,NA,NA,NA,NA,NA,NA,NA,NA,NA,NA,NA,NA,NA,58.655,NA,NA,NA,NA,NA,NA,NA,NA,NA,NA,NA,NA,NA,NA,NA,NA,NA,NA,NA,111.541,NA,NA,NA,NA,NA,NA,NA,NA,NA,NA,NA,NA,NA,NA,NA,NA,NA,NA,NA,NA,NA,NA,NA,NA,NA,NA,NA,NA,NA,NA,NA,NA,NA,NA,NA,NA,NA,NA,NA,NA,NA,NA,NA,NA,NA,NA,NA,NA,NA,NA,NA
1989,NA,NA,NA,NA,NA,NA,NA,NA,NA,NA,NA,NA,NA,NA,NA,NA,NA,NA,NA,NA,NA,NA,NA,NA,NA,NA,NA,NA,NA,NA,NA,NA,NA,NA,NA,NA,NA,NA,NA,NA,NA,NA,NA,NA,NA,NA,NA,NA,NA,NA,NA,NA,NA,NA,NA,NA,NA,NA,NA,NA,NA,NA,NA,NA,NA,NA,NA,NA,NA,NA,NA,NA,NA,NA,NA,NA,NA,NA,NA,NA,NA,NA,NA,NA,NA,NA,NA,NA,NA,NA,NA,NA,NA,NA,NA,NA,NA,NA,NA,NA,NA,NA,NA,NA,NA,NA,NA,NA,NA,NA,NA,NA,NA,NA,NA,NA,NA,NA,NA,NA,NA,NA,NA,NA,NA,NA,NA,NA,NA,NA,NA,NA,NA,NA,NA,NA,NA,NA,NA,NA,NA,NA,NA,NA,NA,NA,NA,NA,NA,NA,NA,NA,NA,NA,NA,NA,NA,NA,NA,NA,NA,NA,NA,NA,NA,NA,NA,NA,NA,NA,NA,NA,NA,NA,NA,NA,NA,NA,NA,NA,NA,NA,NA,NA,NA,NA,NA,NA,NA,NA,NA,NA,NA,NA,NA,NA,NA,NA,NA,NA,NA,NA,NA,NA,NA,NA,NA,NA,NA,NA,NA,NA,NA,NA,NA,NA,NA,NA,NA,NA,NA,NA,NA,NA,NA,NA,NA,NA,NA,NA,NA,NA,NA,NA,NA,NA,NA,NA,NA,NA,NA,NA,NA,NA,NA,NA,NA,NA,NA,NA,NA,NA,NA,NA,NA,NA,NA,NA,NA,NA,NA,NA,NA,NA,NA,NA,NA,NA,NA,NA,NA,NA,NA,NA,NA,NA,NA,NA,NA,NA,NA,NA,NA,NA,NA,NA,NA,NA,NA,NA,NA,NA,NA,NA,NA,NA,NA,NA,NA,NA,NA,NA,NA,NA,NA,NA,NA,NA,NA,NA,NA,NA,NA,NA,NA,NA,NA,NA,NA,NA,NA,NA,NA,NA,NA,NA,NA,NA,NA,NA,NA,NA,NA,NA,NA,NA,NA,NA,NA,NA,NA,NA,NA,NA,NA,NA,NA,NA,NA,NA,NA,NA,NA,NA,NA,NA,NA,NA,NA,NA,NA,NA,NA,NA,NA,NA,NA,NA,NA,NA,NA,NA,NA,NA,NA,NA,NA,NA,NA,NA,NA,NA,NA,NA,NA,NA,NA,NA,NA,NA,NA,NA,NA,NA,NA,NA,NA,NA,NA,NA,NA,NA,NA,NA,NA,NA,NA,NA,NA,NA,NA,NA,NA,NA,NA,NA,NA,NA,NA,NA,NA,NA,NA,NA,NA,NA,NA,NA,NA,NA,NA,NA,NA,NA,NA,NA,NA,NA,NA,NA,NA,191.651,NA,NA,NA,NA,NA,NA,NA,NA,167.078,NA,NA,NA,NA,NA,NA,NA,NA,80.157,NA,NA,NA,NA,NA,NA,NA,NA,NA,NA,NA,NA,NA,NA,NA,NA,NA,NA,NA,NA,NA,58.637,NA,NA,NA,NA,NA,NA,NA,NA,NA,175.978,NA,NA,NA,NA,NA,NA,NA,NA,NA,72.404,NA,NA,NA,NA,NA,217.109,NA,NA,NA,NA,NA,NA,NA,NA,NA,NA,NA,NA,NA,NA,NA,NA,NA,NA,228.552,NA,NA,NA,NA,NA,NA,NA,NA,NA,NA,NA,NA,NA,NA,NA,NA,NA,NA,NA,NA,NA,NA,NA,NA,NA,NA
1990,NA,NA,NA,NA,NA,NA,NA,NA,NA,NA,NA,NA,NA,NA,NA,NA,NA,NA,NA,NA,NA,NA,NA,NA,NA,NA,NA,NA,NA,NA,NA,NA,NA,NA,NA,NA,NA,NA,NA,NA,NA,NA,NA,NA,NA,NA,NA,NA,NA,NA,NA,NA,NA,NA,NA,NA,NA,NA,NA,NA,NA,NA,NA,NA,NA,NA,NA,NA,NA,NA,NA,NA,NA,NA,NA,NA,NA,NA,NA,NA,NA,NA,NA,NA,NA,NA,NA,NA,NA,NA,NA,NA,NA,NA,NA,NA,NA,NA,NA,NA,NA,NA,NA,NA,NA,NA,NA,NA,NA,NA,NA,NA,NA,NA,NA,NA,NA,NA,NA,NA,NA,NA,NA,NA,NA,NA,NA,NA,NA,NA,NA,NA,NA,NA,NA,NA,NA,NA,NA,NA,NA,NA,NA,NA,NA,NA,NA,NA,NA,NA,NA,NA,NA,NA,NA,NA,NA,NA,NA,NA,NA,NA,NA,NA,NA,NA,NA,NA,NA,NA,NA,NA,NA,NA,NA,NA,NA,NA,NA,NA,NA,NA,NA,NA,NA,NA,NA,NA,NA,NA,NA,NA,NA,NA,NA,NA,NA,NA,NA,NA,NA,NA,NA,NA,NA,NA,NA,NA,NA,NA,NA,NA,NA,NA,NA,NA,NA,NA,NA,NA,NA,NA,NA,NA,NA,NA,NA,NA,NA,NA,NA,NA,NA,NA,NA,NA,NA,NA,NA,NA,NA,NA,NA,NA,NA,NA,NA,NA,NA,NA,NA,NA,NA,NA,NA,NA,NA,NA,NA,NA,NA,NA,NA,NA,NA,NA,NA,NA,NA,NA,NA,NA,NA,NA,NA,NA,NA,NA,NA,NA,NA,NA,NA,NA,NA,NA,NA,NA,NA,NA,NA,NA,NA,NA,NA,NA,NA,NA,NA,NA,NA,NA,NA,NA,NA,NA,NA,NA,NA,NA,NA,NA,NA,NA,NA,NA,NA,NA,NA,NA,NA,NA,NA,NA,NA,NA,NA,NA,NA,NA,NA,NA,NA,NA,NA,NA,NA,NA,NA,NA,NA,NA,NA,NA,NA,NA,NA,NA,NA,NA,NA,NA,NA,NA,NA,NA,NA,NA,NA,NA,NA,NA,NA,NA,NA,NA,NA,NA,NA,NA,NA,NA,NA,NA,NA,NA,NA,NA,NA,NA,NA,NA,NA,NA,NA,NA,NA,NA,NA,NA,NA,NA,NA,NA,NA,NA,NA,NA,NA,NA,NA,NA,NA,NA,NA,NA,NA,NA,NA,NA,NA,NA,NA,NA,NA,NA,NA,NA,NA,NA,NA,NA,NA,NA,NA,NA,NA,NA,NA,NA,NA,NA,NA,NA,NA,NA,NA,NA,NA,NA,NA,100.371,NA,NA,NA,NA,NA,NA,NA,NA,78.772,NA,NA,NA,NA,NA,NA,NA,NA,76.858,NA,NA,NA,NA,NA,NA,NA,NA,NA,NA,NA,NA,NA,NA,NA,NA,NA,NA,NA,NA,NA,54.644,NA,NA,NA,NA,NA,NA,NA,NA,NA,93.866,NA,NA,NA,NA,NA,NA,NA,NA,NA,48.843,NA,NA,NA,NA,NA,107.618,NA,NA,NA,NA,NA,NA,NA,NA,NA,NA,NA,NA,NA,NA,NA,NA,NA,NA,87.971,NA,NA,NA,NA,NA,NA,NA,NA,NA,NA,NA,NA,NA,NA,NA,NA,NA,NA,NA,NA,NA,NA,NA,NA,NA,NA
1991,NA,NA,NA,NA,NA,NA,NA,NA,NA,NA,NA,NA,NA,NA,NA,NA,NA,NA,NA,NA,NA,NA,NA,NA,NA,NA,NA,NA,NA,NA,NA,NA,NA,NA,NA,NA,NA,NA,NA,NA,NA,NA,NA,NA,NA,NA,NA,NA,NA,NA,NA,NA,NA,NA,NA,NA,NA,NA,NA,NA,NA,NA,NA,NA,NA,NA,NA,NA,NA,NA,NA,NA,NA,NA,NA,NA,NA,NA,NA,NA,NA,NA,NA,NA,NA,NA,NA,NA,NA,NA,NA,NA,NA,NA,NA,NA,NA,NA,NA,NA,NA,NA,NA,NA,NA,NA,NA,NA,NA,NA,NA,NA,NA,NA,NA,NA,NA,NA,NA,NA,NA,NA,NA,NA,NA,NA,NA,NA,NA,NA,NA,NA,NA,NA,NA,NA,NA,NA,NA,NA,NA,NA,NA,NA,NA,NA,NA,NA,NA,NA,NA,NA,NA,NA,NA,NA,NA,NA,NA,NA,NA,NA,NA,NA,NA,NA,NA,NA,NA,NA,NA,NA,NA,NA,NA,NA,NA,NA,NA,NA,NA,NA,NA,NA,NA,NA,NA,NA,NA,NA,NA,NA,NA,NA,NA,NA,NA,NA,NA,NA,NA,NA,NA,NA,NA,NA,NA,NA,NA,NA,NA,NA,NA,NA,NA,NA,NA,NA,NA,NA,NA,NA,NA,NA,NA,NA,NA,NA,NA,NA,NA,NA,NA,NA,NA,NA,NA,NA,NA,NA,NA,NA,NA,NA,NA,NA,NA,NA,NA,NA,NA,NA,NA,NA,NA,NA,NA,NA,NA,NA,NA,NA,NA,NA,NA,NA,NA,NA,NA,NA,NA,NA,NA,NA,NA,NA,NA,NA,NA,NA,NA,NA,NA,NA,NA,NA,NA,NA,NA,NA,NA,NA,NA,NA,NA,NA,NA,NA,NA,NA,NA,NA,NA,NA,NA,NA,NA,NA,NA,NA,NA,NA,NA,NA,NA,NA,NA,NA,NA,NA,NA,NA,NA,NA,NA,NA,NA,NA,NA,NA,NA,NA,NA,NA,NA,NA,NA,NA,NA,NA,NA,NA,NA,NA,NA,NA,NA,NA,NA,NA,NA,NA,NA,NA,NA,NA,NA,NA,NA,NA,NA,NA,NA,NA,NA,NA,NA,NA,NA,NA,NA,NA,NA,NA,NA,NA,NA,NA,NA,NA,NA,NA,NA,NA,NA,NA,NA,NA,NA,NA,NA,NA,NA,NA,NA,NA,NA,NA,NA,NA,NA,NA,NA,NA,NA,NA,NA,NA,NA,NA,NA,NA,NA,NA,NA,NA,NA,NA,NA,NA,NA,NA,NA,NA,NA,NA,NA,NA,NA,NA,NA,NA,NA,NA,NA,NA,NA,NA,NA,NA,NA,69.442,NA,NA,NA,185.429,NA,NA,NA,NA,76.307,NA,NA,NA,NA,NA,NA,NA,NA,61.795,NA,NA,NA,NA,NA,NA,NA,NA,NA,NA,NA,NA,NA,NA,NA,NA,NA,NA,NA,NA,NA,54.707,NA,NA,NA,NA,NA,NA,NA,NA,NA,60.588,185.665,NA,NA,NA,NA,NA,NA,NA,NA,54.749,NA,NA,NA,NA,NA,84.112,NA,NA,NA,NA,NA,NA,NA,NA,NA,NA,NA,NA,NA,NA,NA,NA,NA,NA,82.155,NA,NA,NA,NA,NA,NA,NA,NA,NA,NA,NA,NA,NA,NA,NA,NA,NA,NA,NA,NA,NA,NA,NA,NA,NA,NA
1992,NA,NA,NA,NA,NA,NA,NA,NA,NA,NA,NA,NA,NA,NA,NA,NA,NA,NA,NA,NA,NA,NA,NA,NA,NA,NA,NA,NA,NA,NA,NA,NA,NA,NA,NA,NA,NA,NA,NA,NA,NA,NA,NA,NA,NA,NA,NA,NA,NA,NA,NA,NA,NA,NA,NA,NA,NA,NA,NA,NA,NA,NA,NA,NA,NA,NA,NA,NA,NA,NA,NA,NA,NA,NA,NA,NA,NA,NA,NA,NA,NA,NA,NA,NA,NA,NA,NA,NA,NA,NA,NA,NA,NA,NA,NA,NA,NA,NA,NA,NA,NA,NA,NA,NA,NA,NA,NA,NA,NA,NA,NA,NA,NA,NA,NA,NA,NA,NA,NA,NA,NA,NA,NA,NA,NA,NA,NA,NA,NA,NA,NA,NA,NA,NA,NA,NA,NA,NA,NA,NA,NA,NA,NA,NA,NA,NA,NA,NA,NA,NA,NA,NA,NA,NA,NA,NA,NA,NA,NA,NA,NA,NA,NA,NA,NA,NA,NA,NA,NA,NA,NA,NA,NA,NA,NA,NA,NA,NA,NA,NA,NA,NA,NA,NA,NA,NA,NA,NA,NA,NA,NA,NA,NA,NA,NA,NA,NA,NA,NA,NA,NA,NA,NA,NA,NA,NA,NA,NA,NA,NA,NA,NA,NA,NA,NA,NA,NA,NA,NA,NA,NA,NA,NA,NA,NA,NA,NA,NA,NA,NA,NA,NA,NA,NA,NA,NA,NA,NA,NA,NA,NA,NA,NA,NA,NA,NA,NA,NA,NA,NA,NA,NA,NA,NA,NA,NA,NA,NA,NA,NA,NA,NA,NA,NA,NA,NA,NA,NA,NA,NA,NA,NA,NA,NA,NA,NA,NA,NA,NA,NA,NA,NA,NA,NA,NA,NA,NA,NA,NA,NA,NA,NA,NA,NA,NA,NA,NA,NA,NA,NA,NA,NA,NA,NA,NA,NA,NA,NA,NA,NA,NA,NA,NA,NA,NA,NA,NA,NA,NA,NA,NA,NA,NA,NA,NA,NA,NA,NA,NA,NA,NA,NA,NA,NA,NA,NA,NA,NA,NA,NA,NA,NA,NA,NA,NA,NA,NA,NA,NA,NA,NA,NA,NA,NA,NA,NA,NA,NA,NA,NA,NA,NA,NA,NA,NA,NA,NA,NA,NA,NA,NA,NA,NA,NA,NA,NA,NA,NA,NA,NA,NA,NA,NA,NA,NA,NA,NA,NA,NA,NA,NA,NA,NA,NA,NA,NA,NA,NA,NA,NA,NA,NA,NA,NA,NA,NA,NA,NA,NA,NA,NA,NA,NA,NA,NA,NA,NA,NA,NA,NA,NA,NA,NA,NA,NA,NA,NA,NA,NA,NA,NA,NA,NA,NA,NA,NA,NA,NA,NA,NA,NA,61.372,NA,NA,NA,106.605,NA,NA,NA,NA,67.485,NA,NA,NA,NA,NA,NA,NA,199.375,61.61,NA,NA,NA,NA,NA,NA,NA,NA,NA,NA,NA,NA,NA,NA,NA,NA,NA,NA,NA,NA,NA,44.97,NA,NA,NA,217.108,NA,NA,NA,NA,181.784,48.91,72.253,NA,234.615,NA,NA,NA,NA,NA,NA,48.873,NA,NA,NA,NA,NA,84.061,NA,NA,NA,NA,NA,NA,NA,NA,NA,NA,197.652,186.427,NA,NA,NA,NA,NA,NA,58.499,NA,NA,NA,NA,NA,NA,NA,NA,NA,NA,NA,NA,NA,NA,NA,NA,NA,NA,NA,NA,NA,NA,NA,NA,NA,NA
1993,NA,NA,NA,NA,NA,NA,NA,NA,NA,NA,NA,NA,NA,NA,NA,NA,NA,NA,NA,NA,NA,NA,NA,NA,NA,NA,NA,NA,NA,NA,NA,NA,NA,NA,NA,NA,NA,NA,NA,NA,NA,NA,NA,NA,NA,NA,NA,NA,NA,NA,NA,NA,NA,NA,NA,NA,NA,NA,NA,NA,NA,NA,NA,NA,NA,NA,NA,NA,NA,NA,NA,NA,NA,NA,NA,NA,NA,NA,NA,NA,NA,NA,NA,NA,NA,NA,NA,NA,NA,NA,NA,NA,NA,NA,NA,NA,NA,NA,NA,NA,NA,NA,NA,NA,NA,NA,NA,NA,NA,NA,NA,NA,NA,NA,NA,NA,NA,NA,NA,NA,NA,NA,NA,NA,NA,NA,NA,NA,NA,NA,NA,NA,NA,NA,NA,NA,NA,NA,NA,NA,NA,NA,NA,NA,NA,NA,NA,NA,NA,NA,NA,NA,NA,NA,NA,NA,NA,NA,NA,NA,NA,NA,NA,NA,NA,NA,NA,NA,NA,NA,NA,NA,NA,NA,NA,NA,NA,NA,NA,NA,NA,NA,NA,NA,NA,NA,NA,NA,NA,NA,NA,NA,NA,NA,NA,NA,NA,NA,NA,NA,NA,NA,NA,NA,NA,NA,NA,NA,NA,NA,NA,NA,NA,NA,NA,NA,NA,NA,NA,NA,NA,NA,NA,NA,NA,NA,NA,NA,NA,NA,NA,NA,NA,NA,NA,NA,NA,NA,NA,NA,NA,NA,NA,NA,NA,NA,NA,NA,NA,NA,NA,NA,NA,NA,NA,NA,NA,NA,NA,NA,NA,NA,NA,NA,NA,NA,NA,NA,NA,NA,NA,NA,NA,NA,NA,NA,NA,NA,NA,NA,NA,NA,NA,NA,NA,NA,NA,NA,NA,NA,NA,NA,NA,NA,NA,NA,NA,NA,NA,NA,NA,NA,NA,NA,NA,NA,NA,NA,NA,NA,NA,NA,NA,NA,NA,NA,NA,NA,NA,NA,NA,NA,NA,NA,NA,NA,NA,NA,NA,NA,NA,NA,NA,NA,NA,NA,NA,NA,NA,NA,NA,NA,NA,NA,NA,NA,NA,NA,NA,NA,NA,NA,NA,NA,NA,NA,NA,NA,NA,NA,NA,NA,NA,NA,NA,NA,NA,NA,NA,NA,NA,NA,NA,NA,NA,NA,NA,NA,NA,NA,NA,NA,NA,NA,NA,NA,NA,NA,NA,NA,NA,NA,NA,NA,NA,NA,NA,NA,NA,NA,NA,NA,NA,NA,NA,NA,NA,NA,NA,NA,NA,NA,NA,NA,NA,NA,NA,NA,NA,NA,NA,NA,NA,NA,NA,NA,NA,NA,NA,NA,NA,NA,NA,NA,NA,NA,NA,NA,NA,NA,NA,53.333,NA,NA,NA,63.048,NA,NA,NA,NA,66.719,NA,206.834,NA,NA,NA,NA,NA,88.815,54.899,NA,230.099,NA,NA,NA,NA,NA,NA,NA,NA,NA,NA,NA,NA,NA,NA,NA,NA,NA,NA,NA,42.997,NA,NA,NA,80.401,NA,NA,NA,NA,84.087,54.866,78.398,NA,105.401,NA,154.481,NA,NA,NA,NA,58.61,NA,NA,NA,NA,NA,74.243,NA,NA,NA,NA,NA,NA,NA,NA,NA,NA,72.337,92.009,NA,NA,NA,NA,NA,NA,64.45,NA,NA,NA,NA,NA,NA,NA,NA,NA,NA,NA,NA,NA,NA,NA,NA,NA,NA,NA,NA,NA,NA,NA,NA,NA,NA
1994,NA,NA,NA,NA,NA,NA,NA,NA,NA,NA,NA,NA,NA,NA,NA,NA,NA,NA,NA,NA,NA,NA,NA,NA,NA,NA,NA,NA,NA,NA,NA,NA,NA,NA,NA,NA,NA,NA,NA,NA,NA,NA,NA,NA,NA,NA,NA,NA,NA,NA,NA,NA,NA,NA,NA,NA,NA,NA,NA,NA,NA,NA,NA,NA,NA,NA,NA,NA,NA,NA,NA,NA,NA,NA,NA,NA,NA,NA,NA,NA,NA,NA,NA,NA,NA,NA,NA,NA,NA,NA,NA,NA,NA,NA,NA,NA,NA,NA,NA,NA,NA,NA,NA,NA,NA,NA,NA,NA,NA,NA,NA,NA,NA,NA,NA,NA,NA,NA,NA,NA,NA,NA,NA,NA,NA,NA,NA,NA,NA,NA,NA,NA,NA,NA,NA,NA,NA,NA,NA,NA,NA,NA,NA,NA,NA,NA,NA,NA,NA,NA,NA,NA,NA,NA,NA,NA,NA,NA,NA,NA,NA,NA,NA,NA,NA,NA,NA,NA,NA,NA,NA,NA,NA,NA,NA,NA,NA,NA,NA,NA,NA,NA,NA,NA,NA,NA,NA,NA,NA,NA,NA,NA,NA,NA,NA,NA,NA,NA,NA,NA,NA,NA,NA,NA,NA,NA,NA,NA,NA,NA,NA,NA,NA,NA,NA,NA,NA,NA,NA,NA,NA,NA,NA,NA,NA,NA,NA,NA,NA,NA,NA,NA,NA,NA,NA,NA,NA,NA,NA,NA,NA,NA,NA,NA,NA,NA,NA,NA,NA,NA,NA,NA,NA,NA,NA,NA,NA,NA,NA,NA,NA,NA,NA,NA,NA,NA,NA,NA,NA,NA,NA,NA,NA,NA,NA,NA,NA,NA,NA,NA,NA,NA,NA,NA,NA,NA,NA,NA,NA,NA,NA,NA,NA,NA,NA,NA,NA,NA,NA,NA,NA,NA,NA,NA,NA,NA,NA,NA,NA,NA,NA,NA,NA,NA,NA,NA,NA,NA,NA,NA,NA,NA,NA,NA,NA,NA,NA,NA,NA,NA,NA,NA,NA,NA,NA,NA,NA,NA,NA,NA,NA,NA,NA,NA,NA,NA,NA,NA,NA,NA,NA,NA,NA,NA,NA,NA,NA,NA,NA,NA,NA,NA,NA,NA,NA,NA,NA,NA,NA,NA,NA,NA,NA,NA,NA,NA,NA,NA,NA,NA,NA,NA,NA,NA,NA,NA,NA,NA,NA,NA,NA,NA,NA,NA,NA,NA,NA,NA,NA,NA,NA,NA,NA,NA,NA,NA,NA,NA,NA,NA,NA,NA,NA,NA,NA,NA,NA,NA,NA,NA,NA,NA,NA,NA,NA,NA,NA,NA,NA,NA,NA,NA,NA,NA,NA,NA,NA,NA,NA,NA,NA,48.603,NA,NA,NA,51.285,NA,NA,NA,NA,58.867,NA,105.081,NA,NA,NA,NA,NA,82.105,42.486,NA,77.634,NA,NA,NA,NA,NA,NA,NA,NA,NA,NA,NA,NA,NA,NA,NA,NA,NA,NA,NA,43.01,207.265,NA,NA,48.95,NA,NA,NA,NA,80.278,54.769,72.339,NA,105.739,NA,84.13,NA,NA,NA,NA,54.849,NA,NA,NA,NA,NA,54.695,NA,NA,NA,NA,NA,NA,NA,209.325,NA,NA,58.758,48.797,NA,NA,NA,NA,NA,NA,82.109,NA,NA,NA,NA,NA,NA,NA,NA,NA,NA,NA,NA,NA,NA,NA,NA,NA,NA,NA,NA,NA,NA,NA,NA,NA,NA
1995,NA,NA,NA,NA,NA,NA,NA,NA,NA,NA,NA,NA,NA,NA,NA,NA,NA,NA,NA,NA,NA,NA,NA,NA,NA,NA,NA,NA,NA,NA,NA,NA,NA,NA,NA,NA,NA,NA,NA,NA,NA,NA,NA,NA,NA,NA,NA,NA,NA,NA,NA,NA,NA,NA,NA,NA,NA,NA,NA,NA,NA,NA,NA,NA,NA,NA,NA,NA,NA,NA,NA,NA,NA,NA,NA,NA,NA,NA,NA,NA,NA,NA,NA,NA,NA,NA,NA,NA,NA,NA,NA,NA,NA,NA,NA,NA,NA,NA,NA,NA,NA,NA,NA,NA,NA,NA,NA,NA,NA,NA,NA,NA,NA,NA,NA,NA,NA,NA,NA,NA,NA,NA,NA,NA,NA,NA,NA,NA,NA,NA,NA,NA,NA,NA,NA,NA,NA,NA,NA,NA,NA,NA,NA,NA,NA,NA,NA,NA,NA,NA,NA,NA,NA,NA,NA,NA,NA,NA,NA,NA,NA,NA,NA,NA,NA,NA,NA,NA,NA,NA,NA,NA,NA,NA,NA,NA,NA,NA,NA,NA,NA,NA,NA,NA,NA,NA,NA,NA,NA,NA,NA,NA,NA,NA,NA,NA,NA,NA,NA,NA,NA,NA,NA,NA,NA,NA,NA,NA,NA,NA,NA,NA,NA,NA,NA,NA,NA,NA,NA,NA,NA,NA,NA,NA,NA,NA,NA,NA,NA,NA,NA,NA,NA,NA,NA,NA,NA,NA,NA,NA,NA,NA,NA,NA,NA,NA,NA,NA,NA,NA,NA,NA,NA,NA,NA,NA,NA,NA,NA,NA,NA,NA,NA,NA,NA,NA,NA,NA,NA,NA,NA,NA,NA,NA,NA,NA,NA,NA,NA,NA,NA,NA,NA,NA,NA,NA,NA,NA,NA,NA,NA,NA,NA,NA,NA,NA,NA,NA,NA,NA,NA,NA,NA,NA,NA,NA,NA,NA,NA,NA,NA,NA,NA,NA,NA,NA,NA,NA,NA,NA,NA,NA,NA,NA,NA,NA,NA,NA,NA,NA,NA,NA,NA,NA,NA,NA,NA,NA,NA,NA,NA,NA,NA,NA,NA,NA,NA,NA,NA,NA,NA,NA,NA,NA,NA,NA,NA,NA,NA,NA,NA,NA,NA,NA,NA,NA,NA,NA,NA,NA,NA,NA,NA,NA,NA,NA,NA,NA,NA,NA,NA,NA,NA,NA,NA,NA,NA,NA,NA,NA,NA,NA,NA,NA,NA,NA,NA,NA,NA,NA,NA,NA,NA,NA,NA,NA,NA,NA,NA,NA,NA,NA,NA,NA,NA,NA,NA,NA,NA,NA,NA,NA,NA,NA,NA,NA,NA,NA,NA,NA,NA,NA,NA,NA,NA,NA,162.753,NA,NA,NA,NA,41.289,NA,NA,NA,52.907,164.228,NA,NA,NA,51.968,NA,72.495,NA,NA,NA,187.309,NA,62.581,42.139,NA,42.255,NA,NA,NA,NA,NA,NA,NA,NA,NA,NA,NA,NA,NA,NA,NA,NA,NA,NA,NA,40.975,80.236,NA,NA,58.746,183.956,NA,NA,220.952,54.668,47.053,74.163,NA,72.255,NA,64.354,NA,NA,NA,NA,37.123,NA,NA,168.148,NA,NA,54.67,NA,NA,NA,NA,NA,NA,NA,87.876,NA,NA,68.607,48.878,NA,NA,NA,200.383,173.999,277.851,66.378,NA,NA,NA,NA,NA,199.458,NA,NA,NA,NA,NA,NA,NA,203.473,NA,NA,NA,NA,NA,NA,NA,NA,NA,NA,NA,NA
1996,NA,NA,NA,NA,NA,NA,NA,NA,NA,NA,NA,NA,NA,NA,NA,NA,NA,NA,NA,NA,NA,NA,NA,NA,NA,NA,NA,NA,NA,NA,NA,NA,NA,NA,NA,NA,NA,NA,NA,NA,NA,NA,NA,NA,NA,NA,NA,NA,NA,NA,NA,NA,NA,NA,NA,NA,NA,NA,NA,NA,NA,NA,NA,NA,NA,NA,NA,NA,NA,NA,NA,NA,NA,NA,NA,NA,NA,NA,NA,NA,NA,NA,NA,NA,NA,NA,NA,NA,NA,NA,NA,NA,NA,NA,NA,NA,NA,NA,NA,NA,NA,NA,NA,NA,NA,NA,NA,NA,NA,NA,NA,NA,NA,NA,NA,NA,NA,NA,NA,NA,NA,NA,NA,NA,NA,NA,NA,NA,NA,NA,NA,NA,NA,NA,NA,NA,NA,NA,NA,NA,NA,NA,NA,NA,NA,NA,NA,NA,NA,NA,NA,NA,NA,NA,NA,NA,NA,NA,NA,NA,NA,NA,NA,NA,NA,NA,NA,NA,NA,NA,NA,NA,NA,NA,NA,NA,NA,NA,NA,NA,NA,NA,NA,NA,NA,NA,NA,NA,NA,NA,NA,NA,NA,NA,NA,NA,NA,NA,NA,NA,NA,NA,NA,NA,NA,NA,NA,NA,NA,NA,NA,NA,NA,NA,NA,NA,NA,NA,NA,NA,NA,NA,NA,NA,NA,NA,NA,NA,NA,NA,NA,NA,NA,NA,NA,NA,NA,NA,NA,NA,NA,NA,NA,NA,NA,NA,NA,NA,NA,NA,NA,NA,NA,NA,NA,NA,NA,NA,NA,NA,NA,NA,NA,NA,NA,NA,NA,NA,NA,NA,NA,NA,NA,NA,NA,NA,NA,NA,NA,NA,NA,NA,NA,NA,NA,NA,NA,NA,NA,NA,NA,NA,NA,NA,NA,NA,NA,NA,NA,NA,NA,NA,NA,NA,NA,NA,NA,NA,NA,NA,NA,NA,NA,NA,NA,NA,NA,NA,NA,NA,NA,NA,NA,NA,NA,NA,NA,NA,NA,NA,NA,NA,NA,NA,NA,NA,NA,NA,NA,NA,NA,NA,NA,NA,NA,NA,NA,NA,NA,NA,NA,NA,NA,NA,NA,NA,NA,NA,NA,NA,NA,NA,NA,NA,NA,NA,NA,NA,NA,NA,NA,NA,NA,NA,NA,NA,NA,NA,NA,NA,NA,NA,NA,NA,NA,NA,NA,NA,NA,NA,NA,NA,NA,NA,NA,NA,NA,NA,NA,NA,NA,NA,NA,NA,NA,NA,NA,NA,NA,NA,NA,NA,NA,NA,NA,NA,NA,NA,NA,NA,NA,NA,NA,NA,NA,NA,NA,NA,NA,NA,NA,NA,NA,NA,NA,NA,94.937,NA,NA,NA,NA,45.299,NA,NA,NA,56.648,121.308,NA,NA,NA,45.981,207.221,60.003,NA,NA,NA,91.061,NA,47.07,49.844,NA,38.451,NA,NA,NA,NA,NA,NA,NA,NA,NA,NA,NA,NA,NA,NA,NA,NA,NA,NA,NA,56.583,93.973,NA,NA,52.94,92.041,NA,NA,78.245,58.394,45.111,60.585,215.044,72.393,NA,82.088,NA,NA,NA,NA,44.941,NA,197.387,84.113,NA,NA,50.897,NA,NA,NA,NA,215.075,NA,NA,50.805,NA,173.96,49.101,54.78,NA,NA,NA,113.288,90.066,91.893,50.84,NA,NA,NA,NA,NA,107.622,NA,NA,NA,NA,NA,NA,NA,70.446,NA,NA,NA,NA,NA,NA,NA,NA,NA,NA,NA,NA
1997,NA,NA,NA,NA,NA,NA,NA,NA,NA,NA,NA,NA,NA,NA,NA,NA,NA,NA,NA,NA,NA,NA,NA,NA,NA,NA,NA,NA,NA,NA,NA,NA,NA,NA,NA,NA,NA,NA,NA,NA,NA,NA,NA,NA,NA,NA,NA,NA,NA,NA,NA,NA,NA,NA,NA,NA,NA,NA,NA,NA,NA,NA,NA,NA,NA,NA,NA,NA,NA,NA,NA,NA,NA,NA,NA,NA,NA,NA,NA,NA,NA,NA,NA,NA,NA,NA,NA,NA,NA,NA,NA,NA,NA,NA,NA,NA,NA,NA,NA,NA,NA,NA,NA,NA,NA,NA,NA,NA,NA,NA,NA,NA,NA,NA,NA,NA,NA,NA,NA,NA,NA,NA,NA,NA,NA,NA,NA,NA,NA,NA,NA,NA,NA,NA,NA,NA,NA,NA,NA,NA,NA,NA,NA,NA,NA,NA,NA,NA,NA,NA,NA,NA,NA,NA,NA,NA,NA,NA,NA,NA,NA,NA,NA,NA,NA,NA,NA,NA,NA,NA,NA,NA,NA,NA,NA,NA,NA,NA,NA,NA,NA,NA,NA,NA,NA,NA,NA,NA,NA,NA,NA,NA,NA,NA,NA,NA,NA,NA,NA,NA,NA,NA,NA,NA,NA,NA,NA,NA,NA,NA,NA,NA,NA,NA,NA,NA,NA,NA,NA,NA,NA,NA,NA,NA,NA,NA,NA,NA,NA,NA,NA,NA,NA,NA,NA,NA,NA,NA,NA,NA,NA,NA,NA,NA,NA,NA,NA,NA,NA,NA,NA,NA,NA,NA,NA,NA,NA,NA,NA,NA,NA,NA,NA,NA,NA,NA,NA,NA,NA,NA,NA,NA,NA,NA,NA,NA,NA,NA,NA,NA,NA,NA,NA,NA,NA,NA,NA,NA,NA,NA,NA,NA,NA,NA,NA,NA,NA,NA,NA,NA,NA,NA,NA,NA,NA,NA,NA,NA,NA,NA,NA,NA,NA,NA,NA,NA,NA,NA,NA,NA,NA,NA,NA,NA,NA,NA,NA,NA,NA,NA,NA,NA,NA,NA,NA,NA,NA,NA,NA,NA,NA,NA,NA,NA,NA,NA,NA,NA,NA,NA,NA,NA,NA,NA,NA,NA,NA,NA,NA,NA,NA,NA,NA,NA,NA,NA,NA,NA,NA,NA,NA,NA,NA,NA,NA,NA,NA,NA,NA,NA,NA,NA,NA,NA,NA,NA,NA,NA,NA,NA,NA,NA,NA,NA,NA,NA,NA,NA,NA,NA,NA,NA,NA,NA,NA,NA,NA,NA,NA,NA,NA,NA,NA,NA,NA,NA,NA,NA,NA,NA,NA,NA,NA,NA,NA,NA,NA,NA,NA,NA,NA,NA,NA,NA,NA,NA,61.69,NA,NA,NA,NA,63.14,NA,NA,NA,50.052,83.736,NA,NA,NA,43.471,91.527,74.271,NA,NA,NA,87.111,NA,54.182,42.505,NA,47.924,NA,NA,NA,NA,NA,NA,NA,NA,NA,NA,NA,NA,NA,NA,NA,NA,NA,NA,NA,64.433,91.871,NA,NA,50.863,58.849,NA,NA,54.656,49.006,52.714,64.513,90.083,70.393,166.281,52.788,NA,NA,NA,NA,43.055,195.484,82.134,56.764,NA,NA,41.016,NA,197.589,211.251,NA,86.113,NA,NA,58.54,NA,103.497,58.574,62.671,NA,203.346,NA,97.84,76.336,64.417,35.218,NA,NA,NA,NA,NA,92.1,173.922,NA,NA,NA,NA,NA,191.723,82.157,NA,NA,NA,NA,NA,NA,NA,NA,NA,NA,NA,NA
1998,NA,NA,NA,NA,NA,NA,NA,NA,NA,NA,NA,NA,NA,NA,NA,NA,NA,NA,NA,NA,NA,NA,NA,NA,NA,NA,NA,NA,NA,NA,NA,NA,NA,NA,NA,NA,NA,NA,NA,NA,NA,NA,NA,NA,NA,NA,NA,NA,NA,NA,NA,NA,NA,NA,NA,NA,NA,NA,NA,NA,NA,NA,NA,NA,NA,NA,NA,NA,NA,NA,NA,NA,NA,NA,NA,NA,NA,NA,NA,NA,NA,NA,NA,NA,NA,NA,NA,NA,NA,NA,NA,NA,NA,NA,NA,NA,NA,NA,NA,NA,NA,NA,NA,NA,NA,NA,NA,NA,NA,NA,NA,NA,NA,NA,NA,NA,NA,NA,NA,NA,NA,NA,NA,NA,NA,NA,NA,NA,NA,NA,NA,NA,NA,NA,NA,NA,NA,NA,NA,NA,NA,NA,NA,NA,NA,NA,NA,NA,NA,NA,NA,NA,NA,NA,NA,NA,NA,NA,NA,NA,NA,NA,NA,NA,NA,NA,NA,NA,NA,NA,NA,NA,NA,NA,NA,191.286,NA,NA,NA,NA,NA,NA,NA,NA,NA,NA,NA,NA,NA,NA,NA,NA,NA,NA,NA,NA,NA,NA,NA,NA,NA,NA,NA,NA,NA,NA,NA,NA,NA,NA,NA,NA,NA,NA,NA,NA,NA,NA,NA,NA,NA,NA,NA,NA,NA,NA,NA,NA,NA,NA,NA,NA,NA,NA,NA,NA,NA,NA,NA,NA,NA,NA,NA,NA,NA,NA,NA,NA,NA,NA,NA,NA,NA,NA,NA,NA,NA,NA,NA,NA,NA,NA,NA,NA,NA,NA,NA,NA,NA,NA,NA,NA,NA,NA,NA,NA,NA,NA,NA,NA,NA,NA,NA,NA,NA,NA,NA,NA,NA,NA,NA,NA,NA,NA,NA,NA,NA,NA,NA,NA,NA,NA,NA,NA,NA,NA,NA,NA,NA,NA,NA,NA,NA,NA,NA,NA,NA,NA,NA,NA,NA,NA,NA,NA,NA,NA,NA,NA,NA,NA,NA,NA,NA,NA,NA,NA,NA,NA,NA,NA,NA,NA,NA,NA,NA,NA,NA,NA,NA,NA,NA,NA,NA,NA,NA,NA,NA,NA,NA,NA,NA,NA,NA,NA,NA,NA,NA,NA,NA,NA,NA,NA,NA,NA,NA,NA,NA,NA,NA,NA,NA,NA,NA,NA,NA,NA,NA,NA,NA,NA,NA,NA,NA,NA,NA,NA,NA,NA,NA,NA,NA,NA,NA,NA,NA,NA,NA,NA,NA,NA,NA,NA,NA,NA,NA,NA,NA,NA,NA,NA,NA,NA,NA,NA,NA,NA,NA,NA,NA,NA,NA,NA,NA,NA,NA,NA,56.34,NA,NA,NA,NA,67.774,NA,NA,NA,47.178,58.965,NA,NA,NA,45.299,76.884,54.895,NA,NA,NA,64.982,NA,40.385,37.048,NA,47.727,NA,NA,NA,NA,NA,NA,NA,NA,NA,NA,NA,NA,NA,NA,NA,NA,NA,NA,NA,50.832,68.416,NA,NA,49.045,50.881,NA,NA,58.645,54.738,52.769,50.876,82.162,56.727,70.398,58.552,NA,NA,191.748,NA,50.789,105.622,70.375,50.899,NA,NA,37.308,197.611,89.986,78.195,NA,84.259,NA,178.061,56.629,NA,84.143,64.428,41.049,181.885,86.187,NA,68.231,60.632,52.842,38.986,NA,NA,NA,NA,NA,50.915,95.9,NA,NA,NA,NA,162.251,91.903,70.436,NA,NA,NA,NA,NA,NA,NA,NA,NA,NA,NA,NA
1999,NA,NA,NA,NA,NA,NA,NA,NA,NA,NA,NA,NA,NA,NA,NA,NA,NA,NA,NA,NA,NA,NA,NA,NA,NA,NA,NA,NA,NA,NA,NA,NA,NA,NA,NA,NA,NA,NA,NA,NA,NA,NA,NA,NA,NA,NA,NA,NA,NA,NA,NA,NA,NA,NA,NA,NA,NA,NA,NA,NA,NA,NA,NA,NA,NA,NA,NA,NA,NA,NA,NA,NA,NA,NA,NA,NA,NA,NA,NA,NA,NA,NA,NA,NA,NA,NA,NA,NA,NA,NA,NA,NA,NA,NA,NA,NA,NA,NA,NA,NA,NA,NA,NA,NA,NA,NA,NA,NA,NA,NA,NA,NA,NA,NA,NA,NA,NA,NA,NA,NA,NA,NA,NA,NA,NA,NA,NA,NA,NA,NA,NA,NA,NA,NA,NA,NA,NA,NA,NA,NA,NA,NA,NA,NA,NA,NA,NA,NA,NA,NA,NA,NA,NA,NA,NA,NA,NA,NA,NA,NA,NA,NA,NA,NA,NA,NA,NA,NA,NA,NA,NA,NA,NA,NA,NA,98.366,NA,NA,NA,NA,NA,NA,NA,NA,NA,NA,NA,NA,NA,NA,NA,NA,NA,NA,NA,NA,NA,NA,NA,NA,NA,NA,NA,NA,NA,NA,NA,NA,NA,NA,NA,NA,NA,NA,NA,NA,NA,NA,NA,NA,NA,NA,NA,NA,NA,NA,NA,NA,NA,NA,NA,NA,NA,NA,NA,NA,NA,NA,NA,NA,NA,NA,NA,NA,NA,NA,NA,NA,NA,NA,NA,NA,NA,NA,NA,NA,NA,NA,NA,NA,NA,NA,NA,NA,NA,NA,NA,NA,NA,NA,NA,NA,NA,NA,NA,NA,NA,NA,NA,NA,NA,NA,NA,NA,NA,NA,NA,NA,NA,NA,NA,NA,NA,NA,NA,NA,NA,NA,NA,NA,NA,NA,NA,NA,NA,NA,NA,NA,NA,NA,NA,NA,NA,NA,NA,NA,NA,NA,NA,NA,NA,NA,NA,NA,NA,NA,NA,NA,NA,NA,NA,NA,NA,NA,NA,NA,NA,NA,NA,NA,NA,NA,NA,NA,NA,NA,NA,NA,NA,NA,NA,NA,NA,NA,NA,NA,NA,NA,NA,NA,NA,NA,NA,NA,NA,NA,NA,NA,NA,NA,NA,NA,NA,NA,NA,NA,NA,NA,NA,NA,NA,NA,NA,NA,NA,NA,NA,NA,NA,NA,NA,NA,NA,NA,NA,NA,NA,NA,NA,NA,NA,NA,NA,NA,NA,NA,NA,NA,NA,NA,NA,NA,NA,NA,NA,NA,NA,NA,NA,NA,NA,NA,NA,NA,NA,NA,NA,NA,NA,NA,NA,NA,NA,NA,NA,NA,54.809,NA,NA,NA,NA,58.373,179.221,167.977,NA,50.67,44.541,NA,NA,NA,46.232,63.334,52.784,NA,169.914,NA,68.616,NA,34.981,37.917,177.255,41.074,NA,NA,194.117,NA,NA,NA,NA,NA,NA,NA,NA,NA,NA,NA,NA,NA,NA,NA,NA,48.787,54.846,195.352,187.863,44.988,56.706,195.413,NA,60.611,70.252,43.033,56.59,64.443,62.646,66.468,56.699,179.711,NA,72.31,NA,54.732,66.387,54.822,58.647,NA,NA,33.37,95.685,72.334,56.881,201.478,66.34,NA,89.977,60.664,NA,74.204,46.935,58.683,123.207,68.544,NA,62.512,58.606,54.619,40.913,NA,NA,NA,NA,NA,52.83,68.491,NA,258.027,NA,NA,91.923,72.22,62.6,NA,NA,NA,NA,NA,NA,NA,NA,NA,NA,NA,NA
2000,NA,NA,NA,NA,NA,NA,NA,NA,NA,NA,NA,NA,NA,NA,NA,NA,NA,NA,NA,NA,NA,NA,NA,NA,NA,NA,NA,NA,NA,NA,NA,NA,NA,NA,NA,NA,NA,NA,NA,NA,NA,NA,NA,NA,NA,NA,NA,NA,NA,NA,NA,NA,NA,NA,NA,NA,NA,NA,NA,NA,NA,NA,NA,NA,NA,NA,NA,NA,NA,NA,NA,NA,NA,NA,NA,NA,NA,NA,NA,NA,NA,NA,NA,NA,NA,NA,NA,NA,NA,NA,NA,NA,NA,NA,NA,NA,NA,NA,NA,NA,NA,NA,NA,NA,NA,NA,NA,NA,NA,NA,NA,NA,NA,NA,NA,NA,NA,NA,NA,NA,NA,NA,NA,NA,NA,NA,NA,NA,NA,NA,NA,NA,NA,NA,NA,NA,NA,NA,NA,NA,NA,NA,NA,NA,NA,NA,NA,NA,NA,NA,NA,NA,NA,NA,NA,NA,NA,NA,NA,NA,NA,NA,NA,NA,NA,NA,NA,NA,NA,NA,NA,NA,NA,NA,NA,60.17,NA,NA,NA,NA,NA,NA,NA,NA,NA,NA,NA,NA,NA,NA,NA,NA,NA,NA,NA,NA,NA,NA,NA,NA,NA,NA,NA,NA,NA,NA,NA,NA,NA,NA,NA,NA,NA,NA,NA,NA,NA,NA,NA,NA,NA,NA,NA,NA,NA,NA,NA,158.484,NA,NA,NA,NA,NA,NA,NA,NA,NA,NA,NA,NA,NA,NA,NA,NA,NA,NA,NA,NA,NA,NA,NA,NA,NA,NA,NA,NA,NA,NA,NA,NA,NA,NA,NA,NA,NA,NA,NA,NA,NA,NA,NA,NA,NA,NA,NA,NA,NA,NA,NA,NA,NA,NA,NA,NA,NA,NA,NA,NA,NA,NA,NA,NA,NA,NA,NA,NA,NA,NA,NA,NA,NA,NA,NA,NA,NA,NA,NA,NA,NA,NA,NA,NA,NA,NA,NA,NA,NA,NA,NA,NA,NA,NA,NA,NA,NA,NA,NA,NA,NA,NA,NA,NA,NA,NA,NA,NA,NA,NA,NA,NA,NA,NA,207.969,NA,NA,NA,NA,NA,NA,NA,NA,NA,NA,NA,NA,NA,NA,NA,NA,NA,NA,NA,NA,NA,NA,NA,NA,NA,NA,NA,NA,NA,NA,NA,NA,NA,NA,NA,NA,NA,NA,NA,NA,NA,NA,NA,NA,NA,NA,NA,NA,NA,NA,NA,NA,NA,NA,NA,NA,NA,NA,NA,NA,NA,NA,NA,NA,NA,NA,NA,NA,NA,NA,NA,NA,NA,NA,NA,NA,NA,NA,NA,NA,NA,NA,NA,NA,NA,NA,NA,NA,NA,NA,NA,NA,NA,54.809,NA,NA,NA,NA,30.68,75.227,91.703,NA,52.962,44.59,NA,NA,146.322,49.103,54.045,60.851,176.961,91.028,197.115,54.272,NA,27.042,44.224,89.342,35.718,225.632,NA,101.164,NA,NA,NA,NA,NA,207.801,NA,NA,NA,NA,NA,NA,NA,NA,NA,203.812,54.744,52.694,87.874,68.427,36.957,56.68,111.408,NA,58.708,78.13,41.27,51.038,80.234,50.95,56.833,43.127,95.92,NA,72.441,187.554,50.798,66.598,58.592,46.901,NA,NA,29.336,58.62,64.695,58.848,97.814,56.627,187.795,80.044,52.702,NA,60.597,39.13,50.809,113.557,74.408,NA,58.86,64.598,50.83,41.024,NA,201.304,NA,209.07,203.898,54.807,48.949,246.366,82.114,NA,226.793,64.538,68.406,58.715,NA,NA,NA,NA,NA,NA,NA,NA,NA,NA,NA,NA
2001,NA,NA,NA,NA,NA,NA,NA,NA,NA,NA,NA,NA,NA,NA,NA,NA,NA,NA,NA,NA,NA,NA,NA,NA,NA,NA,NA,NA,NA,NA,NA,NA,NA,NA,NA,NA,NA,NA,NA,NA,NA,NA,NA,NA,NA,NA,NA,NA,NA,NA,NA,NA,NA,NA,NA,NA,NA,NA,NA,NA,NA,NA,NA,NA,NA,NA,NA,NA,NA,NA,NA,NA,NA,NA,NA,NA,NA,NA,NA,NA,NA,167.459,NA,NA,NA,NA,NA,NA,NA,NA,NA,NA,NA,NA,NA,NA,NA,NA,NA,NA,NA,NA,NA,NA,NA,NA,NA,NA,NA,NA,NA,NA,NA,NA,NA,NA,NA,NA,NA,NA,NA,NA,NA,NA,NA,NA,NA,NA,NA,NA,NA,NA,NA,NA,NA,NA,NA,NA,NA,NA,NA,NA,NA,NA,NA,NA,NA,NA,NA,NA,NA,NA,NA,NA,NA,NA,NA,NA,NA,NA,NA,NA,NA,NA,NA,NA,NA,NA,NA,NA,NA,NA,NA,NA,NA,49.08,NA,NA,NA,NA,NA,NA,NA,NA,NA,NA,NA,NA,NA,NA,NA,NA,NA,NA,NA,NA,NA,NA,NA,NA,NA,NA,NA,NA,NA,NA,NA,NA,NA,NA,NA,NA,NA,NA,NA,NA,NA,NA,NA,NA,NA,NA,NA,NA,NA,NA,NA,82.018,NA,NA,NA,NA,NA,NA,NA,NA,NA,NA,NA,NA,196.874,NA,NA,NA,NA,NA,NA,NA,NA,NA,NA,NA,NA,NA,NA,205.827,NA,NA,NA,NA,NA,NA,NA,NA,NA,NA,NA,NA,NA,NA,NA,NA,NA,NA,NA,NA,NA,NA,NA,NA,NA,NA,NA,NA,NA,NA,NA,NA,NA,NA,NA,NA,NA,NA,NA,NA,NA,NA,NA,NA,NA,NA,NA,NA,NA,NA,NA,NA,NA,NA,NA,NA,NA,NA,NA,NA,NA,NA,NA,NA,NA,NA,NA,NA,NA,NA,NA,NA,NA,NA,NA,NA,NA,NA,172.414,NA,NA,NA,NA,NA,NA,NA,73.944,NA,NA,NA,NA,NA,NA,NA,NA,NA,NA,NA,NA,NA,NA,NA,NA,NA,NA,NA,NA,NA,NA,NA,NA,NA,NA,NA,NA,NA,NA,NA,NA,NA,NA,NA,NA,NA,NA,NA,NA,NA,NA,NA,NA,NA,NA,NA,NA,NA,NA,NA,NA,NA,NA,NA,NA,NA,NA,NA,NA,NA,NA,NA,NA,NA,NA,NA,NA,NA,NA,NA,NA,NA,NA,NA,NA,NA,NA,NA,NA,NA,NA,NA,NA,NA,NA,NA,NA,NA,NA,NA,NA,NA,49.925,NA,192.753,203.668,219.66,39.711,61.478,70.766,NA,56.878,39.784,201.973,156.872,90.9,36.836,48.673,56.507,126.124,71.971,96.228,63.722,183.832,29.721,39.803,93.778,32.042,116.212,NA,64.661,NA,NA,NA,NA,NA,94.335,NA,NA,NA,NA,NA,NA,NA,NA,NA,111.818,42.797,48.818,78.086,64.53,35.183,48.864,66.481,181.866,52.801,66.542,39.268,43.039,76.218,41.097,54.714,44.892,62.612,191.705,88.097,91.776,41.042,58.649,52.718,42.91,160.452,NA,29.399,56.754,58.768,52.969,66.373,48.931,89.95,78.197,54.631,246.488,45.011,42.937,46.904,82.048,62.656,239.364,54.698,54.814,47.004,29.208,218.624,105.023,211.928,90.01,88.431,47.094,48.995,92.028,68.384,171.638,93.979,44.929,62.753,50.895,NA,NA,NA,NA,NA,NA,NA,NA,NA,NA,NA,NA
2002,NA,NA,NA,NA,NA,NA,NA,NA,NA,NA,NA,NA,NA,NA,NA,NA,NA,NA,NA,NA,NA,NA,NA,NA,NA,NA,NA,NA,NA,NA,NA,NA,NA,NA,NA,NA,NA,NA,NA,NA,233.239,NA,NA,NA,NA,NA,NA,NA,NA,NA,NA,NA,NA,NA,NA,NA,NA,NA,NA,NA,NA,NA,NA,NA,NA,NA,NA,NA,NA,NA,NA,NA,NA,NA,NA,NA,NA,NA,NA,NA,NA,68.262,NA,NA,NA,NA,NA,NA,NA,NA,NA,NA,NA,NA,NA,NA,NA,NA,NA,NA,NA,NA,NA,NA,NA,NA,NA,NA,NA,NA,NA,NA,NA,NA,NA,NA,NA,NA,NA,NA,NA,NA,NA,NA,NA,NA,NA,NA,NA,NA,NA,NA,NA,NA,NA,NA,NA,NA,NA,NA,NA,NA,NA,NA,NA,NA,NA,NA,NA,NA,NA,NA,NA,NA,NA,NA,NA,NA,NA,NA,NA,NA,NA,NA,NA,NA,NA,NA,NA,NA,NA,NA,NA,NA,NA,81.914,NA,NA,NA,NA,NA,NA,NA,NA,NA,NA,NA,NA,NA,NA,NA,NA,NA,NA,NA,NA,NA,NA,NA,207.713,NA,NA,NA,NA,NA,NA,NA,NA,NA,NA,NA,NA,NA,NA,NA,NA,NA,NA,NA,NA,NA,NA,NA,NA,NA,NA,NA,81.971,NA,188.49,NA,210.326,NA,NA,NA,NA,NA,NA,NA,NA,117.558,NA,NA,NA,NA,NA,NA,NA,NA,NA,NA,NA,NA,NA,NA,131.667,NA,NA,NA,NA,NA,NA,NA,NA,NA,NA,NA,NA,NA,NA,NA,NA,NA,NA,NA,NA,NA,NA,NA,NA,NA,NA,NA,NA,NA,NA,NA,NA,NA,NA,NA,NA,NA,NA,NA,NA,NA,NA,NA,NA,NA,NA,NA,NA,NA,NA,NA,NA,NA,NA,NA,NA,NA,NA,NA,NA,NA,NA,NA,NA,NA,NA,NA,NA,NA,NA,NA,NA,NA,NA,NA,NA,NA,NA,79.496,NA,NA,NA,NA,NA,NA,NA,93.005,NA,NA,NA,NA,NA,NA,NA,182.992,NA,NA,NA,NA,215.774,NA,NA,NA,NA,NA,NA,204.943,NA,NA,NA,NA,NA,NA,NA,NA,NA,NA,NA,NA,NA,NA,NA,NA,NA,NA,NA,NA,NA,NA,NA,NA,NA,NA,NA,NA,NA,NA,NA,NA,NA,NA,NA,NA,NA,NA,NA,NA,NA,NA,NA,NA,NA,NA,NA,NA,NA,NA,NA,NA,NA,NA,NA,NA,NA,NA,NA,NA,NA,NA,NA,NA,NA,NA,NA,NA,NA,NA,NA,NA,NA,44.071,199.139,103.888,104.555,92.103,53.167,68.603,63.28,171.509,44.59,42.392,123.332,99.13,63.506,40.056,46.295,56.405,88.503,77.325,80.117,57.586,92.566,33.043,42.428,61.36,39.729,77.175,198.26,50.556,NA,NA,NA,NA,NA,64.628,NA,NA,NA,NA,NA,NA,190.114,NA,NA,58.759,52.69,37.17,58.427,54.857,29.426,41.126,52.768,92.113,47.086,58.511,47.04,46.951,68.503,43.016,56.64,43.094,50.781,101.846,80.138,80.341,46.768,60.682,45.141,37.079,93.942,191.679,33.384,56.666,45.053,NA,NA,NA,NA,NA,NA,NA,NA,NA,NA,NA,NA,NA,NA,NA,NA,NA,NA,NA,NA,NA,NA,NA,NA,NA,NA,NA,NA,NA,NA,NA,NA,NA,NA,NA,NA,NA,255.231,NA,NA,NA,NA,NA
2003,NA,NA,NA,NA,NA,NA,NA,NA,NA,NA,NA,NA,NA,NA,NA,NA,NA,NA,NA,NA,NA,NA,NA,NA,NA,NA,NA,NA,NA,NA,NA,NA,NA,NA,NA,NA,NA,NA,NA,NA,126.057,NA,NA,NA,NA,NA,NA,NA,NA,NA,NA,NA,NA,NA,NA,NA,NA,NA,NA,NA,NA,NA,NA,NA,NA,NA,NA,231.443,NA,NA,NA,NA,NA,NA,NA,NA,NA,NA,NA,NA,NA,66.142,NA,NA,NA,NA,NA,NA,NA,NA,NA,NA,NA,NA,NA,NA,NA,NA,NA,NA,NA,NA,NA,NA,NA,NA,NA,NA,NA,NA,NA,NA,NA,NA,NA,NA,NA,NA,NA,NA,NA,NA,NA,NA,NA,NA,NA,NA,NA,NA,NA,NA,NA,NA,NA,NA,NA,NA,NA,NA,NA,NA,NA,142.168,NA,NA,NA,NA,NA,NA,NA,NA,NA,NA,NA,NA,NA,NA,NA,NA,NA,NA,NA,NA,NA,NA,NA,NA,NA,NA,NA,NA,NA,NA,NA,73.826,NA,NA,NA,NA,NA,NA,NA,NA,NA,NA,NA,NA,NA,NA,NA,NA,NA,NA,NA,NA,NA,NA,NA,103.788,NA,NA,NA,NA,NA,NA,NA,NA,NA,NA,NA,NA,NA,NA,NA,NA,NA,NA,NA,NA,NA,NA,NA,215.781,NA,NA,NA,57.453,NA,76.533,NA,117.577,NA,NA,NA,NA,NA,NA,NA,NA,115.131,NA,NA,NA,NA,NA,NA,NA,NA,NA,NA,NA,NA,NA,NA,68.54,NA,NA,NA,NA,NA,NA,181.135,NA,NA,178.342,NA,NA,NA,NA,NA,NA,NA,NA,NA,NA,NA,NA,NA,NA,NA,NA,NA,NA,NA,210.605,NA,NA,NA,NA,NA,NA,NA,NA,NA,NA,NA,NA,NA,NA,NA,NA,NA,NA,NA,NA,NA,NA,NA,NA,NA,NA,213.613,NA,NA,NA,NA,NA,NA,NA,NA,NA,NA,NA,NA,NA,NA,NA,NA,NA,NA,NA,NA,NA,57.507,NA,NA,NA,NA,NA,NA,NA,84.9,NA,NA,NA,NA,180.355,NA,NA,73.632,235.068,NA,NA,NA,117.483,NA,NA,NA,NA,232.245,NA,101.214,NA,NA,NA,NA,NA,NA,NA,NA,NA,NA,NA,NA,NA,NA,NA,NA,NA,NA,NA,NA,NA,NA,NA,NA,NA,NA,NA,NA,NA,NA,NA,NA,NA,NA,NA,NA,NA,NA,NA,NA,NA,NA,NA,NA,NA,NA,NA,NA,NA,NA,NA,NA,NA,NA,NA,NA,NA,NA,NA,NA,NA,NA,NA,NA,NA,NA,NA,NA,NA,NA,NA,NA,NA,NA,105.568,70.784,58.087,78.45,62.621,62.621,50.831,121.154,53.167,34.459,95.135,76.761,62.99,40.056,45.87,68.423,68.253,55.941,75.403,65.127,63.311,43.605,41.555,59.002,36.381,62.32,94.967,31.656,NA,NA,NA,NA,NA,70.479,NA,NA,NA,NA,NA,NA,82.175,NA,NA,56.936,NA,NA,NA,NA,NA,NA,NA,NA,NA,NA,NA,NA,NA,NA,NA,NA,NA,NA,NA,NA,NA,NA,NA,NA,NA,NA,NA,NA,NA,NA,NA,NA,NA,NA,NA,NA,NA,NA,NA,NA,NA,NA,NA,NA,NA,NA,NA,NA,NA,NA,NA,NA,NA,NA,NA,NA,NA,NA,NA,NA,NA,NA,NA,NA,NA,NA,108.702,NA,NA,NA,NA,NA
2004,NA,NA,NA,NA,NA,NA,NA,NA,NA,NA,NA,NA,NA,NA,NA,NA,NA,NA,NA,NA,NA,NA,NA,NA,NA,NA,NA,NA,NA,NA,NA,NA,NA,NA,NA,NA,NA,NA,NA,NA,96.396,NA,NA,NA,NA,NA,NA,NA,NA,NA,NA,NA,NA,NA,NA,NA,NA,NA,NA,NA,NA,NA,NA,NA,NA,NA,NA,64.386,NA,161.808,NA,NA,NA,NA,NA,NA,NA,NA,NA,NA,NA,54.579,NA,NA,NA,NA,NA,NA,NA,NA,NA,NA,NA,NA,NA,NA,NA,NA,NA,NA,NA,NA,NA,NA,NA,NA,NA,NA,NA,NA,NA,NA,NA,NA,NA,NA,NA,NA,NA,NA,NA,NA,NA,NA,NA,NA,NA,NA,NA,NA,NA,NA,NA,NA,NA,NA,NA,NA,NA,NA,NA,NA,NA,79.21,NA,NA,NA,NA,NA,NA,NA,NA,NA,NA,NA,166.844,NA,NA,NA,NA,NA,NA,NA,NA,NA,NA,NA,NA,NA,NA,NA,NA,NA,NA,NA,57.427,NA,NA,NA,NA,NA,NA,NA,NA,NA,NA,NA,NA,NA,NA,NA,NA,NA,NA,NA,NA,NA,NA,NA,71.259,NA,NA,NA,NA,NA,NA,NA,NA,NA,NA,NA,NA,NA,NA,NA,NA,NA,NA,NA,NA,150.332,NA,NA,125.503,NA,NA,NA,57.478,NA,65.425,NA,68.222,NA,NA,NA,NA,NA,NA,NA,156.023,79.427,NA,NA,NA,235.749,NA,NA,NA,NA,NA,NA,NA,159.232,194.708,184.123,49.357,NA,NA,NA,NA,NA,NA,82.32,NA,NA,126.226,145.353,NA,NA,NA,NA,NA,NA,NA,NA,NA,NA,NA,NA,NA,NA,NA,NA,NA,NA,84.773,NA,NA,NA,NA,NA,NA,NA,NA,NA,NA,NA,NA,NA,NA,NA,NA,NA,NA,NA,NA,NA,NA,NA,NA,NA,NA,93.078,NA,NA,213.586,NA,NA,NA,NA,NA,NA,NA,NA,NA,NA,NA,NA,NA,NA,NA,NA,NA,185.972,49.316,207.84,NA,NA,NA,NA,232.695,NA,82.116,NA,NA,NA,NA,71.087,NA,NA,98.399,76.457,NA,NA,NA,68.39,NA,NA,NA,NA,82.258,NA,60.103,NA,NA,NA,NA,NA,NA,NA,NA,NA,NA,NA,NA,NA,NA,NA,NA,NA,NA,NA,NA,NA,NA,NA,NA,NA,NA,NA,NA,NA,NA,NA,NA,NA,NA,NA,NA,NA,NA,NA,NA,NA,NA,NA,NA,NA,NA,NA,NA,NA,NA,NA,NA,NA,NA,NA,NA,NA,NA,NA,NA,NA,NA,NA,NA,NA,NA,NA,NA,NA,NA,NA,NA,NA,NA,85.244,59.369,52.633,55.211,63.642,50.556,60.892,100.079,54.205,42.952,65.966,65.082,55.824,35.392,43.338,69.961,50.77,62.122,64.098,58.224,53.289,30.372,40.654,47.605,44.378,43.658,55.957,34.459,NA,NA,NA,227.409,NA,74.584,NA,NA,NA,NA,NA,NA,64.721,NA,NA,56.912,NA,NA,NA,NA,NA,NA,NA,NA,NA,NA,NA,NA,NA,NA,NA,NA,NA,NA,NA,NA,NA,NA,NA,NA,NA,NA,NA,NA,NA,NA,NA,NA,NA,NA,NA,NA,NA,NA,NA,NA,NA,NA,NA,NA,NA,NA,NA,NA,NA,NA,NA,NA,NA,NA,NA,NA,NA,NA,NA,NA,NA,NA,NA,NA,NA,NA,83.416,247.788,NA,NA,182.142,NA
2005,NA,NA,NA,NA,NA,NA,NA,NA,NA,NA,NA,NA,NA,NA,NA,NA,NA,NA,NA,NA,NA,NA,NA,NA,NA,200.002,NA,NA,NA,NA,NA,NA,NA,NA,NA,NA,NA,NA,NA,NA,65.088,NA,NA,NA,NA,251.075,NA,NA,NA,NA,NA,NA,NA,NA,NA,NA,NA,NA,NA,NA,NA,NA,NA,NA,NA,NA,NA,62.361,NA,64.199,NA,NA,NA,NA,NA,NA,NA,NA,NA,NA,NA,56.412,NA,NA,NA,NA,NA,NA,NA,NA,NA,NA,NA,NA,NA,NA,NA,NA,NA,NA,NA,NA,NA,NA,NA,NA,NA,NA,NA,NA,NA,NA,NA,NA,NA,NA,NA,NA,NA,NA,NA,NA,NA,NA,NA,NA,NA,NA,NA,NA,NA,NA,NA,NA,NA,NA,NA,NA,NA,NA,NA,NA,249.006,54.646,205.366,NA,NA,191.608,NA,NA,221.676,NA,NA,NA,NA,93.008,NA,199.208,NA,NA,NA,NA,NA,NA,NA,NA,NA,NA,NA,NA,NA,NA,NA,NA,NA,41.024,NA,NA,NA,NA,175.167,NA,NA,153.365,NA,NA,NA,NA,NA,191.157,NA,180.362,163.884,NA,NA,NA,NA,NA,NA,73.927,NA,NA,NA,NA,NA,NA,NA,NA,NA,NA,213.018,NA,NA,NA,NA,NA,NA,NA,NA,NA,65.567,NA,NA,90.117,NA,NA,NA,57.369,NA,65.591,NA,60.013,NA,NA,NA,NA,NA,NA,NA,103.878,68.458,NA,NA,NA,104.161,NA,NA,167.366,NA,NA,NA,NA,115.314,98.743,82.342,68.755,222.15,175.496,NA,NA,NA,NA,96.029,NA,NA,71.483,76.912,NA,NA,NA,NA,NA,NA,NA,183.623,NA,NA,NA,139.326,NA,NA,NA,NA,NA,NA,109.576,NA,NA,NA,NA,NA,NA,NA,NA,NA,NA,NA,NA,NA,NA,NA,NA,NA,NA,NA,NA,NA,NA,NA,NA,NA,NA,54.859,NA,NA,71.145,NA,NA,NA,NA,NA,NA,NA,NA,NA,NA,NA,NA,NA,NA,NA,NA,NA,54.779,54.699,87.395,NA,NA,NA,NA,103.988,NA,82.123,NA,185.945,NA,NA,68.389,NA,177.586,57.342,68.411,NA,NA,NA,65.718,NA,NA,210.385,NA,68.238,NA,49.32,NA,NA,NA,NA,NA,NA,NA,NA,NA,NA,NA,NA,NA,NA,NA,NA,NA,NA,NA,NA,NA,NA,NA,NA,NA,NA,210.55,NA,NA,NA,NA,NA,NA,NA,NA,NA,NA,NA,NA,NA,NA,NA,NA,NA,NA,NA,NA,NA,NA,NA,NA,NA,NA,NA,NA,NA,NA,NA,NA,NA,NA,NA,NA,NA,NA,NA,NA,NA,NA,NA,NA,NA,NA,NA,NA,NA,52.633,54.525,54.578,45.744,55.606,94.486,45.791,32.846,59.746,56.571,47.484,31.77,43.338,46.808,47.178,54.365,45.271,48.733,53.816,29.106,41.516,53.411,41.162,46.02,48.77,38.845,NA,254.786,170.773,84.06,NA,64.867,NA,180.316,215.656,NA,NA,NA,49.116,237.328,NA,58.941,NA,NA,NA,NA,NA,NA,NA,NA,NA,NA,NA,NA,NA,NA,NA,NA,NA,NA,NA,NA,NA,NA,NA,NA,NA,NA,NA,NA,NA,NA,NA,NA,NA,NA,NA,NA,NA,NA,NA,NA,NA,NA,NA,NA,NA,NA,NA,NA,NA,NA,NA,NA,NA,NA,NA,NA,NA,NA,NA,NA,NA,NA,235.603,NA,NA,NA,65.676,98.582,NA,NA,96.153,NA
2006,NA,NA,NA,NA,NA,NA,NA,NA,NA,NA,NA,NA,NA,NA,NA,NA,NA,NA,NA,NA,NA,NA,219.752,NA,NA,123.541,NA,NA,NA,NA,NA,NA,NA,NA,NA,NA,NA,NA,NA,NA,68.384,NA,NA,NA,NA,98.008,NA,NA,NA,NA,NA,NA,NA,NA,NA,NA,NA,NA,NA,NA,NA,NA,NA,NA,NA,NA,NA,62.367,NA,77.788,NA,NA,NA,NA,NA,NA,NA,NA,NA,NA,NA,58.47,NA,NA,NA,NA,NA,NA,NA,NA,NA,NA,NA,NA,NA,NA,NA,NA,NA,NA,NA,NA,175.278,NA,NA,NA,NA,NA,207.35,NA,NA,NA,NA,NA,NA,NA,NA,NA,255.279,NA,246.505,NA,NA,NA,244.551,NA,NA,NA,NA,NA,NA,NA,NA,NA,NA,NA,NA,NA,NA,NA,NA,NA,95.686,60.223,90.326,NA,191.419,81.986,NA,NA,68.191,NA,NA,NA,NA,62.887,NA,73.691,NA,NA,NA,NA,NA,NA,NA,NA,NA,NA,NA,NA,155.958,NA,NA,207.693,NA,52.102,NA,NA,NA,188.841,81.997,NA,NA,82.036,NA,NA,155.95,257.156,NA,87.545,NA,101.095,114.589,204.826,NA,213.138,NA,NA,210.423,60.242,NA,NA,153.045,NA,NA,NA,NA,NA,NA,NA,103.901,NA,NA,NA,NA,NA,NA,NA,NA,NA,57.3,NA,NA,76.501,NA,161.068,166.69,65.602,166.696,65.66,NA,57.269,NA,197.099,NA,218.899,NA,NA,NA,87.578,60.279,180.489,194.792,NA,73.987,NA,NA,85.07,NA,NA,NA,NA,65.801,60.344,71.272,43.978,76.901,79.532,NA,NA,186.609,NA,68.493,NA,NA,54.748,60.397,150.966,NA,NA,NA,NA,NA,NA,74.007,NA,NA,NA,82.248,NA,NA,208.016,NA,NA,NA,62.842,NA,NA,202.701,NA,NA,NA,NA,175.208,NA,NA,NA,NA,NA,NA,NA,NA,NA,NA,186.354,232.893,241.243,156.24,199.912,NA,NA,NA,49.043,NA,NA,57.413,202.99,NA,230.095,NA,NA,NA,NA,NA,NA,NA,NA,NA,NA,NA,189.145,NA,NA,68.29,46.566,84.789,NA,246.18,NA,NA,79.367,NA,57.569,NA,87.612,NA,NA,43.642,NA,76.472,46.323,62.986,NA,188.491,NA,76.725,NA,196.935,73.754,NA,46.48,NA,41.138,NA,NA,NA,NA,NA,NA,NA,NA,NA,NA,NA,NA,NA,NA,NA,NA,NA,NA,NA,NA,NA,NA,NA,NA,NA,NA,87.597,NA,NA,NA,NA,NA,NA,NA,NA,NA,237.971,NA,NA,NA,NA,NA,NA,NA,NA,NA,NA,NA,NA,NA,NA,NA,210.572,NA,NA,NA,NA,NA,NA,NA,NA,NA,NA,NA,NA,NA,NA,NA,NA,NA,NA,NA,NA,NA,NA,NA,NA,NA,NA,NA,NA,NA,NA,NA,NA,NA,NA,NA,NA,NA,NA,NA,NA,NA,NA,NA,NA,NA,NA,44.655,54.422,35.392,237.255,92.256,105.989,54.844,NA,64.675,215.602,101.993,84.331,200.045,NA,NA,51.06,82.262,NA,60.945,NA,NA,NA,NA,NA,NA,NA,NA,NA,NA,NA,NA,NA,NA,NA,NA,NA,NA,NA,NA,NA,NA,NA,NA,NA,NA,NA,NA,NA,NA,NA,NA,NA,NA,NA,NA,NA,NA,NA,NA,NA,NA,NA,NA,NA,NA,NA,NA,NA,NA,NA,NA,NA,NA,NA,NA,NA,NA,NA,NA,218.924,NA,106.628,NA,NA,NA,73.235,83.511,NA,220.032,86.013,NA
2007,NA,NA,NA,NA,NA,NA,NA,NA,NA,NA,NA,NA,NA,NA,NA,NA,NA,NA,NA,NA,NA,NA,82.42,225.034,NA,67.532,NA,NA,NA,NA,NA,NA,NA,NA,NA,NA,NA,NA,NA,NA,60.969,NA,NA,NA,NA,81.536,NA,NA,NA,NA,NA,NA,NA,NA,NA,NA,NA,NA,NA,NA,NA,NA,NA,NA,NA,NA,NA,39.02,NA,72.117,NA,NA,NA,NA,NA,NA,167.79,NA,NA,183.457,NA,54.61,NA,NA,NA,NA,NA,NA,197.684,NA,NA,NA,NA,NA,NA,NA,NA,201.205,NA,NA,188.746,212.532,93.202,NA,NA,NA,NA,NA,101.041,NA,NA,NA,NA,NA,NA,NA,NA,197.147,94.811,201.736,91.878,NA,NA,NA,118.527,202.591,NA,NA,NA,NA,NA,NA,NA,NA,NA,NA,NA,NA,NA,NA,NA,NA,62.901,46.47,90.19,NA,76.595,51.992,NA,NA,57.587,NA,NA,NA,NA,57.373,NA,71.012,180.369,NA,NA,NA,NA,NA,NA,NA,NA,NA,NA,NA,65.612,NA,NA,103.805,NA,51.933,188.484,NA,191.211,76.469,82.132,NA,NA,65.715,216.052,NA,106.643,109.367,NA,65.44,NA,79.169,63.01,81.922,172.153,79.068,NA,229.541,87.478,54.721,NA,NA,92.879,NA,NA,NA,NA,NA,NA,NA,71.163,NA,229.452,NA,NA,245.958,182.814,205.094,NA,NA,51.817,NA,NA,71.022,NA,73.838,93.092,43.815,87.317,76.43,NA,52.048,166.904,104.03,NA,112.083,197.111,172.27,NA,65.928,54.79,68.442,82.301,NA,71.363,NA,NA,82.213,NA,NA,NA,NA,41.186,63.062,52.009,49.494,68.486,85.011,NA,167.448,74.095,159.255,74.089,NA,NA,51.998,63.056,98.866,NA,NA,NA,NA,NA,NA,63.056,NA,NA,NA,57.482,NA,NA,73.836,194.146,NA,NA,49.237,NA,NA,90.17,NA,NA,NA,NA,87.491,NA,NA,211.017,NA,NA,NA,NA,NA,NA,NA,87.828,98.527,82.173,90.456,93.14,NA,NA,NA,68.628,NA,NA,52.014,76.522,NA,95.942,210.849,NA,NA,186.55,NA,NA,NA,NA,NA,NA,NA,79.27,NA,NA,49.183,43.8,54.735,NA,87.706,NA,NA,73.817,NA,65.598,NA,81.975,172.213,NA,46.538,NA,79.311,41.01,54.65,NA,79.19,NA,65.691,210.382,92.911,46.589,212.968,51.918,NA,60.153,NA,NA,NA,196.706,NA,NA,NA,NA,NA,NA,NA,NA,NA,NA,NA,NA,NA,NA,NA,NA,NA,NA,NA,NA,NA,NA,62.935,NA,NA,NA,NA,NA,NA,NA,NA,NA,109.547,NA,NA,NA,NA,NA,NA,NA,NA,NA,NA,NA,NA,NA,NA,NA,76.788,NA,NA,199.736,NA,NA,NA,NA,NA,NA,NA,NA,NA,NA,NA,NA,NA,NA,NA,NA,NA,NA,NA,NA,NA,NA,NA,NA,NA,NA,NA,NA,NA,NA,NA,NA,NA,NA,NA,NA,NA,NA,NA,NA,NA,NA,NA,NA,NA,NA,103.825,64.693,92.026,62.652,NA,60.822,107.805,89.935,62.614,129.476,NA,174.568,50.957,78.445,NA,57.007,NA,NA,NA,NA,NA,NA,NA,NA,NA,NA,NA,NA,NA,NA,NA,NA,NA,NA,NA,NA,NA,NA,NA,NA,NA,NA,NA,NA,NA,NA,NA,NA,NA,NA,NA,NA,NA,NA,NA,NA,NA,NA,NA,NA,NA,NA,NA,NA,NA,NA,NA,NA,NA,NA,NA,NA,NA,NA,NA,NA,97.38,NA,97.195,240.27,NA,NA,81.056,80.745,NA,96.242,78.273,230.164
2008,NA,NA,NA,NA,NA,NA,NA,NA,NA,NA,NA,NA,NA,NA,NA,NA,NA,NA,NA,NA,219.889,NA,88.077,99.574,NA,60.124,NA,NA,NA,NA,NA,NA,NA,NA,185.168,306.133,NA,NA,NA,NA,79.095,NA,NA,228.824,203.31,52.708,231.933,NA,NA,NA,NA,NA,255.393,NA,NA,NA,NA,NA,NA,NA,NA,NA,NA,NA,NA,NA,NA,40.844,NA,66.268,NA,NA,NA,NA,NA,NA,85.609,NA,NA,81.989,NA,46.784,NA,NA,NA,NA,NA,215.514,74.665,NA,217.192,203.415,192.772,NA,200.702,225.445,218.924,105.765,179.196,215.396,100.756,80.65,81.079,204.019,231.898,231.994,211.128,192.78,60.141,NA,NA,NA,NA,NA,NA,NA,NA,96.455,71.954,124.533,67.458,NA,NA,NA,61.789,93.768,220.628,210.39,NA,206.063,NA,NA,NA,223.049,NA,212.766,NA,NA,NA,199.942,NA,NA,62.931,73.864,71.189,196.924,73.928,43.838,NA,NA,73.906,NA,175.042,216.321,NA,60.141,NA,62.799,81.998,194.114,202.193,NA,NA,NA,NA,NA,NA,NA,NA,NA,73.576,NA,NA,101.091,NA,49.149,68.296,218.57,90.147,65.605,71.053,NA,NA,63.033,79.164,191.396,82.219,76.633,NA,51.911,177.625,60.036,65.538,71.005,133.879,57.346,161.152,120.082,65.635,46.556,NA,NA,84.773,NA,NA,NA,NA,NA,NA,NA,57.521,NA,106.642,NA,177.485,84.656,84.61,81.749,NA,NA,62.589,229.613,NA,62.847,NA,73.841,57.373,51.84,60.12,57.34,NA,51.969,87.486,84.633,NA,57.579,95.893,101.238,NA,57.527,57.575,57.327,63.107,NA,71.208,NA,NA,65.953,NA,NA,219.491,205.65,52.243,63.067,52.208,38.564,65.85,79.543,222.196,93.335,73.934,71.481,74.023,NA,NA,49.337,41.219,84.963,NA,178.294,NA,NA,NA,NA,57.511,NA,NA,NA,49.163,NA,177.923,57.427,82.074,NA,NA,51.938,NA,NA,63.1,NA,NA,180.961,NA,65.591,240.993,169.809,90.612,NA,NA,NA,NA,NA,NA,NA,60.193,71.219,74.026,73.985,76.771,NA,NA,NA,68.565,232.938,NA,60.173,60.281,NA,57.582,95.879,197.197,NA,62.961,NA,167.276,NA,NA,NA,NA,NA,65.737,NA,NA,49.302,38.384,57.516,194.144,51.978,243.325,251.656,49.303,NA,49.263,NA,82.029,101.278,204.859,46.501,NA,73.545,54.524,57.414,NA,60.248,NA,57.526,95.68,60.254,60.086,73.707,49.126,NA,57.349,NA,NA,213.12,95.526,NA,NA,NA,NA,NA,NA,NA,NA,NA,NA,NA,NA,NA,205.393,188.63,NA,229.749,NA,NA,NA,NA,NA,49.425,NA,NA,NA,NA,NA,NA,NA,NA,NA,71.234,210.828,NA,NA,NA,NA,175.327,NA,NA,NA,NA,NA,NA,NA,NA,NA,81.994,232.626,NA,82.357,NA,NA,NA,NA,NA,NA,NA,NA,NA,NA,NA,NA,NA,NA,NA,NA,NA,NA,NA,NA,NA,NA,NA,NA,NA,NA,NA,NA,NA,NA,NA,NA,NA,NA,NA,NA,NA,NA,NA,NA,NA,NA,NA,NA,NA,NA,62.731,62.738,74.631,58.962,198.012,50.78,58.909,70.565,54.855,88.207,225.293,80.519,37.079,74.462,NA,58.811,NA,NA,NA,NA,NA,NA,NA,NA,NA,NA,NA,NA,NA,NA,NA,NA,NA,NA,NA,NA,NA,NA,NA,NA,NA,NA,NA,NA,NA,NA,NA,NA,NA,NA,NA,NA,NA,NA,NA,NA,NA,NA,NA,NA,NA,NA,NA,NA,NA,NA,NA,NA,NA,NA,NA,NA,NA,NA,NA,NA,76.865,213.741,76.259,88.425,NA,NA,65.629,65.751,NA,75.832,78.426,108.87
2009,NA,NA,NA,NA,NA,NA,NA,NA,NA,NA,NA,NA,NA,NA,NA,NA,NA,NA,NA,NA,81.47,NA,58.987,55.136,194.478,56.006,254.191,NA,NA,NA,NA,NA,NA,NA,116.173,112.834,NA,NA,223.279,NA,66.736,NA,229.865,98.005,110.369,49.415,79.066,211.062,NA,NA,NA,NA,99.512,182.547,NA,NA,NA,179.618,NA,NA,NA,NA,NA,NA,191.774,NA,NA,44.763,NA,58.465,NA,NA,NA,NA,NA,NA,58.391,NA,NA,60.445,NA,42.885,NA,NA,NA,188.94,226.403,97.13,60.614,204.772,91.968,70.485,95.821,205.735,100.367,99.269,108.645,72.955,99.317,98.043,52.999,66.019,69.064,103.596,111.974,100.189,75.291,118.131,48.236,222.502,NA,NA,NA,NA,215.389,219.775,NA,64.532,59.29,66.764,53.569,NA,NA,NA,55.351,70.731,101.939,79.171,223.223,104.175,NA,236.568,229.852,88.566,NA,88.432,NA,NA,NA,87.536,186.079,NA,65.552,65.712,62.837,117.626,62.934,49.231,NA,NA,57.444,224.341,84.766,87.608,NA,73.815,NA,49.075,71.017,120.216,111.973,NA,NA,NA,NA,NA,NA,NA,219.205,NA,68.156,NA,NA,93.017,NA,49.184,73.881,98.332,101.14,62.986,51.896,NA,NA,60.248,76.315,76.512,87.463,93.07,NA,46.542,76.588,54.814,59.958,84.71,68.256,54.807,73.617,79.244,57.222,68.311,NA,NA,70.957,NA,188.5,NA,NA,NA,NA,NA,60.226,NA,109.235,NA,103.81,71.173,79.29,65.541,158.594,NA,57.325,95.608,NA,54.805,NA,76.599,68.098,71.01,62.685,46.635,NA,49.292,57.534,52.194,199.814,57.337,68.312,68.357,153.266,49.187,51.983,82.071,49.308,230.447,65.833,NA,NA,63.004,161.931,NA,84.93,88.04,49.386,52.214,54.78,46.749,76.693,74.301,87.796,74.164,71.278,63.035,49.396,NA,NA,52.051,43.976,76.884,NA,79.601,NA,NA,194.568,NA,60.358,NA,NA,NA,46.482,NA,81.998,82.03,71.294,227.127,NA,43.676,NA,196.946,60.199,172.715,161.528,114.951,NA,54.897,76.714,115.014,82.24,NA,NA,NA,NA,NA,NA,NA,79.371,49.221,65.645,71.159,68.562,213.636,232.857,NA,49.16,79.436,NA,54.797,57.712,NA,71.182,46.434,109.48,194.55,76.615,NA,90.439,NA,NA,NA,NA,NA,60.366,NA,191.895,68.505,43.806,43.629,82.142,51.885,79.244,95.85,49.222,191.485,43.797,NA,65.771,76.434,103.759,57.398,NA,79.252,54.618,57.39,NA,60.01,NA,43.658,68.09,54.559,60.007,65.519,46.552,NA,49.099,NA,204.989,109.281,65.56,210.529,NA,NA,204.982,NA,NA,NA,NA,NA,NA,NA,NA,NA,112.264,81.933,243.637,87.508,229.911,NA,NA,186.225,NA,52.128,NA,NA,NA,NA,NA,NA,NA,NA,NA,60.072,112.236,221.868,NA,NA,NA,82.23,NA,NA,NA,NA,NA,NA,NA,NA,222.866,65.636,109.418,219.339,63.101,NA,NA,NA,NA,NA,191.801,NA,NA,NA,NA,NA,NA,NA,NA,NA,NA,NA,NA,NA,NA,NA,NA,NA,NA,NA,NA,NA,NA,NA,NA,NA,NA,NA,NA,NA,NA,NA,NA,NA,NA,NA,NA,NA,NA,NA,NA,58.644,58.792,72.504,58.82,103.889,49.022,52.997,46.948,70.5,72.554,94.071,76.453,41.097,66.66,205.681,48.994,NA,NA,NA,NA,NA,NA,NA,NA,NA,NA,NA,NA,NA,NA,NA,NA,NA,NA,NA,NA,NA,NA,NA,NA,NA,NA,NA,NA,NA,NA,NA,NA,NA,NA,NA,NA,NA,NA,NA,NA,NA,NA,NA,NA,NA,NA,NA,NA,NA,NA,NA,NA,NA,NA,NA,NA,NA,NA,NA,NA,79.066,81.349,75.976,68.462,247.823,250.253,81.004,55.658,224.922,70.806,63.185,88.423
2010,NA,NA,NA,NA,NA,NA,NA,NA,NA,NA,NA,NA,218.818,NA,NA,269.857,NA,NA,NA,194.729,66.657,NA,67.876,50.199,96.36,32.119,105.419,240.14,209.774,NA,NA,NA,NA,NA,79.096,103.77,NA,NA,90.596,NA,48.61,NA,78.271,80.713,66.713,45.298,74.125,136.717,NA,NA,NA,204.92,55.935,96.91,NA,NA,162.109,65.04,NA,NA,NA,NA,NA,NA,74.797,NA,194.908,52.73,NA,50.552,NA,NA,NA,NA,150.076,NA,60.402,NA,NA,72.226,NA,46.812,NA,NA,165.739,64.331,NA,63.75,51.882,103.915,71.09,59.038,57.643,101.28,55.179,72.595,72.908,65.367,72.374,75.056,48.889,63.313,59.727,63.222,63.606,67.776,57.969,65.279,65.315,117.576,239.897,NA,218.599,185.515,70.91,95.976,225.498,64.575,51.562,71.99,53.77,232.729,246.001,208.955,53.656,60.586,88.68,67.894,95.956,87.026,214.6,103.983,99.678,60.61,235.049,67.369,232.573,216.086,180.706,76.788,106.626,172.387,65.729,73.836,87.519,76.575,51.993,54.706,NA,NA,46.673,106.549,98.568,87.757,NA,60.17,208.129,46.251,51.921,76.327,57.246,196.558,NA,NA,NA,NA,NA,NA,124.47,NA,60.028,NA,NA,65.536,NA,49.242,73.961,62.889,79.157,49.343,46.5,191.665,202.278,60.295,57.366,76.547,59.976,71.159,NA,41.004,65.482,51.857,65.701,79.086,60.033,46.265,68.182,68.27,71.044,46.36,188.404,199.529,62.945,210.41,76.545,224.073,NA,NA,NA,NA,49.157,NA,70.97,NA,109.352,73.848,70.979,57.466,101.152,NA,49.225,92.825,NA,43.858,191.075,62.757,62.809,57.157,63.066,57.261,199.407,43.821,49.407,32.619,101.251,46.552,71.101,54.629,95.692,51.826,49.009,52.048,54.934,101.599,57.607,150.72,NA,65.748,85.069,197.327,57.855,74.021,38.446,44.094,46.749,57.652,63.097,57.677,65.888,68.535,68.74,60.419,54.928,NA,NA,38.442,43.969,63.014,224.996,57.447,NA,NA,101.526,NA,65.852,NA,NA,216.913,54.755,186.181,60.202,60.244,54.818,106.631,NA,46.408,NA,101.216,54.841,82.212,101.343,65.529,NA,65.734,71.102,73.984,62.882,NA,NA,NA,NA,NA,NA,NA,74.056,68.344,68.401,76.653,76.645,101.308,112.301,188.901,52.095,79.523,221.983,46.686,68.41,NA,57.665,55.023,62.977,90.416,71.302,183.552,79.599,NA,NA,NA,169.838,189.191,52.093,246.721,115.157,51.859,46.452,41.083,71.27,41.163,60.073,68.327,49.198,106.692,43.799,NA,65.833,65.598,62.895,51.965,215.785,71.006,41.12,46.316,NA,62.92,NA,46.411,57.394,51.764,46.512,60.278,43.755,NA,51.79,NA,92.852,62.829,54.662,101.095,199.687,202.015,114.814,NA,NA,NA,NA,NA,NA,NA,NA,220.359,82.153,82.11,90.531,79.379,103.959,NA,NA,82.028,NA,63.052,262.924,199.96,NA,NA,NA,NA,NA,NA,NA,57.496,82.145,84.674,186.126,197.26,205.461,57.615,NA,NA,NA,NA,NA,204.936,NA,NA,81.768,57.458,93.147,104.038,62.786,NA,188.163,204.29,NA,NA,104.035,NA,NA,NA,NA,199.76,210.496,NA,NA,NA,227.138,214.01,NA,NA,NA,NA,NA,NA,NA,NA,NA,NA,NA,NA,NA,NA,NA,NA,NA,NA,NA,NA,NA,NA,NA,NA,NA,NA,NA,NA,NA,54.656,56.841,58.974,51.121,62.837,51.013,56.944,43.154,58.925,66.566,66.587,64.749,27.29,52.96,84.355,51.007,NA,NA,NA,NA,NA,NA,NA,NA,NA,NA,NA,NA,NA,NA,NA,NA,NA,NA,NA,NA,NA,NA,NA,NA,NA,NA,NA,NA,NA,NA,NA,NA,NA,NA,NA,NA,NA,NA,NA,NA,NA,NA,NA,NA,NA,NA,NA,NA,NA,NA,NA,NA,NA,NA,NA,NA,NA,NA,NA,NA,61.924,71.108,64.045,65.665,128.87,100.989,65.651,50.736,109.146,55.805,53.096,83.538
2011,NA,NA,NA,NA,NA,NA,NA,NA,NA,NA,NA,NA,102.084,NA,NA,123.588,231.901,NA,NA,83.116,60.897,217.923,54.947,49.376,93.891,39.532,84.83,66.259,116.127,NA,NA,NA,NA,NA,66.738,82.356,229.983,201.917,74.12,NA,42.019,223.716,71.679,68.36,51.884,46.944,74.121,100.478,NA,169.089,NA,94.308,59.837,86.504,199.575,NA,73.496,58.536,NA,NA,NA,NA,NA,NA,74.796,NA,79.865,33.162,NA,50.785,NA,NA,NA,NA,75.392,171.594,66.087,179.388,NA,56.576,NA,42.966,NA,NA,74.176,52.606,NA,NA,NA,NA,NA,NA,NA,NA,NA,NA,NA,NA,NA,NA,NA,NA,NA,NA,NA,NA,NA,NA,NA,NA,95.952,228.854,107.638,75.956,64.513,73.945,105.046,55.759,56.73,77.653,58.221,94.507,106.449,101.681,53.088,60.976,55.979,60.112,81.842,68.329,99.218,78.528,56.288,54.116,117.724,49.852,101.645,108.042,90.174,71.042,73.691,71.113,84.75,54.659,71.192,57.32,43.754,46.491,192.693,177.475,57.418,65.452,93.035,79.312,NA,68.247,73.765,46.553,51.88,49.076,54.676,114.774,NA,NA,193.297,NA,NA,NA,75.655,NA,71.26,NA,232.286,49.137,NA,49.217,68.16,60.088,71.092,51.924,51.933,90.257,82.054,49.132,65.577,84.902,73.999,63.098,NA,49.196,54.789,60.074,57.481,49.209,60.147,60.124,54.568,57.351,46.534,49.233,71.13,114.832,60.049,84.671,70.89,84.694,NA,207.785,NA,NA,43.646,NA,54.6,NA,65.601,57.336,79.278,54.576,62.858,190.967,43.604,76.418,NA,51.856,68.35,57.353,57.39,38.321,57.259,46.5,79.199,35.538,57.489,57.615,82.095,62.92,57.367,65.654,79.488,62.906,57.464,46.696,46.561,85.028,52.226,82.143,167.434,54.858,90.628,104.341,57.74,71.339,35.484,41.066,63.316,33.098,65.674,60.356,65.959,57.667,74.022,68.595,54.976,246.846,NA,35.695,38.439,62.915,74.103,74.14,NA,NA,76.944,NA,51.985,169.963,230.507,101.416,57.212,90.2,52.039,57.257,49.085,95.754,243.434,35.691,257.139,68.386,52.114,60.17,79.567,54.776,NA,57.452,54.872,60.282,46.565,227.599,216.399,NA,NA,NA,NA,NA,49.191,79.399,46.537,65.783,57.451,76.789,68.449,106.853,52.213,54.714,106.932,32.84,54.748,197.274,54.628,41.068,62.979,60.336,87.586,90.532,65.823,NA,NA,NA,79.33,93.123,49.358,95.825,65.84,46.302,35.557,38.254,65.535,33.009,60.171,49.271,49.377,60.255,49.166,212.482,60.225,51.863,43.762,46.492,65.303,65.6,43.667,54.604,240.517,51.811,185.814,41.081,60.071,51.767,46.473,57.413,54.677,245.918,54.483,256.705,57.335,60.132,49.321,62.717,87.541,92.784,68.409,NA,NA,NA,NA,NA,NA,NA,NA,80.74,54.771,60.111,68.545,65.446,62.918,NA,238.121,98.4,NA,65.732,109.543,85.021,NA,NA,240.251,NA,NA,NA,NA,46.504,65.757,54.766,98.555,120.504,90.453,60.302,205.438,246.887,NA,NA,NA,93.58,NA,NA,65.22,54.91,68.499,103.902,46.578,208.055,96.391,109.175,NA,203.599,112.418,NA,NA,223.55,NA,93.024,82.078,NA,NA,206.255,90.758,101.379,NA,NA,NA,NA,NA,NA,NA,NA,NA,NA,NA,NA,NA,NA,NA,NA,NA,NA,NA,NA,NA,NA,NA,NA,NA,NA,NA,NA,NA,NA,NA,NA,NA,52.864,43.067,68.521,41.19,66.836,62.755,70.48,56.731,31.359,62.844,70.644,39.378,NA,NA,NA,NA,NA,NA,NA,NA,NA,NA,NA,NA,NA,NA,NA,NA,NA,NA,NA,NA,NA,NA,NA,NA,NA,NA,NA,NA,NA,NA,NA,NA,NA,NA,NA,NA,NA,NA,NA,NA,NA,NA,NA,NA,NA,NA,NA,NA,NA,NA,NA,NA,NA,NA,NA,NA,NA,NA,NA,NA,59.031,76.225,53.447,50.648,75.836,70.716,53.079,42.943,71.029,48.257,55.792,60.778
2012,NA,NA,NA,NA,203.827,NA,NA,NA,NA,NA,NA,194.619,66.683,279.229,228.814,54.379,116.903,178.334,NA,106.98,42.792,120.147,43.635,43.615,79.887,46.12,60.945,58.987,104.594,212.779,NA,241.368,209.322,NA,56.027,71.655,135.072,112.828,68.359,204.189,62.617,93.066,63.441,72.475,42.001,37.886,47.767,71.651,215.11,107.317,NA,76.748,56.585,59.187,111.87,NA,60.488,66.341,NA,152.981,NA,228.573,NA,238.715,57.886,NA,60.598,31.026,NA,52.704,NA,NA,NA,150.067,72.535,82.003,68.228,76.073,NA,52.665,NA,44.872,NA,167.46,74.19,48.757,NA,NA,NA,NA,NA,NA,NA,NA,NA,NA,NA,NA,NA,NA,NA,NA,NA,NA,NA,NA,NA,NA,NA,NA,NA,NA,NA,NA,NA,NA,NA,NA,NA,NA,NA,NA,NA,NA,NA,NA,NA,NA,NA,NA,NA,NA,NA,NA,NA,NA,NA,NA,60.256,65.592,57.61,60.164,60.06,63.023,52.076,57.56,54.642,40.932,110.301,111.924,54.799,68.534,84.724,63.05,182.014,73.733,65.619,46.438,40.823,49.166,49.136,76.556,207.757,201.08,97.575,153.86,182.262,NA,55.133,184.708,43.629,NA,92.799,43.649,227.48,43.583,76.589,57.5,51.949,35.573,51.977,76.607,63.106,51.974,49.227,74.007,73.901,52.024,NA,32.953,51.774,46.4,51.845,51.799,43.609,49.058,60.008,51.893,49.302,51.834,54.604,79.186,57.371,81.962,60.033,51.896,213.041,100.901,NA,NA,49.213,NA,54.752,NA,57.332,46.34,60.051,54.69,71.151,114.845,46.493,76.31,NA,49.308,62.833,62.671,57.442,41.097,52.113,43.495,101.352,40.967,54.804,51.883,84.715,54.765,60.254,54.721,74.094,54.779,43.799,70.9,54.892,62.959,54.952,84.977,104.267,63.201,76.813,73.939,65.709,76.86,30.231,44.04,49.207,41.034,65.742,68.439,51.962,57.537,65.73,60.273,49.505,90.463,251.818,43.804,32.874,63.188,98.687,79.445,NA,196.841,79.644,207.938,52.001,117.832,101.542,52.149,54.844,79.315,54.744,57.544,49.189,76.469,128.455,38.389,92.807,52.071,38.328,65.772,62.92,60.349,215.031,68.437,68.579,54.749,49.242,90.404,98.687,216.514,NA,NA,NA,NA,76.845,62.91,54.833,65.596,52.108,73.781,74.148,93.194,49.189,62.985,79.435,49.475,32.952,106.858,54.748,43.927,68.333,51.865,73.886,73.922,49.256,NA,NA,NA,65.733,79.537,57.681,79.664,60.29,43.83,40.996,43.868,82.279,30.083,43.703,57.445,41.119,54.946,43.742,96.983,46.52,60.092,49.237,38.311,71.116,60.048,38.112,57.362,106.62,49.326,98.4,40.857,43.753,51.804,43.713,54.562,57.42,114.81,51.822,85.442,54.684,60.056,57.428,54.606,68.429,79.203,43.777,218.098,NA,210.73,NA,237.906,NA,NA,NA,68.298,41.117,73.836,49.29,52.016,51.85,226.963,101.215,54.873,NA,49.318,68.41,120.544,225.458,NA,131.044,NA,NA,NA,NA,54.729,60.385,57.598,73.966,76.677,60.205,63.01,95.639,132.32,235.394,NA,215.844,80.547,NA,NA,51.469,60.136,62.923,68.325,54.88,107.952,76.72,73.75,184.018,91.113,76.797,214.867,NA,119.824,NA,76.732,71.139,NA,NA,128.761,65.726,63.45,NA,NA,NA,NA,NA,NA,NA,NA,NA,NA,NA,NA,NA,NA,NA,NA,NA,NA,NA,NA,NA,NA,NA,NA,NA,NA,NA,NA,NA,NA,NA,NA,NA,NA,NA,NA,45.111,NA,62.684,56.743,54.913,NA,46.87,66.682,35.304,NA,NA,NA,NA,NA,NA,NA,NA,NA,NA,NA,NA,NA,NA,NA,NA,NA,NA,NA,NA,NA,NA,NA,NA,NA,NA,NA,NA,NA,NA,NA,NA,NA,NA,NA,NA,NA,NA,NA,NA,NA,NA,NA,NA,NA,NA,NA,NA,NA,NA,NA,NA,NA,NA,NA,NA,NA,NA,NA,NA,NA,NA,NA,NA,NA,NA,NA,NA,NA,NA,NA,NA
2013,160.077,NA,205.177,NA,105.137,NA,NA,NA,NA,NA,NA,106.2,53.514,111.137,106.201,47.787,82.322,89.734,NA,88.053,49.376,95.459,41.21,28.802,63.418,33.768,47.767,68.684,74.948,102.946,218.874,140.009,90.593,223.524,58.498,52.71,109.534,63.417,51.887,97.184,44.491,73.295,65.088,69.18,45.297,60.945,52.71,71.652,107.89,75.447,NA,46.178,46.179,47.479,79.349,NA,47.479,57.236,NA,72.845,NA,97.561,NA,91.707,50.731,211.613,62.457,29.212,167.534,48.664,NA,NA,NA,60.241,77.801,79.973,64.281,54.537,183.17,56.366,NA,42.685,NA,64.366,62.49,54.49,NA,NA,NA,NA,NA,NA,NA,NA,NA,NA,NA,NA,NA,NA,NA,NA,NA,NA,NA,NA,NA,NA,NA,NA,NA,NA,NA,NA,NA,NA,NA,NA,NA,NA,NA,NA,NA,NA,NA,NA,NA,NA,NA,NA,NA,NA,NA,NA,NA,NA,NA,NA,52.13,57.455,51.912,57.388,52.069,54.803,41.115,57.515,57.479,38.316,76.703,76.442,62.996,54.507,57.421,62.913,63.071,52.022,60.145,35.541,43.794,40.92,51.966,62.8,102.66,118.587,69.718,98.051,95.136,219.338,55.018,102.943,46.425,214.306,62.771,35.58,119.02,49.188,71.218,51.915,52.017,43.766,49.233,65.539,65.802,54.812,52.008,65.686,62.795,51.895,212.433,35.657,46.569,46.443,46.558,54.693,51.977,38.325,49.244,49.192,37.968,43.964,54.599,54.659,51.805,73.749,49.291,54.756,101.153,68.27,197.495,223.872,43.766,196.95,57.573,232.519,46.308,43.583,52.109,46.654,54.691,91.47,43.683,63.022,215.304,43.567,59.965,57.4,57.198,54.727,54.626,41.005,68.329,43.598,46.47,60.197,79.289,52.04,65.84,46.456,70.971,41.039,41.033,57.623,38.361,44.126,40.989,65.949,60.273,43.818,74.115,62.886,46.694,52.216,41.074,41.274,49.208,46.616,52.082,57.748,49.385,52.12,55.043,57.614,52.047,87.812,105.03,46.63,35.735,62.99,63.171,52.08,200.774,112.149,90.552,113.956,46.583,82.355,82.566,57.595,62.927,68.359,60.254,57.295,49.281,57.471,84.841,40.973,79.484,52.064,43.893,74.025,54.747,46.383,92.441,52.003,51.924,46.564,46.611,65.654,78.575,93.286,218.174,264.725,220.507,211.152,52.321,49.293,49.06,71.202,52.263,62.914,63.024,79.414,49.251,54.923,87.811,46.587,27.505,73.929,54.854,49.275,52.122,41.098,54.78,76.504,46.584,220.801,214.642,223.229,49.28,54.709,54.723,87.781,49.275,41.154,40.976,41.086,46.41,35.618,41.022,52.097,46.582,40.905,30.05,80.41,49.203,49.204,51.956,35.533,57.321,57.211,43.851,52.161,73.826,46.304,71.061,43.715,43.747,40.962,46.53,49.183,43.666,87.431,43.784,73.492,49.279,41.06,57.383,62.888,63.103,65.433,38.399,107.545,226.427,134.516,228.395,109.697,231.552,214.068,211.874,51.918,46.375,65.754,41.019,46.649,51.967,95.802,60.178,46.467,233.705,49.315,54.741,49.166,112.408,216.998,72.774,231.845,206.73,183.817,220.656,57.405,57.551,57.513,62.867,73.932,57.46,46.729,76.801,76.886,149.749,177.05,113.442,82.296,209.344,188.268,56.834,51.904,60.118,63.025,41.067,64.143,68.468,74.405,82.281,69.917,65.757,118.614,188.578,101.802,192.864,79.262,60.394,211.068,233.126,84.86,49.341,66.122,NA,NA,NA,NA,NA,NA,NA,NA,NA,NA,NA,NA,NA,NA,NA,NA,NA,NA,NA,NA,NA,NA,NA,NA,NA,NA,NA,NA,NA,NA,NA,NA,NA,NA,NA,NA,NA,NA,NA,NA,NA,NA,NA,NA,NA,NA,NA,NA,NA,NA,NA,NA,NA,NA,NA,NA,NA,NA,NA,NA,NA,NA,NA,NA,NA,NA,NA,NA,NA,NA,NA,NA,NA,NA,NA,NA,NA,NA,NA,NA,NA,NA,NA,NA,NA,NA,NA,NA,NA,NA,NA,NA,NA,NA,NA,NA,NA,NA,NA,NA,NA,NA,NA,NA,NA,NA,NA,NA,NA,NA,NA,NA,NA,NA,NA,NA,NA
2014,80.919,164.161,101.673,NA,81.875,NA,NA,NA,NA,259.842,265.237,72.446,46.103,74.093,97.142,46.963,84.796,84.795,208.972,60.074,40.323,82.293,63.027,31.271,65.884,44.473,56.004,69.492,77.418,73.303,131.778,79.064,78.242,121.895,61.794,57.652,65.888,63.418,59.299,64.24,60.969,60.947,56.025,44.474,40.357,37.061,46.12,55.18,69.18,69.593,NA,47.479,50.081,36.423,65.691,NA,53.984,44.227,NA,65.691,NA,84.552,NA,71.544,63.089,93.658,52.567,27.194,89.729,40.894,NA,181.349,NA,58.474,71.522,52.552,62.436,46.915,101.345,56.474,NA,38.806,206.746,54.389,48.775,66.374,NA,NA,NA,NA,NA,NA,NA,NA,NA,NA,NA,NA,NA,NA,NA,NA,NA,NA,NA,NA,NA,NA,NA,NA,NA,NA,NA,NA,NA,NA,NA,NA,NA,NA,NA,NA,NA,NA,NA,NA,NA,NA,NA,NA,NA,NA,NA,NA,NA,NA,NA,NA,NA,NA,NA,NA,NA,NA,NA,NA,NA,NA,NA,NA,NA,NA,NA,NA,NA,NA,NA,NA,NA,NA,NA,NA,NA,NA,NA,NA,NA,NA,NA,NA,NA,NA,NA,NA,NA,NA,NA,NA,NA,NA,NA,NA,NA,NA,NA,NA,NA,NA,NA,NA,NA,NA,NA,NA,NA,NA,NA,NA,NA,NA,NA,NA,NA,NA,NA,NA,NA,NA,NA,NA,NA,NA,NA,NA,NA,NA,NA,NA,NA,NA,NA,NA,NA,NA,NA,NA,NA,NA,NA,NA,NA,NA,NA,NA,NA,NA,NA,NA,NA,NA,NA,NA,NA,NA,NA,NA,NA,NA,NA,NA,NA,NA,NA,NA,NA,NA,NA,NA,NA,NA,NA,NA,NA,NA,NA,NA,NA,NA,NA,NA,NA,NA,NA,NA,NA,NA,NA,NA,NA,NA,NA,NA,NA,NA,NA,NA,NA,NA,NA,NA,NA,NA,NA,NA,NA,NA,NA,NA,NA,NA,NA,NA,NA,NA,NA,NA,NA,NA,NA,NA,NA,NA,NA,NA,NA,NA,NA,NA,NA,NA,NA,NA,NA,NA,NA,NA,NA,NA,NA,NA,NA,NA,NA,NA,NA,NA,NA,NA,NA,NA,NA,NA,NA,NA,NA,NA,NA,NA,NA,NA,NA,NA,NA,NA,NA,NA,NA,NA,NA,NA,NA,NA,NA,NA,NA,NA,NA,NA,NA,NA,NA,NA,NA,NA,NA,NA,NA,NA,NA,NA,NA,NA,NA,NA,NA,NA,NA,NA,NA,NA,NA,NA,NA,NA,NA,NA,NA,NA,NA,NA,NA,NA,NA,NA,NA,NA,NA,NA,NA,NA,NA,NA,NA,NA,NA,NA,NA,NA,NA,NA,NA,NA,NA,NA,NA,NA,NA,NA,NA,NA,NA,NA,NA,NA,NA,NA,NA,NA,NA,NA,NA,NA,NA,NA,NA,NA,NA,NA,NA,NA,NA,NA,NA,NA,NA,NA,NA,NA,NA,NA,NA,NA,NA,NA,NA,NA,NA,NA,NA,NA,NA,NA,NA,NA,NA,NA,NA,NA,NA,NA,NA,NA,NA,NA,NA,NA,NA,NA,NA,NA,NA,NA,NA,NA,NA,NA,NA,NA,NA,NA,NA,NA,NA,NA,NA,NA,NA,NA,NA,NA,NA,NA,NA,NA,NA,NA,NA,NA,NA,NA,NA,NA,NA,NA,NA,NA,NA,NA,NA,NA,NA,NA,NA,NA,NA,NA,NA,NA,NA,NA,NA,NA,NA,NA,NA,NA,NA,NA,NA,NA,NA,NA,NA
2015,89.098,74.12,57.453,204.464,98.346,NA,NA,NA,NA,90.048,115.254,83.15,60.1,58.451,55.16,51.907,62.565,102.91,96.388,64.188,29.625,50.198,43.635,27.98,53.534,46.946,54.358,58.179,48.591,47.769,66.708,50.238,60.946,101.3,51.907,59.296,51.884,71.651,50.238,69.179,45.314,51.062,36.252,44.473,37.062,33.769,36.237,36.237,62.594,52.032,NA,46.179,33.821,33.171,66.991,215.292,57.236,39.674,217.1,61.138,NA,67.642,NA,59.837,50.731,75.447,58.334,31.053,58.527,42.655,210.563,77.965,243.777,54.466,79.517,48.703,52.696,40.885,74.265,42.885,191.065,34.916,81.856,54.407,42.718,54.581,NA,NA,NA,NA,NA,NA,NA,NA,NA,NA,NA,NA,NA,NA,NA,NA,NA,NA,NA,NA,NA,NA,NA,NA,NA,NA,NA,NA,NA,NA,NA,NA,NA,NA,NA,NA,NA,NA,NA,NA,NA,NA,NA,NA,NA,NA,NA,NA,NA,NA,NA,NA,NA,NA,NA,NA,NA,NA,NA,NA,NA,NA,NA,NA,NA,NA,NA,NA,NA,NA,NA,NA,NA,NA,NA,NA,NA,NA,NA,NA,NA,NA,NA,NA,NA,NA,NA,NA,NA,NA,NA,NA,NA,NA,NA,NA,NA,NA,NA,NA,NA,NA,NA,NA,NA,NA,NA,NA,NA,NA,NA,NA,NA,NA,NA,NA,NA,NA,NA,NA,NA,NA,NA,NA,NA,NA,NA,NA,NA,NA,NA,NA,NA,NA,NA,NA,NA,NA,NA,NA,NA,NA,NA,NA,NA,NA,NA,NA,NA,NA,NA,NA,NA,NA,NA,NA,NA,NA,NA,NA,NA,NA,NA,NA,NA,NA,NA,NA,NA,NA,NA,NA,NA,NA,NA,NA,NA,NA,NA,NA,NA,NA,NA,NA,NA,NA,NA,NA,NA,NA,NA,NA,NA,NA,NA,NA,NA,NA,NA,NA,NA,NA,NA,NA,NA,NA,NA,NA,NA,NA,NA,NA,NA,NA,NA,NA,NA,NA,NA,NA,NA,NA,NA,NA,NA,NA,NA,NA,NA,NA,NA,NA,NA,NA,NA,NA,NA,NA,NA,NA,NA,NA,NA,NA,NA,NA,NA,NA,NA,NA,NA,NA,NA,NA,NA,NA,NA,NA,NA,NA,NA,NA,NA,NA,NA,NA,NA,NA,NA,NA,NA,NA,NA,NA,NA,NA,NA,NA,NA,NA,NA,NA,NA,NA,NA,NA,NA,NA,NA,NA,NA,NA,NA,NA,NA,NA,NA,NA,NA,NA,NA,NA,NA,NA,NA,NA,NA,NA,NA,NA,NA,NA,NA,NA,NA,NA,NA,NA,NA,NA,NA,NA,NA,NA,NA,NA,NA,NA,NA,NA,NA,NA,NA,NA,NA,NA,NA,NA,NA,NA,NA,NA,NA,NA,NA,NA,NA,NA,NA,NA,NA,NA,NA,NA,NA,NA,NA,NA,NA,NA,NA,NA,NA,NA,NA,NA,NA,NA,NA,NA,NA,NA,NA,NA,NA,NA,NA,NA,NA,NA,NA,NA,NA,NA,NA,NA,NA,NA,NA,NA,NA,NA,NA,NA,NA,NA,NA,NA,NA,NA,NA,NA,NA,NA,NA,NA,NA,NA,NA,NA,NA,NA,NA,NA,NA,NA,NA,NA,NA,NA,NA,NA,NA,NA,NA,NA,NA,NA,NA,NA,NA,NA,NA,NA,NA,NA,NA,NA,NA,NA,NA,NA,NA,NA,NA,NA,NA,NA,NA,NA,NA,NA,NA,NA,NA,NA,NA,NA,NA,NA,NA,NA,NA,NA,NA,NA,NA
2016,83.263,71.006,57.644,87.984,61.118,NA,NA,NA,180.795,90.933,103.729,74.916,54.334,52.692,35.4,42.844,74.918,98.791,61.964,48.553,28.803,49.376,42.827,37.855,48.591,44.475,53.531,47.675,37.883,50.238,67.535,55.18,46.946,65.063,37.076,55.181,51.063,55.182,38.706,48.591,59.321,38.709,46.962,49.416,47.766,32.944,32.123,45.299,59.297,61.788,NA,57.236,30.569,38.374,42.276,124.317,61.138,39.674,93.472,73.496,174.413,55.284,244.164,47.479,51.382,65.691,56.553,31.147,54.813,34.997,103.313,76.06,89.607,54.564,58.636,37.015,62.362,48.822,58.566,46.637,72.196,42.868,68.158,44.855,46.811,48.741,NA,NA,NA,NA,NA,NA,NA,NA,NA,NA,NA,NA,NA,NA,NA,NA,NA,NA,NA,NA,NA,NA,NA,NA,NA,NA,NA,NA,NA,NA,NA,NA,NA,NA,NA,NA,NA,NA,NA,NA,NA,NA,NA,NA,NA,NA,NA,NA,NA,NA,NA,NA,NA,NA,NA,NA,NA,NA,NA,NA,NA,NA,NA,NA,NA,NA,NA,NA,NA,NA,NA,NA,NA,NA,NA,NA,NA,NA,NA,NA,NA,NA,NA,NA,NA,NA,NA,NA,NA,NA,NA,NA,NA,NA,NA,NA,NA,NA,NA,NA,NA,NA,NA,NA,NA,NA,NA,NA,NA,NA,NA,NA,NA,NA,NA,NA,NA,NA,NA,NA,NA,NA,NA,NA,NA,NA,NA,NA,NA,NA,NA,NA,NA,NA,NA,NA,NA,NA,NA,NA,NA,NA,NA,NA,NA,NA,NA,NA,NA,NA,NA,NA,NA,NA,NA,NA,NA,NA,NA,NA,NA,NA,NA,NA,NA,NA,NA,NA,NA,NA,NA,NA,NA,NA,NA,NA,NA,NA,NA,NA,NA,NA,NA,NA,NA,NA,NA,NA,NA,NA,NA,NA,NA,NA,NA,NA,NA,NA,NA,NA,NA,NA,NA,NA,NA,NA,NA,NA,NA,NA,NA,NA,NA,NA,NA,NA,NA,NA,NA,NA,NA,NA,NA,NA,NA,NA,NA,NA,NA,NA,NA,NA,NA,NA,NA,NA,NA,NA,NA,NA,NA,NA,NA,NA,NA,NA,NA,NA,NA,NA,NA,NA,NA,NA,NA,NA,NA,NA,NA,NA,NA,NA,NA,NA,NA,NA,NA,NA,NA,NA,NA,NA,NA,NA,NA,NA,NA,NA,NA,NA,NA,NA,NA,NA,NA,NA,NA,NA,NA,NA,NA,NA,NA,NA,NA,NA,NA,NA,NA,NA,NA,NA,NA,NA,NA,NA,NA,NA,NA,NA,NA,NA,NA,NA,NA,NA,NA,NA,NA,NA,NA,NA,NA,NA,NA,NA,NA,NA,NA,NA,NA,NA,NA,NA,NA,NA,NA,NA,NA,NA,NA,NA,NA,NA,NA,NA,NA,NA,NA,NA,NA,NA,NA,NA,NA,NA,NA,NA,NA,NA,NA,NA,NA,NA,NA,NA,NA,NA,NA,NA,NA,NA,NA,NA,NA,NA,NA,NA,NA,NA,NA,NA,NA,NA,NA,NA,NA,NA,NA,NA,NA,NA,NA,NA,NA,NA,NA,NA,NA,NA,NA,NA,NA,NA,NA,NA,NA,NA,NA,NA,NA,NA,NA,NA,NA,NA,NA,NA,NA,NA,NA,NA,NA,NA,NA,NA,NA,NA,NA,NA,NA,NA,NA,NA,NA,NA,NA,NA,NA,NA,NA,NA,NA,NA,NA,NA,NA,NA,NA,NA,NA,NA,NA,NA,NA,NA,NA,NA,NA,NA,NA,NA,NA,NA,NA,NA,NA
2017,63.559,60.21,63.35,82.828,77.471,200.448,205.478,232.119,97.306,59.009,74.093,43.633,41.165,49.396,33.753,45.316,79.035,64.214,42.65,54.313,26.334,37.032,48.483,30.448,49.414,28.002,33.767,49.291,29.649,46.939,66.71,54.356,37.058,48.59,31.309,44.475,56.825,40.355,38.71,42.827,39.547,42.003,38.723,38.708,30.474,23.884,22.237,40.355,65.063,42.927,231.249,40.325,37.723,48.13,49.43,78.226,49.43,32.52,70.933,70.894,90.703,39.675,134.611,50.081,44.878,54.634,52.748,35.012,54.638,33.192,66.292,46.909,52.599,52.584,53.725,37.18,56.332,40.872,50.697,37.092,70.109,41.007,56.407,58.589,40.94,35.155,NA,NA,NA,NA,NA,NA,NA,NA,NA,NA,NA,NA,NA,NA,NA,NA,NA,NA,NA,NA,NA,NA,NA,NA,NA,NA,NA,NA,NA,NA,NA,NA,NA,NA,NA,NA,NA,NA,NA,NA,NA,NA,NA,NA,NA,NA,NA,NA,NA,NA,NA,NA,NA,NA,NA,NA,NA,NA,NA,NA,NA,NA,NA,NA,NA,NA,NA,NA,NA,NA,NA,NA,NA,NA,NA,NA,NA,NA,NA,NA,NA,NA,NA,NA,NA,NA,NA,NA,NA,NA,NA,NA,NA,NA,NA,NA,NA,NA,NA,NA,NA,NA,NA,NA,NA,NA,NA,NA,NA,NA,NA,NA,NA,NA,NA,NA,NA,NA,NA,NA,NA,NA,NA,NA,NA,NA,NA,NA,NA,NA,NA,NA,NA,NA,NA,NA,NA,NA,NA,NA,NA,NA,NA,NA,NA,NA,NA,NA,NA,NA,NA,NA,NA,NA,NA,NA,NA,NA,NA,NA,NA,NA,NA,NA,NA,NA,NA,NA,NA,NA,NA,NA,NA,NA,NA,NA,NA,NA,NA,NA,NA,NA,NA,NA,NA,NA,NA,NA,NA,NA,NA,NA,NA,NA,NA,NA,NA,NA,NA,NA,NA,NA,NA,NA,NA,NA,NA,NA,NA,NA,NA,NA,NA,NA,NA,NA,NA,NA,NA,NA,NA,NA,NA,NA,NA,NA,NA,NA,NA,NA,NA,NA,NA,NA,NA,NA,NA,NA,NA,NA,NA,NA,NA,NA,NA,NA,NA,NA,NA,NA,NA,NA,NA,NA,NA,NA,NA,NA,NA,NA,NA,NA,NA,NA,NA,NA,NA,NA,NA,NA,NA,NA,NA,NA,NA,NA,NA,NA,NA,NA,NA,NA,NA,NA,NA,NA,NA,NA,NA,NA,NA,NA,NA,NA,NA,NA,NA,NA,NA,NA,NA,NA,NA,NA,NA,NA,NA,NA,NA,NA,NA,NA,NA,NA,NA,NA,NA,NA,NA,NA,NA,NA,NA,NA,NA,NA,NA,NA,NA,NA,NA,NA,NA,NA,NA,NA,NA,NA,NA,NA,NA,NA,NA,NA,NA,NA,NA,NA,NA,NA,NA,NA,NA,NA,NA,NA,NA,NA,NA,NA,NA,NA,NA,NA,NA,NA,NA,NA,NA,NA,NA,NA,NA,NA,NA,NA,NA,NA,NA,NA,NA,NA,NA,NA,NA,NA,NA,NA,NA,NA,NA,NA,NA,NA,NA,NA,NA,NA,NA,NA,NA,NA,NA,NA,NA,NA,NA,NA,NA,NA,NA,NA,NA,NA,NA,NA,NA,NA,NA,NA,NA,NA,NA,NA,NA,NA,NA,NA,NA,NA,NA,NA,NA,NA,NA,NA,NA,NA,NA,NA,NA,NA,NA,NA,NA,NA,NA,NA,NA,NA,NA,NA,NA,NA,NA,NA,NA,NA,NA,NA,NA,NA,NA,NA,NA,NA,NA
2018,54.487,60.239,65.746,58.769,49.572,77.186,91.731,88.641,83.996,73.29,NA,NA,NA,NA,NA,NA,NA,NA,NA,NA,NA,NA,NA,NA,NA,NA,NA,NA,NA,NA,NA,NA,NA,NA,NA,NA,NA,NA,NA,NA,NA,NA,NA,NA,NA,NA,NA,NA,NA,45.528,86.679,30.569,29.919,29.918,43.577,73.011,44.878,29.918,54.447,48.78,78.443,40.975,76.022,50.081,50.081,52.683,46.864,37.165,38.989,35.076,58.529,56.522,50.615,54.772,61.906,44.97,50.808,46.846,42.945,39.001,73.985,33.066,52.59,48.609,37.059,60.463,NA,NA,NA,NA,NA,NA,NA,NA,NA,NA,NA,NA,NA,NA,NA,NA,NA,NA,NA,NA,NA,NA,NA,NA,NA,NA,NA,NA,NA,NA,NA,NA,NA,NA,NA,NA,NA,NA,NA,NA,NA,NA,NA,NA,NA,NA,NA,NA,NA,NA,NA,NA,NA,NA,NA,NA,NA,NA,NA,NA,NA,NA,NA,NA,NA,NA,NA,NA,NA,NA,NA,NA,NA,NA,NA,NA,NA,NA,NA,NA,NA,NA,NA,NA,NA,NA,NA,NA,NA,NA,NA,NA,NA,NA,NA,NA,NA,NA,NA,NA,NA,NA,NA,NA,NA,NA,NA,NA,NA,NA,NA,NA,NA,NA,NA,NA,NA,NA,NA,NA,NA,NA,NA,NA,NA,NA,NA,NA,NA,NA,NA,NA,NA,NA,NA,NA,NA,NA,NA,NA,NA,NA,NA,NA,NA,NA,NA,NA,NA,NA,NA,NA,NA,NA,NA,NA,NA,NA,NA,NA,NA,NA,NA,NA,NA,NA,NA,NA,NA,NA,NA,NA,NA,NA,NA,NA,NA,NA,NA,NA,NA,NA,NA,NA,NA,NA,NA,NA,NA,NA,NA,NA,NA,NA,NA,NA,NA,NA,NA,NA,NA,NA,NA,NA,NA,NA,NA,NA,NA,NA,NA,NA,NA,NA,NA,NA,NA,NA,NA,NA,NA,NA,NA,NA,NA,NA,NA,NA,NA,NA,NA,NA,NA,NA,NA,NA,NA,NA,NA,NA,NA,NA,NA,NA,NA,NA,NA,NA,NA,NA,NA,NA,NA,NA,NA,NA,NA,NA,NA,NA,NA,NA,NA,NA,NA,NA,NA,NA,NA,NA,NA,NA,NA,NA,NA,NA,NA,NA,NA,NA,NA,NA,NA,NA,NA,NA,NA,NA,NA,NA,NA,NA,NA,NA,NA,NA,NA,NA,NA,NA,NA,NA,NA,NA,NA,NA,NA,NA,NA,NA,NA,NA,NA,NA,NA,NA,NA,NA,NA,NA,NA,NA,NA,NA,NA,NA,NA,NA,NA,NA,NA,NA,NA,NA,NA,NA,NA,NA,NA,NA,NA,NA,NA,NA,NA,NA,NA,NA,NA,NA,NA,NA,NA,NA,NA,NA,NA,NA,NA,NA,NA,NA,NA,NA,NA,NA,NA,NA,NA,NA,NA,NA,NA,NA,NA,NA,NA,NA,NA,NA,NA,NA,NA,NA,NA,NA,NA,NA,NA,NA,NA,NA,NA,NA,NA,NA,NA,NA,NA,NA,NA,NA,NA,NA,NA,NA,NA,NA,NA,NA,NA,NA,NA,NA,NA,NA,NA,NA,NA,NA,NA,NA,NA,NA,NA,NA,NA,NA,NA,NA,NA,NA,NA,NA,NA,NA,NA,NA,NA,NA,NA,NA,NA,NA,NA,NA,NA,NA,NA,NA,NA,NA,NA,NA,NA,NA,NA,NA,NA,NA,NA,NA,NA,NA,NA,NA,NA
2019,57.644,41.192,65.571,70.96,45.509,53.091,78.337,75.523,71.43,63.591,NA,NA,NA,NA,NA,NA,NA,NA,NA,NA,NA,NA,NA,NA,NA,NA,NA,NA,NA,NA,NA,NA,NA,NA,NA,NA,NA,NA,NA,NA,NA,NA,NA,NA,NA,NA,NA,NA,NA,NA,NA,NA,NA,NA,NA,NA,NA,NA,NA,NA,NA,NA,NA,NA,NA,NA,44.861,33.073,42.764,35.098,54.394,58.432,54.411,48.881,56.539,40.978,35.195,33.171,40.987,38.942,52.69,36.931,54.472,50.74,35.029,44.748,NA,NA,NA,NA,NA,NA,NA,NA,NA,NA,NA,NA,NA,NA,NA,NA,NA,NA,NA,NA,NA,NA,NA,NA,NA,NA,NA,NA,NA,NA,NA,NA,NA,NA,NA,NA,NA,NA,NA,NA,NA,NA,NA,NA,NA,NA,NA,NA,NA,NA,NA,NA,NA,NA,NA,NA,NA,NA,NA,NA,NA,NA,NA,NA,NA,NA,NA,NA,NA,NA,NA,NA,NA,NA,NA,NA,NA,NA,NA,NA,NA,NA,NA,NA,NA,NA,NA,NA,NA,NA,NA,NA,NA,NA,NA,NA,NA,NA,NA,NA,NA,NA,NA,NA,NA,NA,NA,NA,NA,NA,NA,NA,NA,NA,NA,NA,NA,NA,NA,NA,NA,NA,NA,NA,NA,NA,NA,NA,NA,NA,NA,NA,NA,NA,NA,NA,NA,NA,NA,NA,NA,NA,NA,NA,NA,NA,NA,NA,NA,NA,NA,NA,NA,NA,NA,NA,NA,NA,NA,NA,NA,NA,NA,NA,NA,NA,NA,NA,NA,NA,NA,NA,NA,NA,NA,NA,NA,NA,NA,NA,NA,NA,NA,NA,NA,NA,NA,NA,NA,NA,NA,NA,NA,NA,NA,NA,NA,NA,NA,NA,NA,NA,NA,NA,NA,NA,NA,NA,NA,NA,NA,NA,NA,NA,NA,NA,NA,NA,NA,NA,NA,NA,NA,NA,NA,NA,NA,NA,NA,NA,NA,NA,NA,NA,NA,NA,NA,NA,NA,NA,NA,NA,NA,NA,NA,NA,NA,NA,NA,NA,NA,NA,NA,NA,NA,NA,NA,NA,NA,NA,NA,NA,NA,NA,NA,NA,NA,NA,NA,NA,NA,NA,NA,NA,NA,NA,NA,NA,NA,NA,NA,NA,NA,NA,NA,NA,NA,NA,NA,NA,NA,NA,NA,NA,NA,NA,NA,NA,NA,NA,NA,NA,NA,NA,NA,NA,NA,NA,NA,NA,NA,NA,NA,NA,NA,NA,NA,NA,NA,NA,NA,NA,NA,NA,NA,NA,NA,NA,NA,NA,NA,NA,NA,NA,NA,NA,NA,NA,NA,NA,NA,NA,NA,NA,NA,NA,NA,NA,NA,NA,NA,NA,NA,NA,NA,NA,NA,NA,NA,NA,NA,NA,NA,NA,NA,NA,NA,NA,NA,NA,NA,NA,NA,NA,NA,NA,NA,NA,NA,NA,NA,NA,NA,NA,NA,NA,NA,NA,NA,NA,NA,NA,NA,NA,NA,NA,NA,NA,NA,NA,NA,NA,NA,NA,NA,NA,NA,NA,NA,NA,NA,NA,NA,NA,NA,NA,NA,NA,NA,NA,NA,NA,NA,NA,NA,NA,NA,NA,NA,NA,NA,NA,NA,NA,NA,NA,NA,NA,NA,NA,NA,NA,NA,NA,NA,NA,NA,NA,NA,NA,NA,NA,NA,NA,NA,NA,NA,NA,NA,NA,NA,NA,NA,NA,NA,NA,NA
2020,NA,NA,NA,NA,NA,NA,NA,NA,NA,NA,NA,NA,NA,NA,NA,NA,NA,NA,NA,NA,NA,NA,NA,NA,NA,NA,NA,NA,NA,NA,NA,NA,NA,NA,NA,NA,NA,NA,NA,NA,NA,NA,NA,NA,NA,NA,NA,NA,NA,NA,NA,NA,NA,NA,NA,NA,NA,NA,NA,NA,NA,NA,NA,NA,NA,NA,38.851,25.234,46.995,33.208,41.147,35.144,50.669,44.834,37.713,36.933,35.205,41.207,44.858,37.053,52.76,31.295,44.832,33.259,33.043,42.998,NA,NA,NA,NA,NA,NA,NA,NA,NA,NA,NA,NA,NA,NA,NA,NA,NA,NA,NA,NA,NA,NA,NA,NA,NA,NA,NA,NA,NA,NA,NA,NA,NA,NA,NA,NA,NA,NA,NA,NA,NA,NA,NA,NA,NA,NA,NA,NA,NA,NA,NA,NA,NA,NA,NA,NA,NA,NA,NA,NA,NA,NA,NA,NA,NA,NA,NA,NA,NA,NA,NA,NA,NA,NA,NA,NA,NA,NA,NA,NA,NA,NA,NA,NA,NA,NA,NA,NA,NA,NA,NA,NA,NA,NA,NA,NA,NA,NA,NA,NA,NA,NA,NA,NA,NA,NA,NA,NA,NA,NA,NA,NA,NA,NA,NA,NA,NA,NA,NA,NA,NA,NA,NA,NA,NA,NA,NA,NA,NA,NA,NA,NA,NA,NA,NA,NA,NA,NA,NA,NA,NA,NA,NA,NA,NA,NA,NA,NA,NA,NA,NA,NA,NA,NA,NA,NA,NA,NA,NA,NA,NA,NA,NA,NA,NA,NA,NA,NA,NA,NA,NA,NA,NA,NA,NA,NA,NA,NA,NA,NA,NA,NA,NA,NA,NA,NA,NA,NA,NA,NA,NA,NA,NA,NA,NA,NA,NA,NA,NA,NA,NA,NA,NA,NA,NA,NA,NA,NA,NA,NA,NA,NA,NA,NA,NA,NA,NA,NA,NA,NA,NA,NA,NA,NA,NA,NA,NA,NA,NA,NA,NA,NA,NA,NA,NA,NA,NA,NA,NA,NA,NA,NA,NA,NA,NA,NA,NA,NA,NA,NA,NA,NA,NA,NA,NA,NA,NA,NA,NA,NA,NA,NA,NA,NA,NA,NA,NA,NA,NA,NA,NA,NA,NA,NA,NA,NA,NA,NA,NA,NA,NA,NA,NA,NA,NA,NA,NA,NA,NA,NA,NA,NA,NA,NA,NA,NA,NA,NA,NA,NA,NA,NA,NA,NA,NA,NA,NA,NA,NA,NA,NA,NA,NA,NA,NA,NA,NA,NA,NA,NA,NA,NA,NA,NA,NA,NA,NA,NA,NA,NA,NA,NA,NA,NA,NA,NA,NA,NA,NA,NA,NA,NA,NA,NA,NA,NA,NA,NA,NA,NA,NA,NA,NA,NA,NA,NA,NA,NA,NA,NA,NA,NA,NA,NA,NA,NA,NA,NA,NA,NA,NA,NA,NA,NA,NA,NA,NA,NA,NA,NA,NA,NA,NA,NA,NA,NA,NA,NA,NA,NA,NA,NA,NA,NA,NA,NA,NA,NA,NA,NA,NA,NA,NA,NA,NA,NA,NA,NA,NA,NA,NA,NA,NA,NA,NA,NA,NA,NA,NA,NA,NA,NA,NA,NA,NA,NA,NA,NA,NA,NA,NA,NA,NA,NA,NA,NA,NA,NA,NA,NA,NA,NA,NA,NA,NA,NA,NA,NA,NA,NA,NA,NA,NA,NA,NA,NA,NA,NA,NA,NA,NA,NA,NA,NA,NA,NA,NA
